month,day,hour,tdb_F,dew_F,rh_pct,ghi_Wm2
1,1,1,50.0,42.98,77,0
1,1,2,50.0,44.06,80,0
1,1,3,50.0,44.96,83,0
1,1,4,50.0,44.96,83,0
1,1,5,50.0,44.96,83,0
1,1,6,50.0,46.04,86,0
1,1,7,50.0,46.94,90,0
1,1,8,50.0,48.02,93,9
1,1,9,50.0,48.92,96,46
1,1,10,51.08,50.0,96,79
1,1,11,53.06,51.08,93,199
1,1,12,53.06,51.08,93,261
1,1,13,53.06,51.08,93,155
1,1,14,53.06,51.98,96,144
1,1,15,51.98,51.08,96,131
1,1,16,46.04,44.06,93,81
1,1,17,44.96,42.08,89,49
1,1,18,44.96,42.08,89,4
1,1,19,44.96,39.92,83,0
1,1,20,44.06,37.94,80,0
1,1,21,41.0,37.94,89,0
1,1,22,41.0,39.02,93,0
1,1,23,41.0,39.02,93,0
1,2,24,41.0,35.96,83,0
1,2,1,39.02,33.08,79,0
1,2,2,37.94,33.08,82,0
1,2,3,37.04,33.08,86,0
1,2,4,37.94,33.08,82,0
1,2,5,37.94,26.06,62,0
1,2,6,37.04,24.08,59,0
1,2,7,35.96,24.08,62,0
1,2,8,35.06,21.92,59,15
1,2,9,35.06,21.92,59,84
1,2,10,35.96,19.94,52,150
1,2,11,37.94,19.94,48,318
1,2,12,37.94,21.02,50,283
1,2,13,39.02,21.92,51,175
1,2,14,39.92,26.06,57,271
1,2,15,39.92,26.06,57,274
1,2,16,41.0,26.96,58,175
1,2,17,37.94,28.04,67,60
1,2,18,35.96,28.04,73,8
1,2,19,35.06,28.94,79,0
1,2,20,33.98,28.94,82,0
1,2,21,33.98,30.02,85,0
1,2,22,33.08,28.94,85,0
1,2,23,32.0,28.04,85,0
1,3,24,32.0,24.98,75,0
1,3,1,32.0,21.92,67,0
1,3,2,32.0,21.92,67,0
1,3,3,30.92,19.04,61,0
1,3,4,30.92,21.02,67,0
1,3,5,30.92,19.94,64,0
1,3,6,30.92,17.96,59,0
1,3,7,30.02,21.92,72,0
1,3,8,28.94,21.92,75,5
1,3,9,28.94,21.92,75,39
1,3,10,28.94,23.0,78,81
1,3,11,28.94,24.08,82,115
1,3,12,28.94,24.98,85,130
1,3,13,28.94,24.98,85,126
1,3,14,28.94,26.96,92,132
1,3,15,30.02,26.96,89,133
1,3,16,28.94,28.04,96,77
1,3,17,28.94,26.96,92,32
1,3,18,28.04,26.06,92,3
1,3,19,28.04,26.06,92,0
1,3,20,28.04,26.06,92,0
1,3,21,28.04,26.06,92,0
1,3,22,28.04,24.98,89,0
1,3,23,28.04,26.96,96,0
1,4,24,28.04,26.06,92,0
1,4,1,28.94,26.96,92,0
1,4,2,30.02,28.04,92,0
1,4,3,30.92,28.94,92,0
1,4,4,30.92,30.02,96,0
1,4,5,30.92,30.02,96,0
1,4,6,32.0,30.92,96,0
1,4,7,32.0,30.92,96,0
1,4,8,32.0,30.92,96,12
1,4,9,33.08,30.92,92,81
1,4,10,33.98,32.0,92,224
1,4,11,35.06,32.0,89,290
1,4,12,35.06,32.0,89,249
1,4,13,35.96,32.0,85,333
1,4,14,39.92,30.02,68,450
1,4,15,41.0,32.0,70,367
1,4,16,39.02,28.94,67,151
1,4,17,39.02,28.04,65,61
1,4,18,39.02,26.96,62,2
1,4,19,35.96,26.96,70,0
1,4,20,35.96,24.08,62,0
1,4,21,35.06,23.0,62,0
1,4,22,33.98,17.06,50,0
1,4,23,33.98,15.98,48,0
1,5,24,33.08,15.08,48,0
1,5,1,30.92,10.94,43,0
1,5,2,28.94,8.06,41,0
1,5,3,28.94,5.0,36,0
1,5,4,28.04,5.0,37,0
1,5,5,26.96,6.08,41,0
1,5,6,26.96,6.08,41,0
1,5,7,26.06,3.92,39,0
1,5,8,26.06,3.92,39,13
1,5,9,26.06,1.94,35,88
1,5,10,26.06,-2.92,28,223
1,5,11,28.04,-4.0,24,303
1,5,12,28.04,-4.0,24,329
1,5,13,28.04,-4.0,24,239
1,5,14,30.02,-2.92,24,294
1,5,15,28.94,-2.92,25,161
1,5,16,28.94,-2.92,25,107
1,5,17,28.94,-2.02,26,71
1,5,18,26.96,-0.94,29,8
1,5,19,24.98,3.02,39,0
1,5,20,24.08,5.0,44,0
1,5,21,23.0,3.02,42,0
1,5,22,23.0,1.94,40,0
1,5,23,21.02,1.94,43,0
1,6,24,19.94,5.0,52,0
1,6,1,21.02,1.04,42,0
1,6,2,21.92,1.04,40,0
1,6,3,19.04,1.04,45,0
1,6,4,17.06,-0.04,47,0
1,6,5,17.06,1.04,49,0
1,6,6,17.06,1.04,49,0
1,6,7,15.98,-0.04,49,0
1,6,8,15.98,-0.94,47,13
1,6,9,15.98,-0.94,47,89
1,6,10,19.04,-0.94,41,260
1,6,11,21.02,-0.94,38,378
1,6,12,23.0,-0.94,35,487
1,6,13,24.98,-2.92,29,474
1,6,14,26.06,-2.92,28,441
1,6,15,26.06,-2.92,28,385
1,6,16,24.98,-2.92,29,146
1,6,17,24.08,1.04,37,45
1,6,18,21.92,1.04,40,2
1,6,19,21.92,1.94,42,0
1,6,20,21.92,3.92,46,0
1,6,21,21.92,1.04,40,0
1,6,22,21.92,3.92,46,0
1,6,23,21.92,3.02,44,0
1,7,24,21.02,-0.04,40,0
1,7,1,19.94,-0.94,39,0
1,7,2,19.04,-0.94,41,0
1,7,3,19.04,-2.92,37,0
1,7,4,19.94,-2.02,38,0
1,7,5,19.04,-2.02,39,0
1,7,6,19.04,-0.94,41,0
1,7,7,15.98,10.94,81,0
1,7,8,15.98,10.94,81,7
1,7,9,15.08,10.94,84,53
1,7,10,14.0,10.04,84,106
1,7,11,15.08,10.94,84,198
1,7,12,15.08,10.04,81,230
1,7,13,15.08,10.04,81,227
1,7,14,15.08,12.02,88,233
1,7,15,15.08,12.02,88,183
1,7,16,15.08,12.02,88,139
1,7,17,15.08,12.02,88,57
1,7,18,15.08,12.02,88,9
1,7,19,15.08,12.02,88,0
1,7,20,15.08,12.02,88,0
1,7,21,15.08,12.02,88,0
1,7,22,15.08,10.94,84,0
1,7,23,15.08,10.94,84,0
1,8,24,15.08,12.02,88,0
1,8,1,15.08,12.02,88,0
1,8,2,15.08,12.02,88,0
1,8,3,15.98,10.94,81,0
1,8,4,15.98,12.92,88,0
1,8,5,17.06,14.0,88,0
1,8,6,17.06,15.08,92,0
1,8,7,17.06,15.08,92,0
1,8,8,17.96,15.98,92,15
1,8,9,19.94,17.96,92,97
1,8,10,21.92,19.04,88,191
1,8,11,23.0,21.02,92,268
1,8,12,24.98,21.92,88,318
1,8,13,26.96,24.08,89,347
1,8,14,28.94,24.98,85,308
1,8,15,30.02,26.06,85,274
1,8,16,30.02,26.96,89,190
1,8,17,30.92,26.96,85,77
1,8,18,30.02,26.96,89,12
1,8,19,30.02,26.96,89,0
1,8,20,30.02,26.96,89,0
1,8,21,26.96,24.98,92,0
1,8,22,24.98,24.08,96,0
1,8,23,23.0,21.92,96,0
1,9,24,23.0,21.92,96,0
1,9,1,21.02,19.94,96,0
1,9,2,21.92,19.94,92,0
1,9,3,26.06,21.02,81,0
1,9,4,26.06,21.02,81,0
1,9,5,26.06,21.02,81,0
1,9,6,21.92,19.04,88,0
1,9,7,23.0,19.04,85,0
1,9,8,24.08,19.94,85,8
1,9,9,24.08,19.94,85,66
1,9,10,26.06,19.04,75,193
1,9,11,28.04,19.94,72,272
1,9,12,30.02,19.94,66,358
1,9,13,30.92,19.94,64,290
1,9,14,30.02,19.04,64,307
1,9,15,30.92,19.04,61,237
1,9,16,30.92,19.04,61,213
1,9,17,30.02,19.04,64,74
1,9,18,28.94,19.94,69,5
1,9,19,24.98,19.04,78,0
1,9,20,24.98,19.94,81,0
1,9,21,21.02,17.96,88,0
1,9,22,21.02,17.96,88,0
1,9,23,17.06,15.08,92,0
1,10,24,15.08,12.02,88,0
1,10,1,15.08,12.02,88,0
1,10,2,12.92,10.94,92,0
1,10,3,15.08,12.92,92,0
1,10,4,15.98,14.0,92,0
1,10,5,14.0,10.94,88,0
1,10,6,15.98,12.92,88,0
1,10,7,15.98,12.92,88,0
1,10,8,15.98,14.0,92,22
1,10,9,17.96,15.08,88,90
1,10,10,19.94,17.06,88,166
1,10,11,23.0,19.04,85,215
1,10,12,24.08,17.96,78,241
1,10,13,26.06,17.96,72,320
1,10,14,26.96,17.96,69,518
1,10,15,28.04,17.96,66,405
1,10,16,28.04,17.06,63,288
1,10,17,28.04,17.06,63,113
1,10,18,24.98,17.06,72,18
1,10,19,24.08,15.98,72,0
1,10,20,21.02,15.08,78,0
1,10,21,19.04,15.08,84,0
1,10,22,19.04,15.08,84,0
1,10,23,17.96,15.08,88,0
1,11,24,17.06,14.0,88,0
1,11,1,17.96,14.0,84,0
1,11,2,15.98,12.02,84,0
1,11,3,14.0,10.04,84,0
1,11,4,12.02,8.96,88,0
1,11,5,10.94,8.06,88,0
1,11,6,10.94,8.06,88,0
1,11,7,12.02,8.96,88,0
1,11,8,10.94,8.96,92,23
1,11,9,15.08,10.94,84,134
1,11,10,19.94,12.92,74,309
1,11,11,24.98,14.0,63,456
1,11,12,28.94,15.08,56,548
1,11,13,33.08,15.08,48,579
1,11,14,35.06,15.98,46,540
1,11,15,37.04,17.06,44,441
1,11,16,37.04,15.98,42,293
1,11,17,35.96,15.98,44,116
1,11,18,30.92,17.06,56,18
1,11,19,28.04,17.96,66,0
1,11,20,24.98,17.96,75,0
1,11,21,24.98,17.96,75,0
1,11,22,21.92,15.08,74,0
1,11,23,19.04,14.0,81,0
1,12,24,21.92,15.98,78,0
1,12,1,17.06,14.0,88,0
1,12,2,15.08,12.02,88,0
1,12,3,15.98,14.0,92,0
1,12,4,14.0,10.94,88,0
1,12,5,10.04,6.98,88,0
1,12,6,12.02,8.96,88,0
1,12,7,10.94,8.06,88,0
1,12,8,8.96,6.08,88,20
1,12,9,15.08,12.02,88,123
1,12,10,21.92,17.06,81,271
1,12,11,30.02,19.94,66,424
1,12,12,37.04,19.04,48,478
1,12,13,39.92,17.06,39,518
1,12,14,42.08,17.06,36,429
1,12,15,42.08,17.06,36,403
1,12,16,42.08,17.96,38,296
1,12,17,39.92,17.96,41,94
1,12,18,35.96,17.96,48,16
1,12,19,33.98,15.98,48,0
1,12,20,32.0,15.08,50,0
1,12,21,30.92,15.08,52,0
1,12,22,30.92,17.06,56,0
1,12,23,30.92,17.06,56,0
1,13,24,32.0,17.96,56,0
1,13,1,33.98,19.94,57,0
1,13,2,33.98,19.04,54,0
1,13,3,33.98,19.94,57,0
1,13,4,33.08,19.94,59,0
1,13,5,32.0,19.94,61,0
1,13,6,33.98,21.92,62,0
1,13,7,35.06,21.92,59,0
1,13,8,35.96,23.0,59,14
1,13,9,33.98,28.04,79,50
1,13,10,33.98,30.92,89,95
1,13,11,37.04,30.92,79,219
1,13,12,39.02,32.0,76,252
1,13,13,42.98,32.0,65,524
1,13,14,46.94,30.92,54,506
1,13,15,48.02,23.0,37,339
1,13,16,44.06,23.0,44,280
1,13,17,39.92,15.98,38,121
1,13,18,37.04,17.06,44,21
1,13,19,33.08,15.08,48,0
1,13,20,30.02,14.0,51,0
1,13,21,28.94,14.0,53,0
1,13,22,26.96,12.02,53,0
1,13,23,26.06,12.02,55,0
1,14,24,24.98,12.02,58,0
1,14,1,23.0,10.04,57,0
1,14,2,21.92,10.04,60,0
1,14,3,21.92,8.06,55,0
1,14,4,21.92,8.06,55,0
1,14,5,21.92,6.98,52,0
1,14,6,21.02,6.98,55,0
1,14,7,21.02,6.98,55,0
1,14,8,21.02,6.08,52,16
1,14,9,24.08,6.08,46,77
1,14,10,24.98,8.06,48,222
1,14,11,26.06,6.98,44,272
1,14,12,26.96,6.98,43,501
1,14,13,28.04,6.98,41,513
1,14,14,28.94,6.98,39,514
1,14,15,28.94,5.0,36,336
1,14,16,28.04,6.08,39,238
1,14,17,26.96,6.98,43,77
1,14,18,26.06,8.06,46,9
1,14,19,24.08,8.06,50,0
1,14,20,24.08,6.98,48,0
1,14,21,24.08,8.96,53,0
1,14,22,23.0,8.06,53,0
1,14,23,23.0,8.06,53,0
1,15,24,23.0,8.96,55,0
1,15,1,21.02,8.06,57,0
1,15,2,19.94,8.06,60,0
1,15,3,19.04,3.92,52,0
1,15,4,19.94,8.06,60,0
1,15,5,17.96,8.06,65,0
1,15,6,17.06,8.06,68,0
1,15,7,15.98,6.98,68,0
1,15,8,15.98,6.98,68,9
1,15,9,17.06,8.06,68,121
1,15,10,19.94,6.98,57,219
1,15,11,23.0,6.98,50,445
1,15,12,26.06,6.98,44,544
1,15,13,28.94,8.06,41,578
1,15,14,30.02,8.06,39,545
1,15,15,30.02,8.96,41,444
1,15,16,30.92,10.04,41,296
1,15,17,30.02,8.96,41,121
1,15,18,28.04,8.96,45,19
1,15,19,24.98,10.94,55,0
1,15,20,21.92,10.94,63,0
1,15,21,23.0,12.92,65,0
1,15,22,19.94,12.02,71,0
1,15,23,19.94,12.02,71,0
1,16,24,17.96,12.02,77,0
1,16,1,17.96,12.02,77,0
1,16,2,17.06,12.02,81,0
1,16,3,17.06,10.04,74,0
1,16,4,15.08,10.04,81,0
1,16,5,14.0,8.96,80,0
1,16,6,15.98,10.04,77,0
1,16,7,15.98,10.04,77,0
1,16,8,14.0,8.96,80,26
1,16,9,19.04,10.94,71,138
1,16,10,30.02,14.0,51,315
1,16,11,33.98,15.98,48,460
1,16,12,35.96,15.98,44,557
1,16,13,39.02,17.06,41,586
1,16,14,39.92,17.06,39,552
1,16,15,41.0,17.96,40,455
1,16,16,42.08,17.96,38,282
1,16,17,39.92,19.94,45,117
1,16,18,37.04,19.04,48,20
1,16,19,35.96,17.96,48,0
1,16,20,33.08,17.96,54,0
1,16,21,32.0,17.06,54,0
1,16,22,28.94,19.04,66,0
1,16,23,28.94,15.98,58,0
1,17,24,28.04,17.96,66,0
1,17,1,26.96,17.06,66,0
1,17,2,26.06,17.06,69,0
1,17,3,24.98,17.06,72,0
1,17,4,26.96,17.96,69,0
1,17,5,26.96,17.96,69,0
1,17,6,26.06,17.96,72,0
1,17,7,26.96,17.96,69,0
1,17,8,26.96,19.94,75,9
1,17,9,30.92,19.94,64,68
1,17,10,33.98,21.92,62,169
1,17,11,44.06,19.94,38,122
1,17,12,42.08,21.92,45,244
1,17,13,44.96,19.94,37,228
1,17,14,44.06,21.02,40,195
1,17,15,42.98,21.92,43,174
1,17,16,42.98,24.98,49,73
1,17,17,39.02,30.02,70,32
1,17,18,37.94,30.92,76,7
1,17,19,37.04,33.08,86,0
1,17,20,35.96,32.0,85,0
1,17,21,35.96,32.0,85,0
1,17,22,35.06,32.0,89,0
1,17,23,35.06,32.0,89,0
1,18,24,35.06,32.0,89,0
1,18,1,35.06,30.92,85,0
1,18,2,35.06,33.98,96,0
1,18,3,33.98,33.98,100,0
1,18,4,35.06,35.06,100,0
1,18,5,33.98,33.98,100,0
1,18,6,33.98,33.98,100,0
1,18,7,33.98,33.98,100,0
1,18,8,35.06,35.06,100,16
1,18,9,35.96,35.96,100,85
1,18,10,35.96,35.96,100,173
1,18,11,37.94,37.94,100,253
1,18,12,44.96,41.0,86,388
1,18,13,48.92,42.08,77,552
1,18,14,55.04,44.96,69,515
1,18,15,59.0,46.04,62,416
1,18,16,59.0,42.98,56,274
1,18,17,57.02,42.98,60,92
1,18,18,48.92,42.08,77,19
1,18,19,44.96,42.08,89,0
1,18,20,42.98,41.0,93,0
1,18,21,42.08,39.92,93,0
1,18,22,41.0,39.92,96,0
1,18,23,39.02,37.94,96,0
1,19,24,33.98,33.98,100,0
1,19,1,33.98,33.98,100,0
1,19,2,35.96,35.96,100,0
1,19,3,35.06,35.06,100,0
1,19,4,33.98,33.98,100,0
1,19,5,35.96,35.96,100,0
1,19,6,37.94,37.94,100,0
1,19,7,39.92,37.94,93,0
1,19,8,41.0,37.94,89,15
1,19,9,42.08,37.04,83,64
1,19,10,42.08,35.06,76,146
1,19,11,42.08,33.98,73,174
1,19,12,41.0,35.06,79,164
1,19,13,39.92,37.04,89,162
1,19,14,39.02,37.04,93,154
1,19,15,37.94,37.04,96,111
1,19,16,37.94,37.04,96,83
1,19,17,37.94,37.04,96,42
1,19,18,37.04,37.04,100,9
1,19,19,37.04,37.04,100,0
1,19,20,37.04,37.04,100,0
1,19,21,37.04,37.04,100,0
1,19,22,37.04,37.04,100,0
1,19,23,37.04,37.04,100,0
1,20,24,37.04,35.96,96,0
1,20,1,37.04,35.96,96,0
1,20,2,35.96,35.96,100,0
1,20,3,37.04,35.96,96,0
1,20,4,37.04,35.96,96,0
1,20,5,37.04,35.96,96,0
1,20,6,37.04,35.96,96,0
1,20,7,37.04,35.96,96,0
1,20,8,37.04,35.96,96,11
1,20,9,37.04,35.96,96,79
1,20,10,37.94,37.04,96,157
1,20,11,39.02,37.94,96,228
1,20,12,39.02,39.02,100,257
1,20,13,39.92,39.92,100,270
1,20,14,42.98,42.98,100,274
1,20,15,46.04,44.96,96,249
1,20,16,48.02,46.94,96,180
1,20,17,46.94,46.04,96,83
1,20,18,48.02,48.02,100,16
1,20,19,50.0,50.0,100,0
1,20,20,48.92,48.02,96,0
1,20,21,48.02,46.94,96,0
1,20,22,50.0,50.0,100,0
1,20,23,51.08,51.08,100,0
1,21,24,51.08,51.08,100,0
1,21,1,51.08,50.0,96,0
1,21,2,51.08,50.0,96,0
1,21,3,50.0,50.0,100,0
1,21,4,48.92,48.92,100,0
1,21,5,46.94,46.94,100,0
1,21,6,44.96,44.96,100,0
1,21,7,42.08,42.08,100,0
1,21,8,42.08,42.08,100,13
1,21,9,42.98,42.08,96,60
1,21,10,48.02,39.02,71,159
1,21,11,48.92,37.94,66,198
1,21,12,50.0,35.96,59,214
1,21,13,51.08,33.98,52,250
1,21,14,51.08,33.98,52,279
1,21,15,53.06,33.98,49,299
1,21,16,51.98,33.08,49,176
1,21,17,51.08,33.08,50,41
1,21,18,48.92,33.98,56,8
1,21,19,48.02,35.96,63,0
1,21,20,46.04,35.96,68,0
1,21,21,42.98,30.02,60,0
1,21,22,39.92,28.94,65,0
1,21,23,39.02,28.04,65,0
1,22,24,37.94,26.06,62,0
1,22,1,37.04,24.08,59,0
1,22,2,37.04,24.08,59,0
1,22,3,37.04,24.08,59,0
1,22,4,37.04,24.08,59,0
1,22,5,37.94,23.0,55,0
1,22,6,37.94,24.08,57,0
1,22,7,37.04,24.08,59,0
1,22,8,37.04,24.08,59,9
1,22,9,37.04,24.98,62,49
1,22,10,37.94,24.08,57,177
1,22,11,39.92,24.08,53,181
1,22,12,42.08,23.0,47,456
1,22,13,44.06,24.08,45,381
1,22,14,44.96,24.08,44,426
1,22,15,44.06,24.98,47,191
1,22,16,44.06,24.08,45,136
1,22,17,42.08,24.08,49,79
1,22,18,41.0,21.92,47,11
1,22,19,39.92,21.92,49,0
1,22,20,37.94,24.08,57,0
1,22,21,37.04,24.08,59,0
1,22,22,37.04,21.92,55,0
1,22,23,37.04,19.94,50,0
1,23,24,35.96,21.02,55,0
1,23,1,35.96,21.92,57,0
1,23,2,33.08,21.02,61,0
1,23,3,33.98,23.0,64,0
1,23,4,33.08,21.92,64,0
1,23,5,30.92,21.02,67,0
1,23,6,32.0,23.0,69,0
1,23,7,33.08,21.92,64,0
1,23,8,28.94,19.94,69,16
1,23,9,33.98,21.92,62,115
1,23,10,37.04,19.94,50,300
1,23,11,41.0,19.04,41,449
1,23,12,42.98,17.96,37,547
1,23,13,44.06,17.96,35,579
1,23,14,44.06,17.96,35,511
1,23,15,44.96,17.96,34,407
1,23,16,44.96,17.96,34,306
1,23,17,42.98,17.96,37,134
1,23,18,39.02,19.04,45,22
1,23,19,37.04,19.04,48,0
1,23,20,33.98,19.94,57,0
1,23,21,33.98,19.04,54,0
1,23,22,33.08,19.94,59,0
1,23,23,32.0,19.94,61,0
1,24,24,30.92,19.94,64,0
1,24,1,30.02,19.94,66,0
1,24,2,28.04,19.94,72,0
1,24,3,30.02,21.02,69,0
1,24,4,26.96,21.02,78,0
1,24,5,26.06,21.02,81,0
1,24,6,24.98,19.94,81,0
1,24,7,26.06,21.02,81,0
1,24,8,24.98,21.02,85,19
1,24,9,32.0,24.08,72,118
1,24,10,39.02,26.06,60,167
1,24,11,39.92,24.08,53,225
1,24,12,44.96,24.98,46,544
1,24,13,48.02,24.98,41,552
1,24,14,50.0,26.06,39,536
1,24,15,51.08,24.98,36,407
1,24,16,50.0,26.06,39,276
1,24,17,50.0,24.08,36,113
1,24,18,46.94,24.98,42,15
1,24,19,44.06,24.98,47,0
1,24,20,42.98,24.08,47,0
1,24,21,42.98,24.98,49,0
1,24,22,42.98,26.06,51,0
1,24,23,44.06,26.06,49,0
1,25,24,42.98,26.06,51,0
1,25,1,42.08,26.96,55,0
1,25,2,42.08,26.96,55,0
1,25,3,41.0,28.04,60,0
1,25,4,39.92,30.92,70,0
1,25,5,39.92,33.08,76,0
1,25,6,39.02,35.96,89,0
1,25,7,39.02,37.04,93,0
1,25,8,39.02,37.04,93,7
1,25,9,37.94,37.04,96,39
1,25,10,37.94,37.04,96,102
1,25,11,37.94,35.96,93,148
1,25,12,37.94,35.96,93,136
1,25,13,37.94,35.96,93,137
1,25,14,37.94,35.96,93,161
1,25,15,37.94,35.96,93,121
1,25,16,37.04,35.06,93,108
1,25,17,37.04,35.06,93,49
1,25,18,37.04,35.96,96,12
1,25,19,37.04,35.96,96,0
1,25,20,37.04,35.96,96,0
1,25,21,35.96,33.98,93,0
1,25,22,33.98,32.0,92,0
1,25,23,33.08,32.0,96,0
1,26,24,30.92,30.02,96,0
1,26,1,32.0,28.04,85,0
1,26,2,30.92,26.06,82,0
1,26,3,33.08,23.0,67,0
1,26,4,30.02,15.08,54,0
1,26,5,26.06,10.04,51,0
1,26,6,23.0,3.92,44,0
1,26,7,21.02,1.94,43,0
1,26,8,19.94,3.92,50,23
1,26,9,21.02,3.02,46,141
1,26,10,23.0,5.0,46,323
1,26,11,24.08,6.08,46,469
1,26,12,26.06,6.98,44,484
1,26,13,28.94,8.96,43,394
1,26,14,26.96,6.98,43,499
1,26,15,28.94,6.98,39,332
1,26,16,28.04,5.0,37,272
1,26,17,26.96,1.94,34,145
1,26,18,24.98,1.04,35,29
1,26,19,23.0,1.94,40,0
1,26,20,21.92,3.92,46,0
1,26,21,21.02,5.0,50,0
1,26,22,21.02,6.08,52,0
1,26,23,19.94,6.98,57,0
1,27,24,19.04,6.98,59,0
1,27,1,17.96,8.06,65,0
1,27,2,17.06,8.96,71,0
1,27,3,15.98,8.06,71,0
1,27,4,15.98,8.06,71,0
1,27,5,17.06,8.96,71,0
1,27,6,15.98,8.06,71,0
1,27,7,15.08,8.06,74,0
1,27,8,15.08,8.96,77,19
1,27,9,21.92,10.94,63,129
1,27,10,24.98,10.04,53,305
1,27,11,28.04,10.94,49,452
1,27,12,30.92,12.02,45,553
1,27,13,30.92,10.04,41,591
1,27,14,33.98,10.94,38,507
1,27,15,33.08,8.96,37,439
1,27,16,33.98,6.98,32,315
1,27,17,33.08,5.0,30,140
1,27,18,28.94,8.06,41,25
1,27,19,26.96,10.04,49,0
1,27,20,26.96,12.02,53,0
1,27,21,26.06,10.94,53,0
1,27,22,21.92,12.02,65,0
1,27,23,19.94,14.0,78,0
1,28,24,19.94,12.92,74,0
1,28,1,19.94,12.02,71,0
1,28,2,19.04,12.02,74,0
1,28,3,17.96,12.92,81,0
1,28,4,17.06,12.92,84,0
1,28,5,17.96,12.02,77,0
1,28,6,15.08,10.94,84,0
1,28,7,19.94,12.92,74,0
1,28,8,21.02,14.0,74,23
1,28,9,26.06,19.04,75,104
1,28,10,30.92,17.06,56,313
1,28,11,37.94,15.98,41,480
1,28,12,39.02,15.98,39,561
1,28,13,41.0,17.06,38,614
1,28,14,42.98,17.06,35,586
1,28,15,42.98,17.96,37,492
1,28,16,44.06,17.96,35,345
1,28,17,42.08,19.04,40,164
1,28,18,39.02,17.96,43,33
1,28,19,35.06,19.04,52,0
1,28,20,33.08,19.04,56,0
1,28,21,30.92,19.94,64,0
1,28,22,28.94,19.94,69,0
1,28,23,28.04,19.94,72,0
1,29,24,26.96,19.04,72,0
1,29,1,26.06,19.04,75,0
1,29,2,24.98,19.94,81,0
1,29,3,24.98,19.94,81,0
1,29,4,24.08,19.94,85,0
1,29,5,26.06,19.94,78,0
1,29,6,23.0,19.04,85,0
1,29,7,24.98,19.04,78,0
1,29,8,24.98,19.94,81,33
1,29,9,28.04,21.02,75,161
1,29,10,33.08,21.92,64,343
1,29,11,39.02,21.92,51,494
1,29,12,46.04,21.92,39,592
1,29,13,48.02,21.92,36,628
1,29,14,51.98,23.0,32,598
1,29,15,53.06,24.98,34,502
1,29,16,53.06,24.98,34,353
1,29,17,51.98,24.98,35,173
1,29,18,44.96,24.98,46,36
1,29,19,44.96,24.98,46,0
1,29,20,39.92,26.06,57,0
1,29,21,35.96,26.06,67,0
1,29,22,33.08,24.98,73,0
1,29,23,33.98,24.98,70,0
1,30,24,33.98,24.98,70,0
1,30,1,35.96,24.98,64,0
1,30,2,33.98,24.98,70,0
1,30,3,33.08,24.08,70,0
1,30,4,35.06,26.06,70,0
1,30,5,37.94,26.06,62,0
1,30,6,37.04,26.06,65,0
1,30,7,35.06,24.98,67,0
1,30,8,33.98,24.98,70,28
1,30,9,39.92,28.04,62,118
1,30,10,46.94,26.96,46,292
1,30,11,53.06,28.04,38,457
1,30,12,57.02,30.92,37,401
1,30,13,57.92,30.92,36,541
1,30,14,59.0,30.92,35,507
1,30,15,60.08,32.0,35,391
1,30,16,60.98,30.92,32,230
1,30,17,57.92,32.0,38,133
1,30,18,55.94,32.0,40,31
1,30,19,51.08,32.0,48,0
1,30,20,48.92,32.0,52,0
1,30,21,50.0,30.92,48,0
1,30,22,46.04,30.92,56,0
1,30,23,46.04,30.02,54,0
1,31,24,48.02,30.02,50,0
1,31,1,46.04,28.94,52,0
1,31,2,44.96,28.04,52,0
1,31,3,42.98,32.0,65,0
1,31,4,42.98,37.94,83,0
1,31,5,44.06,42.08,93,0
1,31,6,44.96,42.98,93,0
1,31,7,42.08,41.0,96,0
1,31,8,42.98,42.98,100,18
1,31,9,48.02,44.96,89,98
1,31,10,50.0,46.04,86,117
1,31,11,53.96,46.94,77,212
1,31,12,57.92,48.02,70,266
1,31,13,62.96,50.0,63,418
1,31,14,64.94,48.02,54,430
1,31,15,64.04,46.04,52,249
1,31,16,64.04,46.04,52,207
1,31,17,62.06,46.04,56,117
1,31,18,60.08,46.94,62,18
1,31,19,57.92,46.04,65,0
1,31,20,57.02,46.04,67,0
1,31,21,57.92,46.94,67,0
1,31,22,53.78,42.08,80,0
1,31,23,49.64,37.22,93,0
2,1,24,45.5,32.36,93,0
2,1,1,41.36,27.68,49,0
2,1,2,37.22,22.82,42,0
2,1,3,33.08,17.96,42,0
2,1,4,28.94,12.92,46,0
2,1,5,28.94,15.08,52,0
2,1,6,28.94,17.96,59,0
2,1,7,28.94,19.94,65,0
2,1,8,28.94,19.04,63,6
2,1,9,28.94,17.96,59,53
2,1,10,28.94,17.06,57,106
2,1,11,28.94,17.06,57,149
2,1,12,28.94,15.98,54,177
2,1,13,30.02,15.98,51,187
2,1,14,30.02,15.98,51,179
2,1,15,30.02,15.98,51,153
2,1,16,30.02,17.96,57,112
2,1,17,30.02,17.96,57,59
2,1,18,30.02,17.96,57,9
2,1,19,30.02,17.96,57,0
2,1,20,30.02,17.96,57,0
2,1,21,28.94,19.04,63,0
2,1,22,28.94,19.04,63,0
2,1,23,28.94,19.04,63,0
2,2,24,28.94,19.04,63,0
2,2,1,26.96,21.92,79,0
2,2,2,26.06,24.08,91,0
2,2,3,26.06,24.08,91,0
2,2,4,26.96,26.06,96,0
2,2,5,26.96,26.06,96,0
2,2,6,28.94,28.04,96,0
2,2,7,30.02,28.94,95,0
2,2,8,30.92,30.02,96,6
2,2,9,30.92,28.94,91,57
2,2,10,30.92,30.02,96,92
2,2,11,30.92,30.02,96,128
2,2,12,32.0,30.92,95,152
2,2,13,32.0,30.02,91,134
2,2,14,32.0,30.92,95,128
2,2,15,32.0,30.92,95,110
2,2,16,32.0,30.02,91,97
2,2,17,30.02,28.94,95,44
2,2,18,28.94,28.04,96,11
2,2,19,28.04,26.96,95,0
2,2,20,26.96,24.98,91,0
2,2,21,24.98,23.0,91,0
2,2,22,24.08,1.94,33,0
2,2,23,23.0,11.12,56,0
2,3,24,23.0,19.94,86,0
2,3,1,21.92,19.94,91,0
2,3,2,21.92,19.94,91,0
2,3,3,21.92,19.94,91,0
2,3,4,21.02,19.94,95,0
2,3,5,21.02,17.96,86,0
2,3,6,19.94,17.96,91,0
2,3,7,19.94,17.96,91,0
2,3,8,19.94,17.06,87,7
2,3,9,21.02,17.06,83,53
2,3,10,21.92,17.96,83,107
2,3,11,21.92,17.96,83,150
2,3,12,21.92,17.96,83,178
2,3,13,21.92,17.06,79,189
2,3,14,21.92,17.96,83,181
2,3,15,21.92,19.04,87,155
2,3,16,21.92,17.96,83,113
2,3,17,21.92,17.96,83,60
2,3,18,21.92,19.04,87,10
2,3,19,21.92,19.04,87,0
2,3,20,19.94,17.06,87,0
2,3,21,19.04,15.08,82,0
2,3,22,19.04,15.08,82,0
2,3,23,17.96,12.92,78,0
2,4,24,17.06,12.02,78,0
2,4,1,15.98,10.94,78,0
2,4,2,15.08,10.04,78,0
2,4,3,14.0,8.96,78,0
2,4,4,12.92,8.96,82,0
2,4,5,10.94,8.06,87,0
2,4,6,10.04,5.0,77,0
2,4,7,8.96,3.92,77,0
2,4,8,8.96,3.02,74,21
2,4,9,10.94,3.02,67,152
2,4,10,12.92,5.0,67,250
2,4,11,14.0,5.0,64,294
2,4,12,15.98,6.08,61,477
2,4,13,15.98,6.98,64,515
2,4,14,17.96,10.04,68,188
2,4,15,15.98,10.94,78,163
2,4,16,17.96,8.96,64,122
2,4,17,17.06,10.94,74,68
2,4,18,17.06,12.02,78,13
2,4,19,14.0,8.06,74,0
2,4,20,12.02,5.0,70,0
2,4,21,10.94,1.94,63,0
2,4,22,10.04,1.04,63,0
2,4,23,8.06,1.04,70,0
2,5,24,6.98,1.04,74,0
2,5,1,6.08,-0.04,73,0
2,5,2,6.08,-0.94,70,0
2,5,3,5.0,-0.94,73,0
2,5,4,3.92,-0.94,78,0
2,5,5,1.94,-0.94,86,0
2,5,6,1.94,-2.02,81,0
2,5,7,1.94,-2.02,81,0
2,5,8,3.02,-0.94,81,20
2,5,9,8.06,1.04,70,166
2,5,10,10.94,3.02,67,350
2,5,11,12.92,5.0,67,499
2,5,12,15.98,6.98,64,572
2,5,13,17.96,10.04,68,634
2,5,14,19.94,12.92,71,473
2,5,15,21.02,15.08,75,343
2,5,16,21.02,15.98,78,320
2,5,17,21.92,17.06,79,183
2,5,18,21.02,17.06,83,30
2,5,19,19.94,17.06,87,0
2,5,20,17.96,15.98,91,0
2,5,21,17.96,15.98,91,0
2,5,22,17.06,15.08,91,0
2,5,23,17.06,15.08,91,0
2,6,24,17.06,14.0,86,0
2,6,1,15.08,14.0,95,0
2,6,2,15.98,14.0,91,0
2,6,3,17.06,14.0,86,0
2,6,4,15.08,12.92,90,0
2,6,5,12.92,10.94,91,0
2,6,6,15.98,14.0,91,0
2,6,7,15.08,12.02,86,0
2,6,8,15.08,12.02,86,23
2,6,9,21.02,14.0,71,177
2,6,10,26.06,17.06,65,364
2,6,11,28.04,15.08,54,519
2,6,12,30.02,17.06,54,620
2,6,13,30.02,19.94,62,658
2,6,14,30.92,19.94,60,628
2,6,15,33.08,21.02,57,535
2,6,16,33.08,23.0,63,387
2,6,17,33.08,24.08,66,203
2,6,18,32.0,24.98,72,36
2,6,19,28.94,26.96,91,0
2,6,20,28.04,24.98,87,0
2,6,21,28.04,26.06,91,0
2,6,22,24.98,24.08,96,0
2,6,23,23.0,21.92,95,0
2,7,24,24.98,24.08,96,0
2,7,1,24.98,23.0,91,0
2,7,2,24.98,21.02,83,0
2,7,3,24.98,21.02,83,0
2,7,4,24.08,19.94,82,0
2,7,5,21.92,19.94,91,0
2,7,6,24.08,21.02,86,0
2,7,7,24.08,21.02,86,0
2,7,8,24.98,21.92,86,9
2,7,9,26.96,21.92,79,122
2,7,10,30.02,24.98,79,220
2,7,11,33.08,24.98,69,401
2,7,12,35.06,26.96,70,426
2,7,13,37.04,28.04,68,437
2,7,14,39.92,30.02,67,450
2,7,15,42.08,30.92,64,387
2,7,16,42.08,30.02,61,113
2,7,17,41.0,30.92,67,60
2,7,18,37.04,30.92,78,13
2,7,19,37.94,30.92,75,0
2,7,20,37.94,32.0,79,0
2,7,21,35.96,32.0,85,0
2,7,22,39.02,30.02,69,0
2,7,23,37.04,33.08,85,0
2,8,24,37.04,33.98,89,0
2,8,1,37.04,33.98,89,0
2,8,2,37.04,33.98,89,0
2,8,3,37.04,33.98,89,0
2,8,4,37.04,33.98,89,0
2,8,5,37.94,33.08,82,0
2,8,6,37.94,33.08,82,0
2,8,7,37.94,33.08,82,0
2,8,8,39.02,32.0,76,16
2,8,9,39.92,32.0,73,126
2,8,10,44.06,33.08,65,254
2,8,11,44.06,32.0,62,274
2,8,12,46.94,33.08,58,338
2,8,13,48.02,33.98,58,357
2,8,14,48.92,35.06,59,176
2,8,15,48.92,35.96,61,458
2,8,16,48.92,37.94,66,238
2,8,17,51.98,41.0,66,199
2,8,18,51.98,42.98,71,23
2,8,19,51.08,44.06,77,0
2,8,20,51.98,44.96,77,0
2,8,21,51.98,44.96,77,0
2,8,22,53.06,44.96,74,0
2,8,23,51.08,46.04,83,0
2,9,24,51.98,46.04,80,0
2,9,1,51.08,48.92,92,0
2,9,2,48.92,48.02,97,0
2,9,3,48.92,48.02,97,0
2,9,4,48.92,48.02,97,0
2,9,5,46.94,46.04,97,0
2,9,6,44.06,42.08,93,0
2,9,7,42.08,41.0,96,0
2,9,8,44.06,41.0,89,22
2,9,9,48.02,42.08,80,166
2,9,10,51.08,37.94,61,346
2,9,11,53.96,35.06,49,503
2,9,12,53.96,33.08,45,590
2,9,13,55.04,30.92,39,620
2,9,14,55.04,28.94,36,605
2,9,15,55.04,30.02,38,514
2,9,16,55.04,26.96,33,349
2,9,17,53.06,26.96,35,191
2,9,18,51.08,24.98,35,34
2,9,19,46.04,24.98,42,0
2,9,20,42.98,26.96,51,0
2,9,21,37.04,28.94,71,0
2,9,22,39.92,26.96,58,0
2,9,23,37.04,28.04,68,0
2,10,24,35.96,26.96,68,0
2,10,1,33.98,28.04,77,0
2,10,2,35.96,26.96,68,0
2,10,3,35.06,26.96,70,0
2,10,4,37.04,26.06,62,0
2,10,5,30.92,26.96,83,0
2,10,6,33.98,26.96,73,0
2,10,7,37.94,26.96,63,0
2,10,8,37.04,26.96,65,29
2,10,9,39.02,30.92,72,185
2,10,10,48.92,32.0,52,342
2,10,11,53.06,32.0,44,514
2,10,12,55.94,30.92,38,588
2,10,13,57.92,32.0,37,632
2,10,14,60.98,32.0,33,606
2,10,15,62.06,32.0,32,530
2,10,16,62.06,32.0,32,390
2,10,17,60.98,32.0,33,214
2,10,18,55.94,32.0,40,43
2,10,19,53.06,32.0,44,0
2,10,20,51.08,32.0,48,0
2,10,21,50.0,32.0,50,0
2,10,22,50.0,32.0,50,0
2,10,23,53.06,37.94,56,0
2,11,24,53.06,42.08,66,0
2,11,1,53.06,44.06,71,0
2,11,2,51.08,46.04,83,0
2,11,3,48.92,46.04,90,0
2,11,4,50.0,46.94,89,0
2,11,5,48.92,48.02,97,0
2,11,6,50.0,48.02,93,0
2,11,7,48.02,46.94,96,0
2,11,8,51.08,48.92,92,21
2,11,9,53.96,51.98,93,40
2,11,10,59.0,51.08,75,307
2,11,11,60.08,39.02,46,435
2,11,12,60.98,33.08,35,580
2,11,13,60.08,28.94,30,649
2,11,14,60.08,26.06,26,613
2,11,15,59.0,24.08,25,517
2,11,16,55.94,24.08,28,371
2,11,17,51.98,21.92,29,185
2,11,18,46.04,21.02,35,34
2,11,19,42.98,19.94,37,0
2,11,20,41.0,21.02,42,0
2,11,21,39.92,21.92,46,0
2,11,22,37.04,21.92,51,0
2,11,23,35.06,21.92,55,0
2,12,24,35.06,21.92,55,0
2,12,1,35.06,21.92,55,0
2,12,2,33.98,21.02,55,0
2,12,3,33.98,19.94,52,0
2,12,4,33.98,19.94,52,0
2,12,5,33.08,19.04,52,0
2,12,6,33.08,17.96,49,0
2,12,7,30.92,19.04,57,0
2,12,8,32.0,17.96,52,24
2,12,9,33.08,17.06,47,146
2,12,10,33.98,17.06,46,339
2,12,11,37.04,14.0,35,314
2,12,12,39.02,12.92,31,362
2,12,13,37.94,14.0,34,377
2,12,14,39.02,14.0,32,193
2,12,15,39.92,14.0,31,277
2,12,16,39.02,12.02,29,331
2,12,17,37.04,10.04,29,142
2,12,18,35.06,10.04,31,32
2,12,19,33.08,10.94,35,0
2,12,20,30.92,10.04,37,0
2,12,21,30.02,10.94,40,0
2,12,22,28.94,8.96,38,0
2,12,23,28.94,10.04,40,0
2,13,24,28.94,10.94,42,0
2,13,1,28.04,12.92,48,0
2,13,2,26.06,12.92,53,0
2,13,3,24.98,12.92,56,0
2,13,4,23.0,12.92,61,0
2,13,5,23.0,12.02,59,0
2,13,6,23.0,12.02,59,0
2,13,7,21.92,12.02,62,0
2,13,8,23.0,15.08,68,34
2,13,9,28.04,8.06,38,204
2,13,10,30.92,8.06,33,395
2,13,11,33.08,10.04,33,552
2,13,12,35.96,12.02,33,654
2,13,13,37.04,10.94,30,693
2,13,14,39.02,10.94,28,638
2,13,15,39.92,12.02,28,533
2,13,16,41.0,12.02,27,361
2,13,17,41.0,14.0,30,211
2,13,18,39.02,15.98,35,47
2,13,19,39.02,17.06,37,0
2,13,20,37.94,17.06,39,0
2,13,21,37.04,17.96,42,0
2,13,22,37.04,19.04,44,0
2,13,23,37.94,19.04,43,0
2,14,24,39.92,21.02,44,0
2,14,1,39.02,21.92,47,0
2,14,2,39.02,21.92,47,0
2,14,3,39.92,21.92,46,0
2,14,4,42.08,21.92,42,0
2,14,5,41.0,21.92,44,0
2,14,6,41.0,23.0,46,0
2,14,7,37.94,23.0,52,0
2,14,8,39.02,23.0,50,34
2,14,9,41.0,24.08,48,189
2,14,10,46.04,24.98,42,366
2,14,11,46.94,26.06,42,385
2,14,12,51.98,28.04,39,503
2,14,13,53.96,26.96,34,482
2,14,14,53.96,28.94,37,358
2,14,15,55.04,28.94,36,170
2,14,16,53.06,30.02,41,128
2,14,17,51.98,30.92,44,74
2,14,18,50.0,32.0,50,18
2,14,19,48.92,32.0,52,0
2,14,20,46.04,32.0,58,0
2,14,21,44.06,32.0,62,0
2,14,22,39.92,32.0,73,0
2,14,23,42.08,32.0,67,0
2,15,24,44.06,32.0,62,0
2,15,1,42.98,32.0,65,0
2,15,2,42.98,32.0,65,0
2,15,3,41.0,32.0,70,0
2,15,4,41.0,32.0,70,0
2,15,5,41.0,32.0,70,0
2,15,6,41.0,32.0,70,0
2,15,7,41.0,32.0,70,0
2,15,8,39.92,30.92,70,28
2,15,9,46.04,30.92,55,134
2,15,10,46.94,30.92,53,265
2,15,11,48.92,28.94,45,384
2,15,12,50.0,30.02,45,608
2,15,13,51.98,26.96,37,270
2,15,14,53.06,28.04,37,441
2,15,15,53.96,30.02,39,420
2,15,16,55.04,24.98,30,363
2,15,17,53.96,26.96,34,226
2,15,18,51.98,24.98,33,53
2,15,19,46.04,28.04,48,0
2,15,20,46.04,24.08,40,0
2,15,21,42.98,21.92,41,0
2,15,22,39.92,23.0,48,0
2,15,23,39.02,21.92,47,0
2,16,24,37.94,21.92,49,0
2,16,1,37.04,24.08,57,0
2,16,2,35.06,28.04,74,0
2,16,3,33.98,30.02,84,0
2,16,4,33.08,30.02,87,0
2,16,5,32.0,28.94,87,0
2,16,6,30.92,28.04,88,0
2,16,7,30.02,26.96,87,0
2,16,8,28.94,26.96,91,14
2,16,9,28.04,24.98,87,46
2,16,10,28.04,26.06,91,110
2,16,11,28.04,26.06,91,130
2,16,12,28.04,24.98,87,129
2,16,13,28.94,24.08,80,196
2,16,14,28.04,24.98,87,131
2,16,15,30.02,26.06,83,134
2,16,16,30.02,26.96,87,98
2,16,17,30.02,26.06,83,63
2,16,18,30.02,17.96,57,22
2,16,19,30.02,12.92,44,0
2,16,20,28.94,12.02,44,0
2,16,21,28.04,8.96,40,0
2,16,22,26.06,8.96,44,0
2,16,23,24.98,8.96,46,0
2,17,24,24.08,8.96,48,0
2,17,1,23.0,6.98,46,0
2,17,2,21.92,6.08,46,0
2,17,3,21.02,3.92,43,0
2,17,4,21.02,3.92,43,0
2,17,5,19.04,5.0,50,0
2,17,6,19.94,3.92,45,0
2,17,7,19.04,3.92,47,0
2,17,8,19.94,5.0,48,39
2,17,9,23.0,5.0,41,153
2,17,10,24.08,5.0,39,381
2,17,11,26.06,6.08,38,392
2,17,12,26.96,6.08,36,384
2,17,13,28.04,6.98,36,471
2,17,14,30.02,8.96,36,289
2,17,15,30.92,10.04,37,435
2,17,16,32.0,10.94,37,270
2,17,17,33.08,14.0,41,105
2,17,18,32.0,14.0,43,55
2,17,19,32.0,12.02,39,0
2,17,20,30.02,12.02,42,0
2,17,21,28.94,17.06,57,0
2,17,22,28.94,17.06,57,0
2,17,23,30.02,15.98,51,0
2,18,24,28.94,12.92,46,0
2,18,1,28.04,12.92,48,0
2,18,2,26.96,14.0,54,0
2,18,3,28.94,15.08,52,0
2,18,4,30.02,19.04,60,0
2,18,5,32.0,19.04,54,0
2,18,6,32.0,17.96,52,0
2,18,7,26.96,17.06,62,0
2,18,8,30.02,15.98,51,41
2,18,9,33.98,15.08,41,227
2,18,10,35.96,15.08,38,378
2,18,11,37.04,17.06,40,418
2,18,12,37.94,17.96,41,535
2,18,13,39.02,17.96,39,578
2,18,14,41.0,17.96,36,525
2,18,15,42.08,17.06,33,395
2,18,16,41.0,15.98,33,324
2,18,17,42.08,15.98,31,243
2,18,18,37.94,17.06,39,58
2,18,19,35.96,17.06,42,0
2,18,20,35.06,15.98,41,0
2,18,21,33.98,17.06,46,0
2,18,22,32.0,15.98,47,0
2,18,23,32.0,17.06,49,0
2,19,24,30.92,15.98,49,0
2,19,1,30.02,15.98,51,0
2,19,2,28.94,17.06,57,0
2,19,3,28.94,15.98,54,0
2,19,4,30.02,15.98,51,0
2,19,5,28.94,15.98,54,0
2,19,6,26.96,17.06,62,0
2,19,7,26.96,17.96,65,0
2,19,8,28.94,19.04,63,26
2,19,9,30.02,21.02,66,201
2,19,10,33.98,24.08,64,257
2,19,11,39.02,26.96,60,346
2,19,12,46.94,30.92,53,648
2,19,13,51.08,32.0,48,623
2,19,14,53.96,32.0,43,582
2,19,15,55.94,30.92,38,495
2,19,16,57.02,32.0,38,394
2,19,17,55.04,30.92,39,201
2,19,18,53.96,32.0,43,60
2,19,19,51.98,32.0,46,0
2,19,20,51.08,32.0,48,0
2,19,21,50.0,32.0,50,0
2,19,22,48.02,32.0,54,0
2,19,23,48.02,35.96,63,0
2,20,24,48.92,35.06,59,0
2,20,1,48.02,35.06,61,0
2,20,2,48.02,35.06,61,0
2,20,3,46.94,35.96,65,0
2,20,4,48.02,37.04,66,0
2,20,5,46.94,37.94,71,0
2,20,6,44.06,39.02,82,0
2,20,7,44.06,41.0,89,0
2,20,8,42.98,42.08,97,13
2,20,9,44.06,42.98,96,50
2,20,10,46.04,46.04,100,90
2,20,11,51.08,50.0,96,121
2,20,12,53.06,51.98,96,141
2,20,13,53.06,51.98,96,148
2,20,14,53.96,53.06,97,171
2,20,15,53.96,53.06,97,149
2,20,16,53.96,53.06,97,135
2,20,17,53.96,53.06,97,79
2,20,18,53.06,53.06,100,22
2,20,19,51.08,51.08,100,0
2,20,20,48.92,48.92,100,0
2,20,21,48.92,48.92,100,0
2,20,22,48.02,48.02,100,0
2,20,23,46.04,46.04,100,0
2,21,24,46.04,46.04,100,0
2,21,1,46.94,46.94,100,0
2,21,2,46.94,46.94,100,0
2,21,3,46.94,46.94,100,0
2,21,4,46.94,46.94,100,0
2,21,5,46.04,46.04,100,0
2,21,6,46.04,46.04,100,0
2,21,7,44.96,44.96,100,0
2,21,8,44.96,44.96,100,13
2,21,9,44.96,44.96,100,54
2,21,10,46.04,46.04,100,94
2,21,11,46.94,46.94,100,125
2,21,12,48.02,48.02,100,144
2,21,13,51.98,48.92,89,151
2,21,14,55.04,50.0,83,441
2,21,15,57.92,50.0,75,532
2,21,16,59.0,50.0,72,435
2,21,17,57.92,50.0,75,257
2,21,18,55.94,50.0,80,48
2,21,19,51.98,48.92,89,0
2,21,20,51.08,48.92,92,0
2,21,21,48.02,46.94,96,0
2,21,22,46.94,46.94,100,0
2,21,23,44.96,44.96,100,0
2,22,24,46.04,46.04,100,0
2,22,1,46.94,46.04,97,0
2,22,2,48.02,48.02,100,0
2,22,3,48.02,46.94,96,0
2,22,4,48.02,48.02,100,0
2,22,5,44.96,44.96,100,0
2,22,6,46.94,46.94,100,0
2,22,7,46.94,46.94,100,0
2,22,8,48.02,48.02,100,26
2,22,9,51.08,51.08,100,150
2,22,10,53.96,51.98,93,359
2,22,11,57.02,53.06,87,339
2,22,12,57.02,53.06,87,624
2,22,13,57.02,53.06,87,310
2,22,14,57.02,53.96,89,340
2,22,15,59.0,55.04,87,217
2,22,16,60.08,53.96,80,136
2,22,17,60.08,53.96,80,224
2,22,18,60.08,53.96,80,37
2,22,19,57.92,53.96,87,0
2,22,20,57.02,53.96,89,0
2,22,21,55.94,53.06,90,0
2,22,22,55.94,53.96,93,0
2,22,23,53.96,53.06,97,0
2,23,24,53.96,53.96,100,0
2,23,1,53.06,53.06,100,0
2,23,2,53.06,53.06,100,0
2,23,3,53.06,53.06,100,0
2,23,4,53.06,53.06,100,0
2,23,5,51.98,51.98,100,0
2,23,6,51.98,51.98,100,0
2,23,7,51.08,51.08,100,0
2,23,8,51.98,51.98,100,16
2,23,9,51.98,51.98,100,43
2,23,10,51.98,51.98,100,82
2,23,11,54.86,52.88,93,114
2,23,12,56.84,52.88,87,135
2,23,13,57.02,53.06,87,171
2,23,14,59.0,53.96,83,164
2,23,15,59.0,53.96,83,141
2,23,16,60.08,53.96,80,123
2,23,17,60.98,53.96,78,125
2,23,18,59.0,53.96,83,44
2,23,19,57.02,53.96,89,0
2,23,20,55.94,53.06,90,0
2,23,21,53.96,51.98,93,0
2,23,22,51.98,51.08,97,0
2,23,23,51.98,51.08,97,0
2,24,24,55.94,53.96,93,0
2,24,1,57.92,55.94,93,0
2,24,2,59.0,57.02,93,0
2,24,3,57.92,57.02,97,0
2,24,4,57.92,56.84,96,0
2,24,5,59.0,57.92,96,0
2,24,6,59.0,57.92,96,0
2,24,7,59.0,53.06,81,0
2,24,8,57.92,33.98,40,53
2,24,9,55.94,24.08,28,234
2,24,10,57.92,26.96,30,428
2,24,11,59.0,26.96,28,587
2,24,12,59.0,23.0,24,690
2,24,13,60.98,19.94,19,728
2,24,14,62.96,19.04,17,698
2,24,15,64.94,19.04,16,602
2,24,16,66.02,19.94,16,448
2,24,17,64.94,19.04,16,256
2,24,18,60.08,19.94,20,70
2,24,19,55.94,21.02,24,0
2,24,20,53.06,19.94,25,0
2,24,21,50.0,21.02,30,0
2,24,22,46.94,23.0,37,0
2,24,23,46.94,23.0,37,0
2,25,24,46.94,21.02,33,0
2,25,1,44.96,21.02,36,0
2,25,2,44.96,21.92,38,0
2,25,3,44.96,21.02,36,0
2,25,4,42.98,24.08,45,0
2,25,5,44.06,21.92,39,0
2,25,6,42.98,23.0,43,0
2,25,7,44.06,26.06,47,0
2,25,8,48.02,26.06,41,63
2,25,9,55.04,26.06,31,253
2,25,10,62.06,21.92,20,448
2,25,11,64.04,21.02,18,605
2,25,12,66.92,24.08,19,706
2,25,13,69.08,23.0,17,743
2,25,14,71.06,21.92,15,712
2,25,15,71.96,24.08,16,616
2,25,16,71.96,24.08,16,464
2,25,17,68.0,24.08,18,272
2,25,18,64.04,24.08,21,80
2,25,19,62.96,23.0,20,0
2,25,20,59.0,24.98,26,0
2,25,21,57.92,26.96,30,0
2,25,22,57.92,28.04,31,0
2,25,23,57.02,28.04,32,0
2,26,24,55.04,28.04,34,0
2,26,1,53.06,28.94,39,0
2,26,2,51.98,28.94,40,0
2,26,3,51.08,28.94,42,0
2,26,4,50.0,28.94,43,0
2,26,5,48.02,30.02,49,0
2,26,6,46.94,30.92,53,0
2,26,7,44.96,30.92,57,0
2,26,8,50.0,32.0,50,68
2,26,9,55.94,33.98,43,257
2,26,10,62.96,33.08,33,450
2,26,11,69.98,37.04,30,605
2,26,12,73.94,39.92,29,705
2,26,13,75.92,44.96,33,742
2,26,14,75.92,44.06,32,712
2,26,15,75.92,46.04,35,618
2,26,16,75.92,48.02,37,468
2,26,17,73.94,48.02,40,278
2,26,18,71.06,48.92,45,85
2,26,19,66.02,48.92,54,0
2,26,20,66.92,48.92,52,0
2,26,21,62.06,48.02,60,0
2,26,22,62.06,48.02,60,0
2,26,23,57.92,48.02,70,0
2,27,24,60.08,48.02,64,0
2,27,1,55.94,48.02,75,0
2,27,2,53.96,42.08,64,0
2,27,3,51.98,37.94,59,0
2,27,4,51.98,39.02,61,0
2,27,5,51.98,37.94,59,0
2,27,6,48.92,39.92,71,0
2,27,7,48.92,39.92,71,0
2,27,8,51.08,41.0,68,74
2,27,9,53.96,39.92,59,250
2,27,10,59.0,39.02,47,427
2,27,11,62.96,41.0,44,564
2,27,12,66.92,44.06,44,698
2,27,13,68.0,46.04,45,752
2,27,14,71.06,48.02,44,722
2,27,15,73.04,48.92,42,627
2,27,16,75.92,51.08,42,477
2,27,17,73.94,51.98,46,286
2,27,18,71.96,51.98,49,90
2,27,19,71.06,53.96,55,1
2,27,20,68.0,53.96,61,0
2,27,21,66.02,53.96,65,0
2,27,22,66.92,55.04,66,0
2,27,23,66.02,55.94,70,0
2,28,24,64.94,55.94,73,0
2,28,1,64.94,57.02,76,0
2,28,2,64.94,57.02,76,0
2,28,3,64.04,57.02,78,0
2,28,4,62.96,56.84,80,0
2,28,5,62.96,57.02,81,0
2,28,6,62.06,57.02,84,0
2,28,7,60.98,57.02,87,0
2,28,8,60.98,57.92,90,63
2,28,9,62.06,57.92,86,156
2,28,10,64.04,56.84,77,384
2,28,11,66.02,55.94,70,251
2,28,12,66.92,55.94,68,615
2,28,13,66.92,48.02,51,629
2,28,14,64.04,42.98,46,645
2,28,15,64.94,33.08,30,603
2,28,16,64.04,28.04,25,444
2,28,17,64.04,30.02,27,258
2,28,18,60.08,21.02,21,81
2,28,19,57.02,24.08,27,0
2,28,20,57.02,23.0,25,0
2,28,21,55.04,21.92,26,0
2,28,22,52.88,23.72,31,0
2,28,23,50.72,25.34,34,0
3,1,24,48.56,26.96,35,0
3,1,1,46.4,28.4,46,0
3,1,2,44.24,30.02,50,0
3,1,3,42.08,31.64,49,0
3,1,4,39.92,33.08,76,0
3,1,5,39.02,33.98,82,0
3,1,6,37.94,35.06,89,0
3,1,7,37.04,33.08,86,3
3,1,8,39.02,26.96,62,68
3,1,9,39.02,26.06,60,224
3,1,10,44.06,26.06,49,354
3,1,11,44.96,24.98,46,484
3,1,12,48.92,24.98,39,729
3,1,13,48.92,24.08,38,544
3,1,14,48.92,21.02,33,555
3,1,15,50.0,23.0,35,324
3,1,16,48.92,24.08,38,144
3,1,17,48.92,24.08,38,109
3,1,18,48.02,24.08,39,37
3,1,19,46.94,24.98,42,4
3,1,20,46.94,24.98,42,0
3,1,21,44.96,28.94,54,0
3,1,22,42.98,30.02,60,0
3,1,23,42.98,28.04,56,0
3,2,24,41.0,28.94,62,0
3,2,1,39.92,30.92,70,0
3,2,2,39.92,32.0,73,0
3,2,3,41.0,30.92,68,0
3,2,4,39.02,32.0,76,0
3,2,5,39.92,33.98,79,0
3,2,6,41.0,35.06,79,0
3,2,7,41.0,35.06,79,2
3,2,8,42.98,37.04,80,40
3,2,9,44.96,37.94,77,80
3,2,10,46.94,39.92,77,139
3,2,11,48.02,41.0,77,178
3,2,12,46.94,42.98,86,207
3,2,13,46.94,44.06,89,211
3,2,14,46.94,44.96,93,232
3,2,15,48.02,46.04,93,185
3,2,16,48.02,46.04,93,143
3,2,17,48.02,46.94,96,100
3,2,18,48.92,46.94,93,36
3,2,19,48.02,48.02,100,4
3,2,20,48.02,48.02,100,0
3,2,21,48.92,48.02,96,0
3,2,22,48.02,48.02,100,0
3,2,23,50.0,48.92,96,0
3,3,24,50.0,48.92,96,0
3,3,1,50.0,48.92,96,0
3,3,2,50.0,50.0,100,0
3,3,3,48.92,48.92,100,0
3,3,4,48.02,48.02,100,0
3,3,5,46.94,46.94,100,0
3,3,6,46.94,46.94,100,0
3,3,7,48.02,46.94,96,3
3,3,8,48.02,46.94,96,32
3,3,9,48.92,48.02,96,152
3,3,10,48.92,46.94,93,143
3,3,11,48.92,48.02,96,185
3,3,12,50.0,48.02,93,202
3,3,13,51.08,48.92,93,218
3,3,14,50.0,44.96,83,461
3,3,15,55.94,44.96,67,461
3,3,16,57.02,37.94,49,355
3,3,17,57.02,32.0,39,287
3,3,18,55.04,33.08,44,77
3,3,19,51.08,33.08,50,10
3,3,20,42.98,37.94,83,0
3,3,21,42.08,35.96,79,0
3,3,22,44.06,35.06,71,0
3,3,23,46.94,30.92,54,0
3,4,24,44.96,30.02,56,0
3,4,1,44.06,30.02,58,0
3,4,2,42.98,30.02,60,0
3,4,3,41.0,26.06,55,0
3,4,4,39.92,24.08,53,0
3,4,5,37.94,23.0,55,0
3,4,6,35.96,21.92,57,0
3,4,7,35.96,21.02,55,7
3,4,8,39.02,19.04,45,93
3,4,9,42.08,19.04,40,298
3,4,10,42.98,24.08,47,496
3,4,11,44.96,24.08,44,658
3,4,12,48.02,23.0,37,760
3,4,13,51.08,19.94,30,799
3,4,14,51.98,24.08,34,767
3,4,15,51.98,21.92,31,669
3,4,16,53.96,21.92,29,512
3,4,17,53.96,23.0,30,314
3,4,18,50.0,26.06,39,105
3,4,19,46.94,26.06,44,11
3,4,20,44.96,26.96,49,0
3,4,21,42.98,28.04,56,0
3,4,22,41.0,30.02,65,0
3,4,23,41.0,30.02,65,0
3,5,24,39.02,28.94,67,0
3,5,1,37.94,28.94,70,0
3,5,2,37.04,28.94,73,0
3,5,3,35.96,28.94,76,0
3,5,4,35.06,28.94,79,0
3,5,5,33.08,28.94,85,0
3,5,6,33.08,28.94,85,0
3,5,7,32.0,28.94,89,5
3,5,8,35.96,30.92,82,86
3,5,9,42.08,32.0,68,224
3,5,10,46.04,33.98,63,401
3,5,11,50.0,35.06,57,586
3,5,12,53.96,37.94,55,705
3,5,13,57.02,37.94,49,696
3,5,14,57.92,37.94,48,335
3,5,15,60.08,37.94,44,587
3,5,16,60.08,37.04,43,453
3,5,17,60.08,35.96,41,288
3,5,18,55.94,37.94,51,104
3,5,19,51.08,35.96,57,11
3,5,20,48.92,35.96,61,0
3,5,21,50.0,35.96,59,0
3,5,22,46.04,35.96,68,0
3,5,23,46.04,35.96,68,0
3,6,24,44.96,35.06,68,0
3,6,1,42.08,35.06,76,0
3,6,2,42.98,33.98,71,0
3,6,3,42.08,32.0,68,0
3,6,4,42.98,30.92,63,0
3,6,5,37.04,32.0,82,0
3,6,6,35.96,32.0,85,0
3,6,7,37.04,32.0,82,2
3,6,8,42.08,35.96,79,62
3,6,9,51.98,39.92,64,222
3,6,10,59.0,35.06,41,465
3,6,11,62.96,35.96,37,601
3,6,12,64.94,35.96,34,728
3,6,13,66.92,35.96,32,759
3,6,14,69.08,37.04,31,681
3,6,15,69.08,37.04,31,628
3,6,16,69.08,33.98,28,474
3,6,17,68.0,35.06,30,275
3,6,18,62.96,35.96,37,86
3,6,19,62.06,33.98,35,6
3,6,20,57.02,35.96,46,0
3,6,21,53.06,37.94,57,0
3,6,22,53.06,37.94,57,0
3,6,23,55.04,37.04,51,0
3,7,24,51.08,35.06,55,0
3,7,1,48.02,33.98,59,0
3,7,2,44.06,33.98,68,0
3,7,3,41.0,32.0,70,0
3,7,4,39.92,30.92,70,0
3,7,5,39.02,30.02,70,0
3,7,6,37.04,28.94,73,0
3,7,7,35.96,28.04,73,7
3,7,8,35.96,26.06,67,81
3,7,9,37.04,24.98,62,219
3,7,10,37.94,19.94,48,262
3,7,11,39.92,19.94,45,616
3,7,12,42.08,19.94,41,646
3,7,13,44.06,19.04,37,727
3,7,14,46.04,17.06,31,691
3,7,15,46.04,17.06,31,583
3,7,16,46.04,17.06,31,444
3,7,17,44.96,17.96,34,277
3,7,18,42.98,17.06,35,81
3,7,19,41.0,17.96,40,11
3,7,20,39.92,17.96,41,0
3,7,21,39.02,17.96,43,0
3,7,22,37.04,17.06,44,0
3,7,23,35.96,15.08,42,0
3,8,24,35.06,15.08,44,0
3,8,1,32.0,17.06,54,0
3,8,2,30.92,17.06,56,0
3,8,3,30.92,17.96,59,0
3,8,4,30.92,19.94,64,0
3,8,5,30.92,19.04,61,0
3,8,6,30.92,19.94,64,0
3,8,7,30.92,19.94,64,6
3,8,8,30.92,19.04,61,46
3,8,9,32.0,19.04,59,184
3,8,10,33.98,17.96,52,212
3,8,11,37.04,17.96,46,459
3,8,12,39.92,15.08,36,428
3,8,13,42.08,15.08,33,341
3,8,14,42.08,14.0,32,303
3,8,15,42.08,14.0,32,260
3,8,16,42.98,17.06,35,232
3,8,17,42.08,17.06,36,148
3,8,18,42.08,19.04,40,65
3,8,19,42.08,21.02,43,5
3,8,20,42.08,21.92,45,0
3,8,21,42.08,24.98,51,0
3,8,22,41.0,26.96,58,0
3,8,23,41.0,28.94,62,0
3,9,24,39.92,24.98,55,0
3,9,1,37.94,30.02,73,0
3,9,2,35.96,33.98,93,0
3,9,3,35.96,33.08,89,0
3,9,4,37.04,35.06,93,0
3,9,5,37.04,35.06,93,0
3,9,6,37.94,35.96,93,0
3,9,7,37.94,37.04,96,3
3,9,8,39.02,37.94,96,33
3,9,9,42.08,39.92,93,167
3,9,10,46.94,44.06,89,237
3,9,11,46.94,44.06,89,312
3,9,12,51.98,46.04,80,355
3,9,13,53.06,46.04,77,411
3,9,14,55.04,46.94,75,563
3,9,15,57.92,48.92,72,553
3,9,16,57.92,50.0,75,459
3,9,17,57.02,50.0,78,285
3,9,18,55.04,50.0,83,104
3,9,19,51.98,48.92,90,11
3,9,20,50.0,48.02,93,0
3,9,21,50.0,48.92,96,0
3,9,22,50.0,48.92,96,0
3,9,23,50.0,48.02,93,0
3,10,24,48.92,48.02,96,0
3,10,1,48.02,46.94,96,0
3,10,2,48.92,48.02,96,0
3,10,3,46.04,44.96,96,0
3,10,4,50.0,46.94,90,0
3,10,5,51.98,46.04,80,0
3,10,6,50.0,44.96,83,0
3,10,7,46.94,42.98,86,9
3,10,8,55.04,46.94,75,100
3,10,9,60.08,48.02,65,291
3,10,10,66.02,48.02,53,510
3,10,11,68.0,46.94,47,661
3,10,12,69.98,48.02,46,722
3,10,13,71.06,46.94,43,740
3,10,14,73.04,44.96,37,763
3,10,15,75.02,46.94,37,639
3,10,16,73.94,46.94,38,481
3,10,17,73.04,48.02,41,291
3,10,18,69.08,48.02,47,104
3,10,19,66.02,48.02,53,10
3,10,20,62.06,48.92,63,0
3,10,21,62.06,48.02,60,0
3,10,22,57.92,48.92,72,0
3,10,23,57.92,48.92,72,0
3,11,24,55.94,48.92,78,0
3,11,1,57.92,50.0,75,0
3,11,2,55.04,48.92,80,0
3,11,3,55.94,50.0,80,0
3,11,4,53.96,50.0,86,0
3,11,5,53.06,48.92,86,0
3,11,6,51.08,48.92,93,0
3,11,7,48.92,48.02,96,13
3,11,8,57.02,53.06,87,114
3,11,9,64.04,55.94,75,318
3,11,10,68.0,55.94,66,468
3,11,11,73.04,57.92,60,555
3,11,12,77.0,57.92,52,669
3,11,13,78.08,57.02,49,757
3,11,14,80.96,55.94,42,588
3,11,15,80.96,55.94,42,581
3,11,16,80.96,55.94,42,487
3,11,17,80.06,55.94,44,291
3,11,18,75.02,55.04,50,87
3,11,19,71.96,55.04,55,14
3,11,20,69.08,55.04,61,0
3,11,21,66.02,55.04,68,0
3,11,22,64.04,55.04,73,0
3,11,23,64.04,55.04,73,0
3,12,24,64.04,53.96,70,0
3,12,1,62.96,53.96,73,0
3,12,2,62.06,53.96,75,0
3,12,3,60.08,53.06,78,0
3,12,4,59.0,53.06,81,0
3,12,5,59.0,53.06,81,0
3,12,6,57.92,53.06,84,0
3,12,7,57.92,53.06,84,11
3,12,8,62.06,55.04,78,87
3,12,9,68.0,55.94,66,284
3,12,10,75.02,55.94,52,473
3,12,11,78.98,55.04,44,571
3,12,12,80.96,53.06,38,669
3,12,13,82.94,51.98,34,551
3,12,14,84.02,51.98,33,718
3,12,15,84.92,51.08,31,562
3,12,16,84.02,50.0,31,424
3,12,17,82.94,50.0,32,208
3,12,18,78.08,51.98,41,82
3,12,19,75.92,51.08,42,2
3,12,20,69.98,51.98,53,0
3,12,21,64.04,53.06,68,0
3,12,22,64.94,53.06,65,0
3,12,23,66.92,51.98,59,0
3,13,24,64.94,51.98,63,0
3,13,1,60.98,51.08,70,0
3,13,2,62.06,51.98,70,0
3,13,3,57.02,51.08,81,0
3,13,4,57.92,51.98,81,0
3,13,5,60.98,51.08,70,0
3,13,6,60.08,51.08,72,0
3,13,7,62.06,51.08,67,10
3,13,8,60.08,53.06,78,77
3,13,9,69.98,53.96,57,239
3,13,10,78.98,51.08,38,511
3,13,11,82.04,51.08,34,636
3,13,12,82.94,50.0,32,735
3,13,13,82.94,48.92,31,734
3,13,14,84.92,50.0,30,717
3,13,15,84.02,48.92,30,441
3,13,16,82.94,48.92,31,390
3,13,17,80.96,48.92,33,244
3,13,18,78.98,48.92,35,70
3,13,19,75.92,48.92,39,10
3,13,20,69.08,53.96,59,0
3,13,21,71.96,51.08,48,0
3,13,22,68.0,51.08,55,0
3,13,23,64.04,53.06,68,0
3,14,24,64.04,51.08,63,0
3,14,1,64.04,50.0,61,0
3,14,2,60.98,50.0,67,0
3,14,3,60.08,50.0,70,0
3,14,4,59.0,50.0,72,0
3,14,5,57.02,50.0,78,0
3,14,6,57.92,51.08,78,0
3,14,7,57.02,51.08,81,8
3,14,8,59.0,53.96,84,81
3,14,9,68.0,55.94,66,240
3,14,10,73.04,55.04,53,428
3,14,11,78.08,55.94,47,650
3,14,12,80.06,53.96,41,729
3,14,13,80.96,53.96,39,723
3,14,14,80.06,53.96,41,676
3,14,15,80.96,51.08,35,469
3,14,16,78.98,51.98,39,323
3,14,17,77.0,51.98,42,249
3,14,18,75.02,51.98,45,59
3,14,19,71.06,53.06,53,7
3,14,20,69.98,53.06,55,0
3,14,21,69.08,53.06,57,0
3,14,22,66.92,53.06,61,0
3,14,23,68.0,55.94,66,0
3,15,24,66.92,57.02,70,0
3,15,1,64.94,57.02,76,0
3,15,2,62.96,57.02,81,0
3,15,3,60.98,57.02,87,0
3,15,4,59.0,57.02,93,0
3,15,5,60.08,57.92,93,0
3,15,6,60.08,57.92,93,0
3,15,7,60.08,57.92,93,7
3,15,8,62.96,60.08,90,65
3,15,9,66.92,60.08,78,180
3,15,10,71.06,60.98,71,341
3,15,11,71.06,59.0,66,226
3,15,12,71.06,57.92,64,505
3,15,13,73.94,59.0,60,627
3,15,14,69.08,62.06,79,155
3,15,15,69.08,64.04,84,279
3,15,16,69.98,62.06,76,188
3,15,17,68.0,62.96,84,136
3,15,18,68.0,62.06,81,44
3,15,19,66.02,62.06,87,8
3,15,20,66.02,62.96,90,0
3,15,21,64.94,64.04,97,0
3,15,22,64.94,62.96,93,0
3,15,23,64.94,62.96,93,0
3,16,24,64.94,62.96,93,0
3,16,1,64.94,62.96,93,0
3,16,2,64.94,62.96,93,0
3,16,3,64.94,64.04,97,0
3,16,4,64.94,62.96,93,0
3,16,5,64.94,62.96,93,0
3,16,6,66.02,62.96,90,0
3,16,7,66.02,62.96,90,9
3,16,8,66.02,62.96,90,81
3,16,9,69.08,64.04,84,158
3,16,10,71.96,64.94,79,252
3,16,11,69.08,64.94,87,347
3,16,12,68.0,64.94,90,231
3,16,13,71.06,66.02,84,375
3,16,14,71.96,64.04,76,374
3,16,15,69.98,64.94,84,333
3,16,16,73.04,64.04,74,269
3,16,17,71.96,62.96,73,177
3,16,18,71.06,62.96,76,73
3,16,19,69.08,64.04,84,14
3,16,20,71.06,62.06,73,0
3,16,21,71.06,62.06,73,0
3,16,22,69.08,60.98,76,0
3,16,23,68.0,60.08,76,0
3,17,24,66.92,60.98,81,0
3,17,1,68.0,62.06,81,0
3,17,2,66.92,60.98,81,0
3,17,3,66.92,60.08,78,0
3,17,4,64.94,60.98,87,0
3,17,5,64.04,62.06,93,0
3,17,6,66.02,64.04,93,0
3,17,7,68.0,64.04,87,15
3,17,8,68.0,64.04,87,71
3,17,9,69.08,64.04,84,178
3,17,10,69.98,64.04,81,267
3,17,11,69.98,64.04,81,332
3,17,12,66.92,64.04,90,214
3,17,13,66.92,62.96,87,427
3,17,14,66.02,62.06,87,392
3,17,15,64.04,62.06,93,210
3,17,16,60.98,59.0,93,149
3,17,17,60.98,60.08,97,96
3,17,18,60.08,59.0,97,47
3,17,19,57.92,55.94,93,12
3,17,20,55.94,48.92,78,0
3,17,21,55.04,51.98,90,0
3,17,22,55.04,53.06,93,0
3,17,23,53.96,48.92,83,0
3,18,24,53.06,48.02,83,0
3,18,1,53.06,46.04,77,0
3,18,2,53.06,44.96,74,0
3,18,3,51.98,44.06,74,0
3,18,4,50.0,39.92,69,0
3,18,5,46.94,35.96,66,0
3,18,6,42.98,35.96,76,0
3,18,7,44.06,35.06,71,18
3,18,8,50.0,37.04,61,131
3,18,9,53.96,37.04,53,340
3,18,10,55.94,35.06,45,541
3,18,11,57.92,35.06,42,665
3,18,12,59.0,33.08,38,761
3,18,13,60.98,33.08,35,802
3,18,14,62.06,28.04,28,727
3,18,15,62.96,30.92,30,656
3,18,16,62.06,32.0,33,501
3,18,17,62.06,30.02,30,307
3,18,18,60.98,26.96,28,113
3,18,19,57.02,28.94,34,13
3,18,20,53.06,30.02,42,0
3,18,21,51.98,33.08,49,0
3,18,22,48.92,35.06,59,0
3,18,23,48.92,37.04,64,0
3,19,24,48.92,37.94,66,0
3,19,1,48.02,37.94,69,0
3,19,2,48.92,39.92,71,0
3,19,3,48.02,39.02,71,0
3,19,4,48.92,39.92,71,0
3,19,5,46.94,39.02,74,0
3,19,6,46.94,39.92,77,0
3,19,7,44.96,39.02,80,22
3,19,8,51.98,39.92,64,110
3,19,9,60.08,35.96,41,245
3,19,10,60.08,37.94,44,303
3,19,11,62.06,39.92,45,253
3,19,12,64.04,41.0,43,415
3,19,13,66.92,41.0,39,583
3,19,14,68.0,39.92,36,731
3,19,15,66.92,37.94,35,635
3,19,16,66.92,39.02,36,495
3,19,17,66.92,37.94,35,280
3,19,18,64.94,37.04,36,102
3,19,19,60.98,39.02,44,18
3,19,20,59.0,35.96,42,0
3,19,21,59.0,39.02,48,0
3,19,22,50.0,35.96,59,0
3,19,23,46.94,33.98,61,0
3,20,24,42.08,33.98,73,0
3,20,1,37.94,32.0,79,0
3,20,2,35.06,30.92,85,0
3,20,3,32.0,30.92,96,0
3,20,4,32.0,30.92,96,0
3,20,5,30.92,28.04,89,0
3,20,6,30.92,28.04,89,0
3,20,7,30.92,26.96,85,17
3,20,8,32.0,24.08,72,124
3,20,9,35.06,24.08,64,350
3,20,10,37.04,24.08,59,481
3,20,11,39.92,23.0,51,674
3,20,12,39.92,21.92,49,534
3,20,13,42.08,21.02,43,865
3,20,14,41.0,19.94,43,694
3,20,15,42.98,17.96,37,571
3,20,16,42.98,19.04,38,530
3,20,17,42.08,15.08,33,342
3,20,18,39.92,14.0,35,142
3,20,19,35.96,15.08,42,21
3,20,20,35.06,15.98,46,0
3,20,21,33.98,17.06,50,0
3,20,22,32.0,17.96,56,0
3,20,23,32.0,17.96,56,0
3,21,24,30.92,19.04,61,0
3,21,1,28.94,19.04,66,0
3,21,2,30.02,19.04,64,0
3,21,3,30.92,17.96,59,0
3,21,4,30.02,19.04,64,0
3,21,5,26.96,21.02,78,0
3,21,6,26.06,19.94,78,0
3,21,7,26.06,21.92,85,31
3,21,8,33.98,23.0,64,172
3,21,9,39.02,21.92,51,389
3,21,10,44.06,21.02,40,591
3,21,11,48.02,21.02,34,750
3,21,12,51.08,23.0,34,852
3,21,13,53.06,24.08,32,883
3,21,14,55.94,24.98,30,847
3,21,15,59.0,26.06,28,740
3,21,16,60.08,24.98,26,578
3,21,17,59.0,24.98,27,374
3,21,18,55.94,24.98,30,156
3,21,19,53.06,26.06,35,27
3,21,20,48.92,26.06,41,0
3,21,21,46.04,28.94,52,0
3,21,22,44.06,30.02,58,0
3,21,23,42.98,28.04,56,0
3,22,24,41.0,28.04,60,0
3,22,1,42.98,26.96,53,0
3,22,2,39.92,26.96,60,0
3,22,3,37.94,26.96,65,0
3,22,4,37.94,26.06,62,0
3,22,5,35.06,26.96,73,0
3,22,6,35.96,26.06,67,0
3,22,7,33.98,28.04,79,29
3,22,8,44.06,30.92,60,170
3,22,9,51.98,30.02,43,353
3,22,10,57.02,30.02,36,532
3,22,11,62.06,30.02,30,689
3,22,12,64.04,30.02,28,788
3,22,13,66.02,30.92,27,874
3,22,14,66.92,30.02,25,831
3,22,15,66.92,30.02,25,727
3,22,16,66.92,30.92,26,568
3,22,17,66.02,30.92,27,328
3,22,18,64.94,30.92,28,132
3,22,19,60.98,30.92,32,20
3,22,20,59.0,33.08,38,0
3,22,21,59.0,33.08,38,0
3,22,22,55.94,33.98,44,0
3,22,23,53.06,35.06,51,0
3,23,24,53.06,33.98,49,0
3,23,1,53.06,35.06,51,0
3,23,2,53.96,33.98,47,0
3,23,3,51.98,35.96,55,0
3,23,4,50.0,37.04,61,0
3,23,5,48.02,37.94,69,0
3,23,6,46.94,37.04,68,0
3,23,7,46.94,35.06,63,30
3,23,8,53.96,32.0,43,173
3,23,9,60.08,32.0,35,389
3,23,10,64.04,32.0,30,589
3,23,11,68.0,32.0,26,748
3,23,12,69.98,32.0,25,806
3,23,13,71.06,32.0,24,871
3,23,14,73.04,32.0,22,824
3,23,15,73.94,30.02,20,732
3,23,16,73.94,30.92,21,569
3,23,17,73.04,30.92,21,335
3,23,18,71.06,30.92,23,140
3,23,19,66.92,30.02,25,23
3,23,20,62.06,37.94,41,0
3,23,21,59.0,39.92,50,0
3,23,22,55.04,39.02,55,0
3,23,23,53.96,39.02,57,0
3,24,24,53.06,39.02,59,0
3,24,1,50.0,37.94,64,0
3,24,2,51.08,37.04,59,0
3,24,3,51.08,35.96,57,0
3,24,4,53.06,35.06,51,0
3,24,5,48.92,37.04,64,0
3,24,6,46.94,37.04,68,0
3,24,7,46.04,37.04,71,21
3,24,8,46.94,37.04,68,130
3,24,9,48.02,37.04,66,186
3,24,10,48.92,37.04,64,554
3,24,11,53.06,37.04,55,675
3,24,12,53.96,37.04,53,626
3,24,13,55.04,35.96,49,293
3,24,14,55.94,37.04,49,296
3,24,15,53.06,33.98,49,269
3,24,16,48.92,33.08,54,236
3,24,17,46.94,33.08,58,176
3,24,18,44.96,33.98,66,71
3,24,19,42.08,37.94,86,14
3,24,20,39.92,37.04,89,0
3,24,21,39.92,37.04,89,0
3,24,22,39.92,35.96,86,0
3,24,23,39.02,33.98,82,0
3,25,24,39.02,32.0,76,0
3,25,1,39.02,30.92,73,0
3,25,2,39.02,30.92,73,0
3,25,3,39.02,30.92,73,0
3,25,4,39.02,32.0,76,0
3,25,5,37.94,30.92,76,0
3,25,6,37.94,30.92,76,0
3,25,7,37.94,30.92,76,20
3,25,8,39.02,32.0,76,91
3,25,9,39.02,32.0,76,222
3,25,10,39.02,35.06,86,280
3,25,11,39.92,37.04,89,352
3,25,12,42.08,37.04,83,428
3,25,13,46.94,37.04,68,591
3,25,14,51.08,39.02,64,581
3,25,15,55.04,30.92,40,614
3,25,16,55.04,32.0,42,529
3,25,17,53.06,32.0,45,232
3,25,18,51.98,28.04,40,138
3,25,19,50.0,26.06,39,21
3,25,20,48.92,21.92,35,0
3,25,21,48.92,41.0,74,0
3,25,22,48.02,41.0,77,0
3,25,23,48.02,41.0,77,0
3,26,24,46.94,42.08,83,0
3,26,1,46.04,42.98,89,0
3,26,2,46.04,42.98,89,0
3,26,3,44.96,42.98,93,0
3,26,4,44.96,42.98,93,0
3,26,5,44.96,42.98,93,0
3,26,6,44.06,39.92,86,0
3,26,7,44.06,37.94,80,10
3,26,8,44.06,35.96,74,76
3,26,9,44.96,30.92,58,161
3,26,10,48.02,30.92,52,452
3,26,11,51.08,32.0,48,603
3,26,12,55.04,30.92,40,806
3,26,13,55.94,30.92,39,798
3,26,14,57.02,30.92,37,762
3,26,15,59.0,30.92,35,628
3,26,16,57.92,28.04,32,301
3,26,17,55.94,28.04,34,137
3,26,18,55.04,28.94,37,71
3,26,19,53.96,30.02,40,9
3,26,20,51.98,33.08,49,0
3,26,21,51.98,32.0,47,0
3,26,22,50.0,35.06,57,0
3,26,23,48.92,30.92,50,0
3,27,24,46.94,26.06,44,0
3,27,1,44.96,24.08,44,0
3,27,2,44.06,24.08,45,0
3,27,3,42.98,24.08,47,0
3,27,4,42.08,24.08,49,0
3,27,5,42.08,24.98,51,0
3,27,6,39.92,24.98,55,0
3,27,7,39.02,24.98,57,26
3,27,8,42.98,24.98,49,166
3,27,9,46.04,24.08,42,416
3,27,10,48.92,24.08,38,606
3,27,11,50.0,24.08,36,773
3,27,12,53.06,24.08,32,877
3,27,13,53.06,24.08,32,902
3,27,14,55.04,24.98,31,864
3,27,15,55.94,24.98,30,754
3,27,16,55.94,26.06,32,595
3,27,17,57.02,24.08,28,391
3,27,18,55.04,23.0,29,169
3,27,19,50.0,24.98,38,30
3,27,20,48.02,24.98,41,0
3,27,21,46.94,26.96,46,0
3,27,22,46.04,26.96,48,0
3,27,23,42.08,28.04,58,0
3,28,24,44.06,26.96,51,0
3,28,1,42.08,26.96,55,0
3,28,2,42.08,28.04,58,0
3,28,3,39.92,30.02,68,0
3,28,4,37.04,30.02,76,0
3,28,5,35.06,28.94,79,0
3,28,6,35.06,30.02,82,0
3,28,7,35.06,30.92,85,39
3,28,8,37.94,33.08,82,164
3,28,9,42.08,33.08,71,360
3,28,10,44.96,32.0,61,498
3,28,11,48.92,32.0,52,581
3,28,12,53.06,33.08,47,705
3,28,13,55.94,33.98,44,727
3,28,14,57.02,33.08,40,794
3,28,15,59.0,33.08,38,460
3,28,16,59.0,35.06,41,449
3,28,17,59.0,32.0,36,232
3,28,18,55.94,32.0,40,157
3,28,19,53.96,30.92,42,30
3,28,20,51.98,30.92,45,0
3,28,21,53.06,30.02,42,0
3,28,22,53.06,28.94,40,0
3,28,23,51.98,30.02,43,0
3,29,24,51.98,30.92,45,0
3,29,1,48.92,37.04,64,0
3,29,2,46.04,41.0,83,0
3,29,3,44.96,44.06,96,0
3,29,4,44.96,44.06,96,0
3,29,5,44.96,44.06,96,0
3,29,6,44.96,44.06,96,0
3,29,7,44.06,42.98,96,16
3,29,8,44.06,42.98,96,48
3,29,9,44.06,42.98,96,93
3,29,10,44.06,42.98,96,135
3,29,11,44.06,42.08,93,186
3,29,12,44.06,42.08,93,214
3,29,13,44.06,42.98,96,219
3,29,14,44.06,42.08,93,225
3,29,15,44.06,42.98,96,205
3,29,16,44.06,42.98,96,159
3,29,17,44.06,42.98,96,108
3,29,18,42.98,41.0,93,50
3,29,19,42.08,39.92,93,12
3,29,20,42.08,41.0,96,0
3,29,21,42.08,39.92,93,0
3,29,22,42.08,39.92,93,0
3,29,23,41.0,39.92,96,0
3,30,24,42.08,39.92,93,0
3,30,1,42.08,39.92,93,0
3,30,2,42.08,39.92,93,0
3,30,3,41.0,39.92,96,0
3,30,4,41.0,39.92,96,0
3,30,5,41.0,39.92,96,0
3,30,6,41.0,39.92,96,0
3,30,7,42.08,39.92,93,24
3,30,8,42.08,39.92,93,113
3,30,9,42.98,39.92,89,206
3,30,10,44.06,41.0,89,289
3,30,11,46.04,41.0,83,368
3,30,12,46.94,42.08,83,393
3,30,13,48.92,42.98,80,403
3,30,14,50.0,44.06,80,395
3,30,15,51.98,44.06,74,355
3,30,16,51.98,44.96,77,286
3,30,17,51.98,44.96,77,193
3,30,18,51.98,46.04,80,82
3,30,19,50.0,46.04,86,13
3,30,20,50.0,46.94,90,0
3,30,21,48.92,46.94,93,0
3,30,22,48.02,46.94,96,0
3,30,23,48.02,46.94,96,0
3,31,24,48.02,46.94,96,0
3,31,1,48.02,46.94,96,0
3,31,2,46.94,46.94,100,0
3,31,3,48.02,46.94,96,0
3,31,4,48.02,46.94,96,0
3,31,5,48.02,46.94,96,0
3,31,6,48.02,46.94,96,0
3,31,7,48.02,48.02,100,15
3,31,8,48.92,48.02,96,72
3,31,9,50.0,48.92,96,132
3,31,10,51.98,50.0,93,325
3,31,11,53.96,51.08,90,370
3,31,12,55.94,51.08,83,395
3,31,13,57.92,51.98,81,413
3,31,14,59.0,53.96,84,388
3,31,15,62.06,55.04,78,377
3,31,16,62.96,55.94,78,282
3,31,17,64.04,55.94,75,355
3,31,18,62.06,55.94,81,109
3,31,19,60.08,55.04,84,13
3,31,20,57.92,55.04,90,0
3,31,21,53.06,51.98,96,0
3,31,22,51.26,49.64,93,0
3,31,23,49.64,47.48,100,0
4,1,24,47.84,45.14,96,0
4,1,1,46.22,42.8,68,0
4,1,2,44.42,40.46,74,0
4,1,3,42.8,38.3,71,0
4,1,4,41.0,35.96,82,0
4,1,5,42.08,35.96,79,0
4,1,6,42.98,35.96,76,0
4,1,7,46.04,37.94,74,48
4,1,8,51.08,39.02,64,227
4,1,9,55.04,37.94,53,446
4,1,10,57.02,39.02,51,645
4,1,11,57.92,37.94,48,713
4,1,12,60.08,39.92,48,790
4,1,13,62.06,39.92,45,835
4,1,14,62.96,39.92,43,821
4,1,15,64.04,39.02,40,602
4,1,16,64.94,39.02,39,559
4,1,17,66.02,37.94,36,400
4,1,18,64.04,37.94,38,184
4,1,19,60.08,39.02,46,36
4,1,20,57.92,39.02,49,0
4,1,21,55.94,39.92,55,0
4,1,22,53.06,39.92,62,0
4,1,23,51.08,39.02,64,0
4,2,24,50.0,39.02,66,0
4,2,1,50.0,39.92,69,0
4,2,2,48.92,41.0,74,0
4,2,3,48.02,42.08,80,0
4,2,4,46.94,42.98,86,0
4,2,5,48.92,44.96,86,0
4,2,6,48.92,46.04,89,0
4,2,7,50.0,46.94,89,23
4,2,8,51.98,46.94,83,145
4,2,9,55.04,48.02,77,299
4,2,10,59.0,48.92,70,584
4,2,11,62.06,48.02,60,609
4,2,12,64.94,48.92,56,767
4,2,13,68.0,48.02,49,817
4,2,14,69.08,48.02,47,715
4,2,15,69.98,48.92,47,626
4,2,16,71.06,48.02,44,423
4,2,17,69.98,46.04,42,356
4,2,18,68.0,46.04,45,116
4,2,19,64.94,48.02,54,30
4,2,20,62.06,46.94,58,0
4,2,21,60.98,48.02,63,0
4,2,22,60.98,48.02,63,0
4,2,23,60.08,48.92,67,0
4,3,24,57.92,48.92,72,0
4,3,1,57.02,48.92,75,0
4,3,2,55.94,48.92,78,0
4,3,3,53.96,48.92,83,0
4,3,4,51.08,46.94,86,0
4,3,5,51.08,48.02,90,0
4,3,6,48.92,44.96,86,0
4,3,7,50.0,48.02,93,47
4,3,8,53.06,46.94,80,224
4,3,9,57.02,46.04,67,439
4,3,10,60.08,48.02,65,632
4,3,11,62.96,50.0,63,781
4,3,12,66.92,51.08,57,875
4,3,13,69.98,51.98,53,785
4,3,14,71.96,51.98,50,571
4,3,15,71.96,51.08,48,489
4,3,16,71.06,51.98,51,219
4,3,17,69.98,53.06,55,153
4,3,18,66.92,57.02,70,62
4,3,19,64.04,59.0,84,8
4,3,20,62.96,59.0,87,0
4,3,21,62.06,60.08,93,0
4,3,22,62.06,60.08,93,0
4,3,23,60.98,60.08,97,0
4,4,24,60.98,60.08,97,0
4,4,1,60.98,60.08,97,0
4,4,2,60.98,60.98,100,0
4,4,3,60.98,60.98,100,0
4,4,4,62.06,60.98,97,0
4,4,5,62.06,60.08,93,0
4,4,6,62.06,60.08,93,0
4,4,7,62.06,60.98,97,37
4,4,8,62.96,60.98,93,70
4,4,9,64.04,60.98,90,220
4,4,10,69.08,62.06,79,387
4,4,11,71.06,60.08,68,485
4,4,12,75.02,57.92,56,729
4,4,13,71.96,53.06,51,643
4,4,14,73.94,53.96,50,759
4,4,15,75.92,37.94,25,728
4,4,16,75.02,33.08,22,591
4,4,17,71.96,28.94,20,414
4,4,18,68.0,32.0,26,197
4,4,19,62.96,30.92,30,39
4,4,20,55.04,30.02,39,0
4,4,21,53.06,28.94,40,0
4,4,22,51.08,28.94,43,0
4,4,23,50.0,30.02,46,0
4,5,24,48.02,30.92,52,0
4,5,1,48.02,30.02,50,0
4,5,2,48.02,30.02,50,0
4,5,3,46.94,30.02,52,0
4,5,4,44.96,28.94,54,0
4,5,5,44.06,28.04,53,0
4,5,6,44.06,28.04,53,0
4,5,7,44.06,26.06,49,32
4,5,8,46.04,24.98,44,170
4,5,9,48.92,26.06,41,427
4,5,10,50.0,26.06,39,536
4,5,11,51.98,26.06,37,757
4,5,12,53.96,26.06,34,898
4,5,13,57.02,26.06,30,922
4,5,14,57.92,26.06,29,889
4,5,15,60.08,26.06,27,772
4,5,16,60.98,24.98,25,614
4,5,17,60.98,26.06,26,402
4,5,18,59.0,26.06,28,183
4,5,19,55.04,24.98,31,34
4,5,20,51.98,26.06,37,0
4,5,21,48.92,26.06,41,0
4,5,22,46.94,26.06,44,0
4,5,23,46.94,26.06,44,0
4,6,24,41.0,28.94,62,0
4,6,1,39.02,28.04,65,0
4,6,2,37.94,28.94,70,0
4,6,3,35.06,28.94,79,0
4,6,4,35.96,28.04,73,0
4,6,5,33.98,26.96,76,0
4,6,6,35.06,26.96,73,0
4,6,7,35.96,28.94,76,51
4,6,8,48.92,30.92,50,234
4,6,9,55.94,30.02,37,437
4,6,10,57.92,28.04,32,609
4,6,11,60.08,28.04,30,632
4,6,12,62.06,30.02,30,852
4,6,13,62.96,26.96,26,853
4,6,14,64.04,28.04,26,703
4,6,15,66.02,28.04,24,722
4,6,16,64.94,26.96,24,401
4,6,17,62.96,26.96,26,265
4,6,18,62.06,28.04,28,73
4,6,19,60.08,30.02,32,25
4,6,20,55.94,30.02,37,0
4,6,21,53.06,33.08,47,0
4,6,22,50.0,33.98,54,0
4,6,23,50.0,32.0,50,0
4,7,24,48.92,32.0,52,0
4,7,1,50.0,32.0,50,0
4,7,2,46.94,32.0,56,0
4,7,3,48.92,33.08,54,0
4,7,4,48.02,33.98,59,0
4,7,5,50.0,35.96,59,0
4,7,6,50.0,37.04,61,0
4,7,7,50.0,39.92,69,37
4,7,8,53.06,39.92,62,111
4,7,9,53.96,44.06,69,196
4,7,10,55.04,46.04,72,297
4,7,11,57.92,46.04,65,262
4,7,12,55.04,50.0,83,191
4,7,13,55.94,51.98,87,346
4,7,14,59.0,53.06,81,397
4,7,15,60.98,53.06,75,311
4,7,16,59.0,51.98,78,161
4,7,17,59.0,53.06,81,206
4,7,18,59.0,48.92,70,118
4,7,19,59.0,48.02,67,29
4,7,20,59.0,48.02,67,0
4,7,21,57.92,50.0,75,0
4,7,22,59.0,50.0,72,0
4,7,23,59.0,50.0,72,0
4,8,24,57.02,51.08,80,0
4,8,1,55.94,51.98,87,0
4,8,2,55.94,51.98,87,0
4,8,3,55.04,53.06,93,0
4,8,4,55.04,53.06,93,0
4,8,5,55.94,53.06,90,0
4,8,6,55.94,53.06,90,0
4,8,7,55.94,53.96,93,20
4,8,8,57.02,53.06,87,76
4,8,9,57.92,55.04,90,141
4,8,10,60.08,55.94,87,335
4,8,11,64.04,57.02,78,424
4,8,12,68.0,57.02,68,457
4,8,13,71.06,55.94,59,436
4,8,14,69.08,53.96,59,402
4,8,15,69.08,55.04,61,275
4,8,16,64.04,60.08,87,168
4,8,17,62.06,60.08,93,136
4,8,18,62.06,59.0,90,55
4,8,19,60.98,59.0,93,20
4,8,20,60.98,57.92,90,0
4,8,21,60.08,57.92,93,0
4,8,22,60.08,57.92,93,0
4,8,23,60.08,59.0,97,0
4,9,24,60.08,59.0,97,0
4,9,1,62.06,60.98,97,0
4,9,2,62.06,60.98,97,0
4,9,3,60.08,57.02,90,0
4,9,4,59.0,57.02,93,0
4,9,5,57.92,55.94,93,0
4,9,6,57.02,55.94,96,1
4,9,7,57.92,57.02,96,45
4,9,8,60.98,55.94,84,190
4,9,9,62.96,53.06,70,392
4,9,10,64.04,51.98,65,493
4,9,11,68.0,55.04,63,687
4,9,12,71.06,53.96,55,731
4,9,13,71.96,50.0,46,680
4,9,14,73.04,46.04,38,780
4,9,15,73.04,44.96,37,779
4,9,16,73.04,44.96,37,585
4,9,17,71.96,39.02,30,374
4,9,18,69.98,37.04,30,182
4,9,19,66.02,35.06,32,32
4,9,20,62.06,37.04,40,0
4,9,21,60.08,37.94,44,0
4,9,22,59.0,37.94,46,0
4,9,23,55.94,37.94,51,0
4,10,24,53.96,37.94,55,0
4,10,1,51.08,37.94,61,0
4,10,2,53.96,33.08,45,0
4,10,3,48.92,33.98,56,0
4,10,4,48.02,35.06,61,0
4,10,5,44.96,35.96,71,0
4,10,6,42.98,37.04,79,2
4,10,7,48.02,39.02,71,65
4,10,8,55.04,39.02,55,264
4,10,9,60.98,37.94,43,483
4,10,10,62.96,37.94,40,677
4,10,11,64.94,39.92,40,687
4,10,12,64.94,37.04,36,898
4,10,13,66.92,39.92,37,880
4,10,14,66.92,37.94,35,843
4,10,15,68.0,37.94,33,655
4,10,16,69.08,37.04,31,545
4,10,17,69.08,35.96,30,394
4,10,18,66.92,35.06,31,196
4,10,19,64.04,35.96,35,37
4,10,20,60.98,37.04,41,0
4,10,21,55.04,39.92,57,0
4,10,22,57.02,37.04,47,0
4,10,23,51.08,41.0,69,0
4,11,24,51.08,39.92,66,0
4,11,1,46.94,37.94,71,0
4,11,2,51.08,33.08,50,0
4,11,3,46.04,35.06,66,0
4,11,4,44.96,37.04,74,0
4,11,5,41.0,35.06,79,0
4,11,6,41.0,33.98,76,2
4,11,7,46.94,37.94,71,54
4,11,8,57.02,39.02,51,264
4,11,9,64.04,33.08,32,469
4,11,10,66.92,33.08,28,690
4,11,11,68.0,32.0,26,780
4,11,12,71.06,33.98,26,814
4,11,13,69.98,35.96,29,490
4,11,14,71.96,35.06,26,800
4,11,15,73.04,37.04,27,735
4,11,16,73.04,35.06,25,634
4,11,17,73.04,35.06,25,409
4,11,18,71.06,37.04,29,186
4,11,19,68.0,35.06,30,31
4,11,20,66.02,35.96,33,0
4,11,21,62.96,37.04,38,0
4,11,22,57.02,37.94,49,0
4,11,23,59.0,35.96,42,0
4,12,24,57.02,37.04,47,0
4,12,1,57.02,37.94,49,0
4,12,2,55.94,37.94,51,0
4,12,3,55.94,37.94,51,0
4,12,4,55.94,37.94,51,0
4,12,5,55.94,39.02,53,0
4,12,6,53.96,39.92,59,0
4,12,7,55.04,42.08,62,37
4,12,8,57.92,42.08,55,92
4,12,9,60.08,41.0,50,227
4,12,10,60.08,44.06,56,155
4,12,11,62.96,48.02,58,316
4,12,12,62.96,48.02,58,374
4,12,13,64.04,48.02,56,416
4,12,14,64.94,48.02,54,383
4,12,15,62.06,53.06,73,210
4,12,16,57.92,55.94,93,167
4,12,17,57.02,55.04,93,112
4,12,18,57.02,55.94,96,62
4,12,19,55.94,55.04,96,30
4,12,20,57.02,55.94,96,0
4,12,21,57.02,55.94,96,0
4,12,22,55.94,55.04,96,0
4,12,23,55.94,55.94,100,0
4,13,24,55.94,55.04,96,0
4,13,1,55.94,53.96,93,0
4,13,2,55.04,53.96,96,0
4,13,3,55.04,55.04,100,0
4,13,4,55.04,55.04,100,0
4,13,5,55.04,53.96,96,0
4,13,6,55.04,55.04,100,1
4,13,7,55.04,55.04,100,21
4,13,8,55.04,55.04,100,62
4,13,9,57.92,55.94,93,125
4,13,10,57.92,57.92,100,153
4,13,11,60.98,57.92,90,311
4,13,12,60.08,57.92,93,434
4,13,13,60.08,59.0,97,247
4,13,14,60.08,59.0,97,235
4,13,15,60.08,60.08,100,240
4,13,16,60.98,60.08,97,314
4,13,17,62.06,60.08,93,202
4,13,18,62.06,60.08,93,114
4,13,19,60.98,60.08,97,17
4,13,20,60.08,60.08,100,0
4,13,21,60.98,60.98,100,0
4,13,22,60.98,60.98,100,0
4,13,23,62.06,62.06,100,0
4,14,24,64.04,62.96,97,0
4,14,1,64.94,62.96,93,0
4,14,2,64.94,62.96,93,0
4,14,3,66.02,64.94,97,0
4,14,4,66.02,64.94,97,0
4,14,5,66.02,64.94,97,0
4,14,6,66.02,64.94,97,2
4,14,7,69.08,68.0,97,26
4,14,8,68.0,66.02,93,135
4,14,9,69.08,66.02,90,222
4,14,10,69.08,68.0,97,318
4,14,11,69.98,68.0,93,375
4,14,12,69.08,66.92,93,422
4,14,13,68.0,68.0,100,272
4,14,14,66.92,64.94,93,506
4,14,15,66.02,57.92,76,621
4,14,16,66.92,55.04,66,545
4,14,17,62.96,46.04,54,348
4,14,18,62.06,44.06,52,156
4,14,19,59.0,42.98,56,33
4,14,20,55.94,42.08,60,0
4,14,21,53.96,39.92,59,0
4,14,22,51.98,35.96,55,0
4,14,23,50.0,33.08,52,0
4,15,24,46.94,33.98,61,0
4,15,1,44.96,33.08,63,0
4,15,2,44.06,30.92,60,0
4,15,3,42.98,33.08,68,0
4,15,4,42.08,33.98,73,0
4,15,5,39.92,33.08,76,0
4,15,6,39.92,33.08,76,5
4,15,7,42.98,33.98,71,89
4,15,8,46.94,33.98,61,296
4,15,9,50.0,35.06,57,517
4,15,10,51.98,35.96,55,662
4,15,11,53.96,35.96,51,378
4,15,12,51.08,30.92,46,297
4,15,13,50.0,33.08,52,363
4,15,14,50.0,33.08,52,321
4,15,15,50.0,33.98,54,362
4,15,16,51.08,30.02,45,260
4,15,17,50.0,30.02,46,183
4,15,18,50.0,30.92,48,152
4,15,19,48.92,30.02,48,32
4,15,20,48.02,30.02,50,0
4,15,21,46.04,35.06,66,0
4,15,22,46.94,30.92,54,0
4,15,23,46.04,30.92,56,0
4,16,24,44.96,30.92,58,0
4,16,1,41.0,32.0,70,0
4,16,2,42.08,33.08,71,0
4,16,3,41.0,33.98,76,0
4,16,4,39.02,33.08,79,0
4,16,5,39.92,33.98,79,0
4,16,6,41.0,35.06,79,0
4,16,7,42.98,35.06,73,77
4,16,8,48.92,35.96,61,276
4,16,9,50.0,30.02,46,385
4,16,10,51.98,30.02,43,545
4,16,11,55.04,30.02,39,676
4,16,12,57.02,26.06,30,918
4,16,13,59.0,26.96,29,957
4,16,14,60.08,24.08,25,915
4,16,15,60.98,24.08,24,803
4,16,16,60.98,21.02,21,633
4,16,17,60.08,19.04,20,425
4,16,18,59.0,17.96,20,203
4,16,19,53.96,19.04,25,39
4,16,20,50.0,21.02,32,0
4,16,21,48.92,21.92,35,0
4,16,22,44.06,24.08,45,0
4,16,23,42.98,21.92,43,0
4,17,24,39.92,21.02,47,0
4,17,1,39.92,21.02,47,0
4,17,2,37.04,21.92,55,0
4,17,3,35.06,21.92,59,0
4,17,4,33.98,21.92,62,0
4,17,5,32.0,23.0,69,0
4,17,6,30.92,21.92,69,7
4,17,7,37.04,26.06,65,94
4,17,8,44.06,24.98,47,303
4,17,9,48.92,21.92,35,528
4,17,10,51.08,24.08,35,722
4,17,11,53.96,24.08,31,866
4,17,12,55.04,21.92,28,953
4,17,13,57.92,26.06,29,972
4,17,14,59.0,21.92,24,930
4,17,15,60.08,23.0,24,820
4,17,16,62.96,24.98,24,597
4,17,17,62.06,24.98,24,416
4,17,18,60.98,24.98,25,204
4,17,19,57.92,24.98,28,45
4,17,20,53.96,28.94,38,0
4,17,21,51.08,30.92,46,0
4,17,22,50.0,30.92,48,0
4,17,23,46.04,35.06,66,0
4,18,24,44.96,35.96,71,0
4,18,1,44.06,35.06,71,0
4,18,2,46.94,33.08,58,0
4,18,3,46.94,33.08,58,0
4,18,4,46.94,35.06,63,0
4,18,5,46.04,35.06,66,0
4,18,6,46.04,35.96,68,2
4,18,7,46.94,37.94,71,83
4,18,8,53.06,39.92,62,279
4,18,9,57.92,39.92,51,491
4,18,10,62.96,37.94,40,657
4,18,11,64.94,37.04,36,698
4,18,12,66.92,37.04,33,886
4,18,13,69.08,35.06,29,905
4,18,14,69.98,37.94,31,847
4,18,15,71.96,33.08,24,754
4,18,16,71.06,35.06,27,612
4,18,17,71.06,33.98,26,437
4,18,18,69.98,32.0,25,227
4,18,19,68.0,35.96,31,40
4,18,20,60.08,33.98,38,0
4,18,21,57.02,33.08,40,0
4,18,22,55.94,32.0,40,0
4,18,23,55.94,30.92,39,0
4,19,24,53.96,33.08,45,0
4,19,1,50.0,35.96,59,0
4,19,2,50.0,35.96,59,0
4,19,3,48.02,37.94,68,0
4,19,4,44.96,37.94,77,0
4,19,5,44.06,37.94,80,0
4,19,6,42.98,37.94,83,5
4,19,7,48.02,42.98,83,79
4,19,8,55.94,44.96,67,270
4,19,9,60.98,44.96,56,486
4,19,10,64.04,46.94,54,680
4,19,11,68.0,48.02,49,826
4,19,12,69.98,46.04,42,865
4,19,13,71.96,46.04,40,844
4,19,14,69.98,42.08,36,722
4,19,15,73.04,42.98,34,712
4,19,16,73.94,42.08,32,536
4,19,17,73.04,42.08,33,367
4,19,18,71.06,39.92,33,178
4,19,19,66.02,39.02,37,32
4,19,20,62.06,39.92,45,0
4,19,21,57.02,41.0,55,0
4,19,22,59.0,42.08,54,0
4,19,23,57.92,46.94,67,0
4,20,24,57.02,48.02,72,0
4,20,1,55.04,48.02,77,0
4,20,2,53.06,48.02,83,0
4,20,3,53.06,48.02,83,0
4,20,4,50.0,46.94,89,0
4,20,5,46.94,44.96,93,0
4,20,6,46.04,44.06,93,10
4,20,7,51.08,48.02,90,101
4,20,8,57.92,51.08,78,309
4,20,9,64.04,50.0,61,486
4,20,10,66.92,46.94,49,685
4,20,11,69.08,48.02,47,766
4,20,12,71.96,46.94,41,803
4,20,13,73.94,46.04,37,909
4,20,14,73.94,39.92,29,853
4,20,15,75.02,42.98,32,682
4,20,16,75.02,41.0,30,569
4,20,17,75.02,42.98,32,372
4,20,18,73.94,42.08,32,198
4,20,19,69.98,41.0,35,48
4,20,20,64.04,41.0,43,0
4,20,21,62.96,42.08,46,0
4,20,22,60.98,41.0,48,0
4,20,23,57.92,42.98,58,0
4,21,24,57.02,41.0,55,0
4,21,1,53.96,44.06,69,0
4,21,2,53.96,42.98,67,0
4,21,3,53.06,42.98,69,0
4,21,4,51.08,42.98,74,0
4,21,5,51.98,42.98,72,0
4,21,6,50.0,42.98,77,11
4,21,7,55.04,44.06,67,84
4,21,8,62.96,42.98,48,225
4,21,9,66.92,44.96,45,459
4,21,10,69.98,46.94,44,606
4,21,11,69.98,44.06,39,729
4,21,12,73.04,44.96,37,880
4,21,13,73.94,46.94,38,772
4,21,14,75.02,42.98,32,841
4,21,15,73.94,44.06,34,750
4,21,16,71.96,42.08,34,514
4,21,17,75.02,41.0,30,425
4,21,18,73.04,37.04,27,230
4,21,19,69.98,39.02,32,52
4,21,20,64.94,39.92,40,0
4,21,21,59.0,42.98,56,0
4,21,22,55.94,44.06,64,0
4,21,23,50.0,42.98,77,0
4,22,24,48.92,42.98,80,0
4,22,1,48.92,41.0,74,0
4,22,2,48.02,41.0,77,0
4,22,3,48.02,39.92,74,0
4,22,4,44.96,39.02,80,0
4,22,5,46.04,39.92,80,0
4,22,6,44.06,37.04,76,8
4,22,7,51.08,44.06,77,83
4,22,8,60.98,42.08,50,270
4,22,9,66.02,37.94,36,490
4,22,10,69.08,30.92,24,690
4,22,11,71.06,28.04,20,840
4,22,12,71.96,28.04,19,931
4,22,13,75.02,28.04,18,951
4,22,14,77.0,30.92,19,900
4,22,15,80.06,33.98,19,786
4,22,16,80.06,30.92,17,617
4,22,17,80.06,33.98,19,390
4,22,18,78.08,33.08,19,138
4,22,19,73.04,37.04,27,33
4,22,20,69.08,37.94,32,0
4,22,21,64.94,39.02,39,0
4,22,22,66.92,37.94,35,0
4,22,23,64.94,37.94,37,0
4,23,24,64.94,37.04,36,0
4,23,1,64.04,37.04,37,0
4,23,2,62.06,37.04,40,0
4,23,3,60.98,37.94,43,0
4,23,4,59.0,39.02,48,0
4,23,5,57.02,39.92,53,0
4,23,6,60.08,41.0,50,7
4,23,7,66.92,42.98,42,90
4,23,8,69.08,44.96,42,279
4,23,9,73.94,46.94,38,505
4,23,10,80.06,46.94,31,648
4,23,11,84.02,44.06,25,827
4,23,12,86.0,44.06,23,936
4,23,13,87.98,46.04,23,937
4,23,14,89.06,46.94,23,849
4,23,15,89.06,44.96,22,768
4,23,16,89.06,44.96,22,599
4,23,17,87.98,46.94,24,412
4,23,18,84.92,44.96,25,213
4,23,19,80.96,46.04,29,46
4,23,20,75.92,46.94,36,0
4,23,21,73.04,48.02,41,0
4,23,22,71.96,48.02,43,0
4,23,23,69.98,48.02,46,0
4,24,24,68.0,48.02,49,0
4,24,1,64.94,48.02,54,0
4,24,2,60.08,50.0,70,0
4,24,3,57.92,51.08,78,0
4,24,4,57.02,48.92,75,0
4,24,5,53.96,48.92,83,0
4,24,6,55.04,48.92,80,8
4,24,7,60.08,53.96,81,81
4,24,8,68.0,53.96,61,277
4,24,9,71.06,51.08,49,352
4,24,10,75.92,53.96,47,643
4,24,11,80.96,51.98,37,782
4,24,12,82.04,48.92,32,885
4,24,13,84.02,50.0,31,769
4,24,14,84.92,46.04,26,835
4,24,15,84.92,48.02,28,610
4,24,16,84.02,44.96,26,608
4,24,17,84.02,44.06,25,334
4,24,18,82.04,42.08,24,196
4,24,19,73.94,44.96,36,36
4,24,20,64.04,53.96,70,0
4,24,21,62.06,57.02,84,0
4,24,22,62.96,57.92,84,0
4,24,23,62.06,57.92,87,0
4,25,24,60.08,57.92,93,0
4,25,1,57.02,55.94,96,0
4,25,2,57.02,55.94,96,0
4,25,3,55.94,55.04,96,0
4,25,4,53.96,53.06,96,0
4,25,5,55.94,55.04,96,0
4,25,6,53.96,53.06,96,10
4,25,7,57.92,55.94,93,87
4,25,8,64.94,59.0,81,137
4,25,9,69.98,57.02,64,445
4,25,10,69.08,57.02,66,414
4,25,11,71.96,55.94,57,689
4,25,12,75.02,55.04,50,848
4,25,13,77.0,55.94,48,770
4,25,14,77.0,55.94,48,906
4,25,15,80.06,55.94,44,736
4,25,16,78.98,55.94,45,315
4,25,17,78.08,59.0,52,186
4,25,18,75.92,57.92,54,149
4,25,19,71.96,59.0,64,36
4,25,20,68.0,60.98,78,0
4,25,21,68.0,60.08,76,0
4,25,22,64.94,62.96,93,0
4,25,23,64.04,62.96,97,0
4,26,24,64.04,62.96,97,0
4,26,1,62.96,62.06,97,0
4,26,2,60.98,57.92,90,0
4,26,3,59.0,55.04,87,0
4,26,4,57.02,51.98,83,0
4,26,5,55.94,51.98,87,0
4,26,6,55.04,51.08,86,7
4,26,7,55.04,46.94,75,39
4,26,8,55.04,44.96,69,109
4,26,9,55.04,48.02,77,115
4,26,10,51.08,48.92,93,205
4,26,11,53.96,48.92,83,358
4,26,12,55.94,48.92,78,395
4,26,13,55.04,48.02,77,400
4,26,14,57.92,48.92,72,437
4,26,15,62.06,51.98,70,698
4,26,16,60.08,51.08,72,421
4,26,17,59.0,50.0,72,144
4,26,18,57.02,50.0,78,72
4,26,19,55.94,48.02,75,31
4,26,20,53.96,48.02,80,0
4,26,21,53.06,46.04,77,0
4,26,22,51.98,46.04,80,0
4,26,23,51.08,46.94,86,0
4,27,24,50.0,46.04,86,0
4,27,1,48.92,46.04,89,0
4,27,2,48.92,46.04,89,0
4,27,3,48.92,46.04,89,0
4,27,4,48.02,44.96,89,0
4,27,5,48.92,46.94,93,0
4,27,6,50.0,48.02,93,7
4,27,7,50.0,48.92,96,64
4,27,8,51.08,50.0,96,139
4,27,9,51.98,51.08,96,146
4,27,10,53.06,51.98,96,233
4,27,11,60.08,57.92,93,366
4,27,12,68.0,60.08,76,452
4,27,13,71.96,55.94,57,793
4,27,14,71.96,55.94,57,653
4,27,15,68.0,59.0,73,513
4,27,16,69.98,57.92,66,565
4,27,17,68.0,57.92,71,292
4,27,18,62.96,55.94,78,119
4,27,19,62.06,53.06,73,37
4,27,20,60.08,53.06,78,0
4,27,21,57.92,53.06,84,0
4,27,22,55.04,51.98,90,0
4,27,23,53.06,51.08,93,0
4,28,24,53.06,48.02,83,0
4,28,1,51.08,46.04,83,0
4,28,2,50.0,42.98,77,0
4,28,3,50.0,39.92,69,0
4,28,4,48.92,39.92,71,0
4,28,5,48.92,39.92,71,0
4,28,6,48.92,39.02,69,10
4,28,7,50.0,39.92,69,53
4,28,8,51.98,39.02,61,117
4,28,9,53.06,39.92,62,174
4,28,10,55.94,39.92,55,445
4,28,11,60.08,42.98,54,780
4,28,12,62.06,42.08,48,954
4,28,13,64.04,39.92,42,872
4,28,14,66.02,39.92,39,607
4,28,15,66.92,39.02,36,774
4,28,16,64.94,37.94,37,615
4,28,17,64.94,35.96,34,439
4,28,18,62.96,35.96,37,215
4,28,19,59.0,35.96,42,48
4,28,20,55.04,37.04,51,0
4,28,21,53.06,37.94,57,0
4,28,22,50.0,39.02,66,0
4,28,23,48.92,37.94,66,0
4,29,24,46.94,39.02,74,0
4,29,1,44.96,37.04,74,0
4,29,2,44.96,37.94,77,0
4,29,3,42.08,37.94,86,0
4,29,4,42.98,39.02,86,0
4,29,5,39.92,37.04,89,0
4,29,6,41.0,37.94,89,10
4,29,7,46.04,41.0,83,104
4,29,8,53.96,37.94,55,294
4,29,9,57.02,41.0,55,506
4,29,10,60.08,41.0,50,640
4,29,11,59.0,39.92,50,299
4,29,12,60.08,42.98,54,485
4,29,13,64.04,41.0,43,532
4,29,14,53.96,48.92,83,214
4,29,15,51.08,48.02,90,160
4,29,16,51.08,46.94,86,241
4,29,17,50.0,46.94,89,206
4,29,18,51.08,46.04,83,201
4,29,19,50.0,46.94,89,46
4,29,20,48.02,46.04,93,0
4,29,21,46.04,44.06,93,0
4,29,22,44.96,44.96,100,0
4,29,23,44.96,44.06,96,0
4,30,24,42.98,42.08,96,0
4,30,1,42.98,41.0,93,0
4,30,2,42.08,41.0,96,0
4,30,3,42.08,39.02,89,0
4,30,4,41.0,39.02,93,0
4,30,5,42.98,39.92,89,0
4,30,6,42.98,41.0,93,9
4,30,7,44.06,42.08,93,73
4,30,8,44.96,42.08,89,81
4,30,9,48.02,42.98,83,225
4,30,10,50.0,46.04,86,290
4,30,11,53.06,42.98,69,333
4,30,12,53.96,44.96,72,391
4,30,13,59.0,44.96,60,830
4,30,14,59.0,42.98,56,621
4,30,15,60.98,44.06,54,593
4,30,16,59.0,42.98,56,538
4,30,17,57.92,42.98,58,284
4,30,18,57.02,42.98,60,175
4,30,19,55.04,42.08,62,32
4,30,20,51.98,42.08,69,1
4,30,21,50.0,42.08,74,0
4,30,22,51.08,42.44,74,0
4,30,23,51.98,42.98,80,0
5,1,24,53.06,43.34,74,0
5,1,1,53.96,43.7,62,0
5,1,2,55.04,44.06,60,0
5,1,3,55.94,44.6,65,0
5,1,4,57.02,44.96,64,0
5,1,5,55.04,46.94,75,0
5,1,6,55.04,48.02,77,10
5,1,7,60.08,48.92,67,87
5,1,8,64.04,46.04,52,193
5,1,9,69.08,50.0,51,503
5,1,10,77.0,53.06,43,699
5,1,11,80.96,53.06,38,714
5,1,12,82.94,50.0,32,877
5,1,13,84.92,48.92,29,803
5,1,14,87.98,48.02,25,851
5,1,15,86.0,46.94,26,798
5,1,16,84.92,48.92,29,354
5,1,17,82.94,50.0,32,347
5,1,18,82.04,50.0,33,203
5,1,19,80.06,50.0,35,50
5,1,20,77.0,48.02,36,0
5,1,21,75.02,48.92,40,0
5,1,22,75.02,51.08,43,0
5,1,23,71.06,53.06,53,0
5,2,24,69.98,53.96,57,0
5,2,1,68.0,53.96,61,0
5,2,2,64.94,53.06,65,0
5,2,3,62.06,46.94,58,0
5,2,4,57.92,44.06,60,0
5,2,5,55.94,42.98,62,0
5,2,6,55.04,39.02,55,12
5,2,7,57.92,37.94,48,86
5,2,8,60.98,39.02,44,272
5,2,9,62.96,39.02,41,522
5,2,10,66.02,39.92,39,725
5,2,11,68.0,39.02,35,865
5,2,12,69.98,39.02,32,949
5,2,13,71.96,35.96,27,973
5,2,14,73.04,37.04,27,921
5,2,15,73.94,35.96,25,816
5,2,16,75.02,35.06,23,648
5,2,17,73.94,33.08,22,444
5,2,18,71.96,33.08,24,225
5,2,19,68.0,33.98,29,49
5,2,20,64.94,33.08,30,0
5,2,21,62.96,32.0,31,0
5,2,22,60.08,32.0,35,0
5,2,23,57.02,32.0,39,0
5,3,24,55.04,30.92,40,0
5,3,1,53.06,30.92,43,0
5,3,2,51.08,30.92,47,0
5,3,3,50.0,30.92,48,0
5,3,4,48.02,30.02,50,0
5,3,5,46.94,28.04,48,0
5,3,6,44.96,28.04,52,22
5,3,7,48.02,30.02,50,144
5,3,8,50.0,28.94,45,360
5,3,9,53.06,28.04,38,568
5,3,10,55.94,24.08,29,663
5,3,11,59.0,26.96,30,904
5,3,12,62.06,24.08,23,933
5,3,13,62.96,23.0,22,883
5,3,14,64.04,23.0,21,826
5,3,15,66.02,23.0,20,803
5,3,16,66.02,21.92,19,620
5,3,17,66.02,19.04,16,439
5,3,18,64.04,19.04,18,255
5,3,19,60.98,23.0,23,60
5,3,20,55.94,19.94,25,1
5,3,21,51.98,21.02,30,0
5,3,22,53.06,19.94,27,0
5,3,23,50.0,21.02,32,0
5,4,24,48.92,21.92,35,0
5,4,1,48.02,19.94,33,0
5,4,2,48.02,19.94,33,0
5,4,3,41.0,21.02,45,0
5,4,4,37.94,24.98,60,0
5,4,5,35.06,24.98,67,0
5,4,6,35.96,26.96,70,17
5,4,7,44.06,28.04,54,113
5,4,8,51.08,26.96,40,312
5,4,9,55.94,24.08,29,558
5,4,10,57.92,24.98,28,747
5,4,11,60.98,24.98,25,890
5,4,12,62.06,26.96,27,898
5,4,13,64.04,24.98,23,902
5,4,14,66.92,24.98,20,934
5,4,15,69.08,26.06,20,820
5,4,16,69.08,26.06,20,663
5,4,17,69.08,28.04,22,458
5,4,18,66.92,28.04,23,238
5,4,19,62.96,30.02,29,56
5,4,20,59.0,30.92,35,1
5,4,21,55.04,32.0,42,0
5,4,22,53.96,33.98,47,0
5,4,23,51.08,33.98,52,0
5,5,24,46.94,35.96,66,0
5,5,1,48.92,35.06,59,0
5,5,2,48.02,35.06,61,0
5,5,3,46.94,35.06,63,0
5,5,4,48.92,37.04,64,0
5,5,5,48.02,39.02,71,0
5,5,6,50.0,39.92,69,21
5,5,7,53.96,41.0,62,124
5,5,8,59.0,42.98,56,314
5,5,9,64.94,44.96,49,522
5,5,10,71.96,44.96,38,696
5,5,11,73.04,44.06,36,827
5,5,12,75.92,46.04,35,782
5,5,13,75.92,46.04,35,862
5,5,14,78.08,48.02,35,846
5,5,15,78.98,46.94,33,807
5,5,16,78.08,46.94,34,666
5,5,17,78.08,46.94,34,466
5,5,18,75.92,50.0,40,248
5,5,19,73.04,50.0,45,62
5,5,20,68.0,50.0,53,2
5,5,21,64.94,51.08,61,0
5,5,22,64.94,51.98,63,0
5,5,23,66.02,51.98,61,0
5,6,24,64.94,51.98,63,0
5,6,1,62.06,51.98,70,0
5,6,2,62.96,55.94,78,0
5,6,3,60.98,57.02,87,0
5,6,4,60.08,57.02,90,0
5,6,5,57.92,55.94,93,0
5,6,6,57.02,55.94,97,23
5,6,7,60.98,59.0,93,145
5,6,8,66.92,60.08,78,354
5,6,9,71.96,60.98,69,563
5,6,10,77.0,60.08,56,746
5,6,11,80.96,59.0,47,883
5,6,12,82.04,59.0,46,962
5,6,13,84.02,59.0,43,922
5,6,14,84.02,59.0,43,798
5,6,15,84.92,57.92,40,716
5,6,16,87.08,57.92,38,436
5,6,17,82.04,57.02,43,254
5,6,18,80.96,57.92,46,161
5,6,19,78.08,57.92,50,44
5,6,20,77.0,57.92,52,2
5,6,21,73.94,60.08,62,0
5,6,22,71.96,60.08,66,0
5,6,23,69.98,60.98,73,0
5,7,24,68.0,60.98,78,0
5,7,1,66.02,60.98,84,0
5,7,2,62.96,60.08,90,0
5,7,3,64.94,60.98,87,0
5,7,4,62.96,60.08,90,0
5,7,5,62.96,60.08,90,0
5,7,6,64.04,60.98,90,26
5,7,7,66.92,62.06,84,128
5,7,8,73.94,62.96,69,337
5,7,9,78.98,60.98,54,541
5,7,10,80.96,60.98,51,684
5,7,11,82.94,60.98,48,861
5,7,12,84.92,62.06,46,956
5,7,13,87.08,60.08,40,793
5,7,14,87.08,60.98,42,822
5,7,15,89.06,59.0,36,700
5,7,16,89.06,59.0,36,616
5,7,17,89.06,57.92,35,450
5,7,18,84.92,62.96,48,240
5,7,19,82.04,60.98,49,67
5,7,20,80.06,60.98,52,0
5,7,21,75.02,62.06,64,0
5,7,22,73.04,60.98,66,0
5,7,23,69.98,62.06,76,0
5,8,24,69.98,62.06,76,0
5,8,1,69.08,62.96,81,0
5,8,2,68.0,60.98,78,0
5,8,3,68.0,60.98,78,0
5,8,4,66.02,60.08,81,0
5,8,5,64.94,60.08,84,0
5,8,6,62.06,59.0,90,17
5,8,7,69.08,59.0,71,99
5,8,8,73.04,59.0,62,244
5,8,9,73.94,59.0,60,494
5,8,10,77.0,59.0,54,642
5,8,11,75.92,59.0,56,547
5,8,12,77.0,59.0,54,871
5,8,13,75.92,60.08,58,804
5,8,14,78.98,60.08,52,612
5,8,15,78.08,59.0,52,703
5,8,16,78.98,59.0,51,554
5,8,17,78.08,59.0,52,377
5,8,18,75.92,60.08,58,215
5,8,19,73.94,60.08,62,54
5,8,20,71.96,60.08,66,1
5,8,21,69.08,60.08,73,0
5,8,22,66.02,59.0,78,0
5,8,23,64.94,57.02,76,0
5,9,24,64.04,55.04,73,0
5,9,1,62.96,55.04,75,0
5,9,2,62.06,57.02,84,0
5,9,3,60.98,55.94,84,0
5,9,4,59.0,55.04,87,0
5,9,5,60.08,55.04,84,0
5,9,6,60.08,55.04,84,14
5,9,7,60.08,53.06,78,45
5,9,8,57.02,50.0,78,125
5,9,9,57.92,50.0,75,349
5,9,10,57.92,50.0,75,605
5,9,11,60.98,50.0,67,584
5,9,12,60.98,50.0,67,422
5,9,13,60.08,50.0,70,330
5,9,14,59.0,50.0,72,328
5,9,15,60.08,50.0,70,301
5,9,16,59.0,50.0,72,264
5,9,17,59.0,48.92,70,200
5,9,18,59.0,48.02,67,124
5,9,19,57.92,48.02,70,40
5,9,20,57.02,48.02,72,3
5,9,21,55.94,48.02,75,0
5,9,22,55.94,48.92,78,0
5,9,23,55.94,48.02,75,0
5,10,24,55.04,46.94,75,0
5,10,1,53.96,46.04,75,0
5,10,2,48.92,44.96,86,0
5,10,3,48.02,44.96,89,0
5,10,4,46.94,44.06,89,0
5,10,5,44.06,42.08,93,0
5,10,6,42.08,39.92,93,23
5,10,7,50.0,44.96,83,145
5,10,8,55.94,46.04,69,359
5,10,9,59.0,44.96,60,573
5,10,10,62.06,37.04,40,758
5,10,11,62.96,39.02,41,897
5,10,12,64.94,37.04,36,915
5,10,13,66.92,37.94,35,993
5,10,14,69.98,37.94,31,948
5,10,15,69.98,39.92,34,829
5,10,16,71.06,37.94,30,672
5,10,17,71.06,37.94,30,476
5,10,18,69.08,39.92,35,258
5,10,19,64.94,39.92,40,70
5,10,20,62.06,41.0,46,3
5,10,21,57.92,42.08,56,0
5,10,22,57.02,42.08,58,0
5,10,23,53.96,41.0,62,0
5,11,24,51.98,42.08,69,0
5,11,1,48.92,42.08,77,0
5,11,2,51.08,42.08,72,0
5,11,3,46.94,42.08,83,0
5,11,4,46.04,42.08,86,0
5,11,5,44.06,39.02,83,0
5,11,6,44.96,42.08,89,28
5,11,7,53.06,44.96,74,160
5,11,8,60.08,44.96,58,309
5,11,9,64.94,48.92,56,528
5,11,10,69.08,51.08,53,600
5,11,11,73.04,53.96,52,691
5,11,12,77.0,57.02,50,971
5,11,13,80.06,59.0,49,980
5,11,14,80.06,59.0,49,870
5,11,15,80.96,57.92,46,422
5,11,16,82.04,55.94,41,402
5,11,17,78.08,60.08,54,362
5,11,18,80.06,60.98,52,264
5,11,19,77.0,59.0,54,54
5,11,20,71.96,60.98,69,2
5,11,21,69.98,59.0,68,0
5,11,22,69.08,59.0,71,0
5,11,23,64.94,60.98,87,0
5,12,24,64.94,62.06,90,0
5,12,1,64.94,62.06,90,0
5,12,2,62.06,53.96,75,0
5,12,3,60.08,50.0,70,0
5,12,4,57.92,46.94,67,0
5,12,5,55.94,46.04,69,0
5,12,6,53.96,46.04,75,22
5,12,7,53.96,46.04,75,144
5,12,8,55.04,48.02,77,241
5,12,9,57.92,50.0,75,370
5,12,10,60.08,51.08,72,606
5,12,11,64.94,53.06,65,590
5,12,12,66.02,53.06,63,275
5,12,13,69.08,53.96,59,411
5,12,14,69.98,53.06,55,669
5,12,15,69.98,53.06,55,266
5,12,16,69.08,55.04,61,267
5,12,17,68.0,55.04,63,158
5,12,18,66.92,55.94,68,131
5,12,19,64.94,55.94,73,38
5,12,20,62.96,57.02,81,3
5,12,21,62.06,57.02,84,0
5,12,22,62.06,55.94,81,0
5,12,23,62.06,55.94,81,0
5,13,24,62.06,55.94,81,0
5,13,1,60.98,57.02,87,0
5,13,2,60.98,57.02,87,0
5,13,3,62.06,59.0,90,0
5,13,4,60.98,59.0,93,0
5,13,5,60.08,59.0,97,0
5,13,6,57.92,55.04,90,9
5,13,7,57.02,55.94,97,47
5,13,8,55.94,55.94,100,114
5,13,9,55.94,55.94,100,154
5,13,10,55.04,55.04,100,209
5,13,11,53.96,53.96,100,239
5,13,12,53.96,53.96,100,271
5,13,13,53.06,53.06,100,287
5,13,14,51.98,51.08,96,280
5,13,15,53.06,51.98,96,405
5,13,16,53.96,53.06,96,347
5,13,17,53.06,51.98,96,222
5,13,18,53.06,51.98,96,134
5,13,19,51.98,51.08,96,43
5,13,20,51.98,51.08,96,4
5,13,21,51.98,51.08,96,0
5,13,22,51.98,51.98,100,0
5,13,23,53.06,53.06,100,0
5,14,24,53.96,53.96,100,0
5,14,1,53.96,53.96,100,0
5,14,2,53.06,53.06,100,0
5,14,3,53.06,53.06,100,0
5,14,4,53.06,53.06,100,0
5,14,5,51.98,51.98,100,0
5,14,6,51.98,51.98,100,14
5,14,7,51.08,51.08,100,92
5,14,8,51.08,51.08,100,106
5,14,9,51.98,51.98,100,169
5,14,10,51.98,51.98,100,213
5,14,11,51.98,51.98,100,265
5,14,12,53.06,53.06,100,267
5,14,13,53.96,53.96,100,436
5,14,14,55.04,55.04,100,452
5,14,15,55.94,55.04,97,370
5,14,16,57.02,55.94,97,297
5,14,17,55.94,55.04,97,232
5,14,18,55.94,55.04,97,127
5,14,19,55.94,55.04,97,54
5,14,20,55.04,53.96,97,4
5,14,21,55.04,55.04,100,0
5,14,22,55.04,55.04,100,0
5,14,23,55.04,55.04,100,0
5,15,24,55.04,55.04,100,0
5,15,1,55.04,55.04,100,0
5,15,2,55.04,55.04,100,0
5,15,3,55.04,55.04,100,0
5,15,4,55.04,55.04,100,0
5,15,5,55.04,55.04,100,0
5,15,6,55.04,55.04,100,24
5,15,7,55.94,55.94,100,81
5,15,8,55.94,55.94,100,164
5,15,9,59.0,59.0,100,282
5,15,10,62.06,60.98,97,380
5,15,11,66.02,62.06,87,445
5,15,12,68.0,62.96,84,441
5,15,13,69.08,62.96,81,427
5,15,14,73.94,64.04,71,760
5,15,15,73.94,62.06,66,658
5,15,16,75.92,60.98,60,596
5,15,17,75.92,60.98,60,447
5,15,18,73.94,62.06,66,236
5,15,19,71.96,62.06,71,55
5,15,20,66.92,62.06,84,2
5,15,21,64.94,62.06,90,0
5,15,22,62.96,62.06,97,0
5,15,23,62.06,62.06,100,0
5,16,24,60.08,60.08,100,0
5,16,1,60.08,60.08,100,0
5,16,2,60.08,59.0,97,0
5,16,3,59.0,59.0,100,0
5,16,4,57.02,57.02,100,0
5,16,5,57.92,57.92,100,0
5,16,6,59.0,57.92,97,30
5,16,7,62.96,60.08,90,145
5,16,8,66.02,62.06,87,359
5,16,9,73.04,60.98,66,438
5,16,10,73.94,62.06,66,460
5,16,11,75.92,60.98,60,593
5,16,12,78.08,60.98,56,564
5,16,13,80.96,60.98,51,485
5,16,14,82.94,59.0,44,887
5,16,15,82.04,57.02,43,801
5,16,16,82.94,55.94,40,549
5,16,17,80.06,53.06,39,267
5,16,18,69.08,59.0,71,104
5,16,19,68.0,60.08,76,40
5,16,20,69.08,62.06,79,1
5,16,21,69.08,60.08,73,0
5,16,22,66.02,60.08,81,0
5,16,23,62.96,59.0,87,0
5,17,24,62.06,59.0,90,0
5,17,1,59.0,57.92,97,0
5,17,2,60.08,59.0,97,0
5,17,3,60.08,60.08,100,0
5,17,4,59.0,59.0,100,0
5,17,5,59.0,59.0,100,0
5,17,6,60.08,59.0,97,23
5,17,7,60.98,60.08,97,69
5,17,8,64.04,60.98,90,139
5,17,9,69.08,62.96,81,553
5,17,10,75.02,62.96,66,731
5,17,11,78.08,60.98,56,878
5,17,12,80.96,60.08,49,886
5,17,13,82.04,59.0,46,701
5,17,14,82.04,60.08,47,936
5,17,15,82.94,60.08,46,770
5,17,16,82.94,60.08,46,523
5,17,17,82.94,59.0,44,226
5,17,18,80.06,59.0,49,195
5,17,19,78.98,62.06,56,51
5,17,20,73.94,64.04,71,2
5,17,21,71.96,62.96,73,0
5,17,22,69.08,62.06,79,0
5,17,23,66.92,62.06,84,0
5,18,24,66.02,60.98,84,0
5,18,1,64.04,60.98,90,0
5,18,2,64.04,60.98,90,0
5,18,3,62.06,60.08,93,0
5,18,4,64.04,60.98,90,0
5,18,5,62.96,60.98,93,0
5,18,6,64.04,60.98,90,25
5,18,7,66.92,62.06,84,140
5,18,8,69.98,62.06,76,339
5,18,9,73.94,62.06,66,518
5,18,10,75.02,64.04,69,704
5,18,11,80.06,62.96,56,814
5,18,12,80.06,62.06,54,668
5,18,13,82.94,64.04,53,887
5,18,14,80.96,62.06,53,590
5,18,15,80.06,60.08,51,538
5,18,16,78.08,60.98,56,361
5,18,17,78.08,60.08,54,252
5,18,18,77.0,59.0,54,177
5,18,19,75.02,60.08,60,66
5,18,20,71.96,60.98,69,4
5,18,21,71.06,60.08,68,0
5,18,22,71.06,62.06,73,0
5,18,23,69.98,62.06,76,0
5,19,24,69.08,62.06,79,0
5,19,1,66.92,62.06,84,0
5,19,2,66.02,62.06,87,0
5,19,3,64.04,60.98,90,0
5,19,4,64.04,60.08,87,0
5,19,5,64.04,62.06,93,0
5,19,6,64.94,62.96,93,15
5,19,7,66.02,62.96,90,43
5,19,8,68.0,62.96,84,113
5,19,9,66.02,64.04,93,136
5,19,10,66.02,64.04,93,167
5,19,11,66.92,64.94,93,253
5,19,12,69.08,66.02,90,392
5,19,13,71.06,64.94,81,391
5,19,14,75.02,62.96,66,399
5,19,15,75.02,64.04,69,399
5,19,16,73.94,64.94,74,308
5,19,17,73.94,62.96,69,221
5,19,18,69.08,64.04,84,77
5,19,19,66.02,64.94,97,32
5,19,20,64.94,64.04,97,6
5,19,21,64.94,62.96,93,0
5,19,22,64.94,64.04,97,0
5,19,23,64.04,62.96,97,0
5,20,24,64.94,64.94,100,0
5,20,1,64.94,64.04,97,0
5,20,2,64.04,62.96,97,0
5,20,3,62.96,62.96,100,0
5,20,4,62.96,62.06,97,0
5,20,5,62.96,62.06,97,0
5,20,6,64.04,62.06,93,25
5,20,7,64.94,62.96,93,94
5,20,8,64.94,64.04,97,204
5,20,9,68.0,64.04,87,278
5,20,10,69.98,64.04,81,344
5,20,11,69.98,62.96,79,420
5,20,12,66.92,64.94,93,390
5,20,13,68.0,66.02,93,226
5,20,14,71.96,62.96,73,566
5,20,15,73.04,62.96,71,743
5,20,16,75.02,62.96,66,482
5,20,17,71.06,60.98,71,304
5,20,18,73.94,62.06,66,183
5,20,19,68.0,53.96,61,66
5,20,20,62.96,55.94,78,6
5,20,21,62.06,57.02,84,0
5,20,22,60.08,57.92,93,0
5,20,23,60.08,57.92,93,0
5,21,24,60.98,57.02,87,0
5,21,1,59.0,57.02,93,0
5,21,2,59.0,57.02,93,0
5,21,3,59.0,57.02,93,0
5,21,4,57.02,53.06,87,0
5,21,5,55.94,51.98,87,0
5,21,6,55.04,51.08,87,31
5,21,7,57.92,53.06,84,161
5,21,8,62.06,50.0,65,374
5,21,9,64.04,50.0,61,601
5,21,10,66.02,50.0,57,778
5,21,11,68.0,48.92,51,793
5,21,12,71.06,51.08,49,971
5,21,13,73.04,51.08,46,815
5,21,14,71.96,51.98,50,789
5,21,15,75.02,50.0,42,700
5,21,16,75.02,48.92,40,637
5,21,17,75.02,50.0,42,366
5,21,18,71.96,51.98,50,270
5,21,19,69.98,50.0,49,81
5,21,20,66.92,57.02,70,6
5,21,21,64.04,48.02,56,0
5,21,22,62.06,46.04,56,0
5,21,23,60.08,44.06,56,0
5,22,24,59.0,44.96,60,0
5,22,1,57.92,42.08,56,0
5,22,2,55.04,42.08,62,0
5,22,3,53.06,42.98,69,0
5,22,4,53.96,42.98,67,0
5,22,5,51.08,44.06,77,0
5,22,6,53.06,42.98,69,24
5,22,7,53.96,42.98,67,135
5,22,8,57.02,44.06,62,190
5,22,9,59.0,42.08,54,566
5,22,10,62.96,44.06,50,606
5,22,11,64.04,44.96,50,671
5,22,12,66.02,46.04,49,931
5,22,13,69.08,46.04,44,952
5,22,14,73.94,46.94,38,880
5,22,15,71.06,41.0,34,575
5,22,16,69.98,42.98,38,475
5,22,17,71.96,42.08,34,422
5,22,18,69.08,39.92,35,222
5,22,19,64.94,44.06,47,100
5,22,20,62.96,44.06,50,10
5,22,21,60.08,44.06,56,0
5,22,22,59.0,44.96,60,0
5,22,23,57.92,46.94,67,0
5,23,24,57.02,44.96,64,0
5,23,1,53.96,46.04,75,0
5,23,2,51.08,41.0,69,0
5,23,3,50.0,48.02,93,0
5,23,4,48.02,46.04,93,0
5,23,5,48.92,46.94,93,0
5,23,6,48.92,42.98,80,29
5,23,7,57.02,50.0,78,158
5,23,8,62.96,46.94,56,305
5,23,9,64.94,44.06,47,513
5,23,10,68.0,42.08,39,521
5,23,11,71.06,44.06,38,660
5,23,12,69.08,44.06,41,322
5,23,13,66.92,44.96,45,389
5,23,14,62.96,48.02,58,393
5,23,15,62.06,50.0,65,277
5,23,16,62.06,51.98,70,278
5,23,17,62.96,51.08,65,248
5,23,18,62.06,53.96,75,81
5,23,19,60.98,53.96,78,45
5,23,20,60.98,53.06,75,8
5,23,21,60.08,53.96,81,0
5,23,22,59.0,53.96,84,0
5,23,23,60.08,55.04,84,0
5,24,24,59.0,55.94,90,0
5,24,1,59.0,55.94,90,0
5,24,2,57.92,55.94,93,0
5,24,3,57.92,55.94,93,0
5,24,4,57.92,55.94,93,0
5,24,5,57.92,55.94,93,0
5,24,6,59.0,55.94,90,24
5,24,7,62.06,55.94,81,140
5,24,8,66.02,55.94,70,279
5,24,9,66.02,55.04,68,596
5,24,10,71.06,53.96,55,773
5,24,11,73.04,55.04,53,901
5,24,12,75.92,53.96,47,864
5,24,13,78.98,57.02,47,936
5,24,14,80.06,55.94,44,512
5,24,15,78.98,59.0,51,484
5,24,16,78.98,59.0,51,346
5,24,17,78.98,60.08,52,350
5,24,18,78.08,59.0,52,175
5,24,19,77.0,60.08,56,48
5,24,20,73.94,62.06,66,2
5,24,21,69.98,64.04,81,0
5,24,22,71.06,62.06,73,0
5,24,23,69.08,62.96,81,0
5,25,24,68.0,62.06,81,0
5,25,1,66.92,60.98,81,0
5,25,2,64.94,60.98,87,0
5,25,3,64.94,60.98,87,0
5,25,4,64.94,60.98,87,0
5,25,5,64.04,59.0,84,0
5,25,6,62.96,57.92,84,19
5,25,7,62.96,57.02,81,65
5,25,8,64.94,57.02,76,145
5,25,9,66.92,57.92,73,464
5,25,10,71.96,60.08,66,335
5,25,11,71.96,59.0,64,276
5,25,12,71.96,59.0,64,409
5,25,13,73.94,59.0,60,456
5,25,14,73.94,60.08,62,355
5,25,15,71.96,60.98,69,381
5,25,16,71.96,60.98,69,277
5,25,17,71.06,62.06,73,223
5,25,18,69.98,62.06,76,133
5,25,19,69.08,62.96,81,64
5,25,20,68.0,60.98,78,9
5,25,21,66.92,60.98,81,0
5,25,22,66.02,60.08,81,0
5,25,23,64.94,60.08,84,0
5,26,24,64.94,60.08,84,0
5,26,1,64.04,60.08,87,0
5,26,2,64.04,59.0,84,0
5,26,3,62.96,59.0,87,0
5,26,4,64.04,59.0,84,0
5,26,5,64.04,59.0,84,0
5,26,6,62.96,59.0,87,28
5,26,7,62.96,60.08,90,87
5,26,8,64.04,60.08,87,205
5,26,9,62.96,62.06,97,161
5,26,10,62.96,62.06,97,205
5,26,11,64.94,60.98,87,409
5,26,12,64.94,57.92,78,267
5,26,13,66.02,60.08,81,294
5,26,14,68.0,59.0,73,428
5,26,15,69.08,59.0,71,405
5,26,16,68.0,57.02,68,350
5,26,17,69.08,57.92,68,240
5,26,18,68.0,55.04,63,108
5,26,19,66.92,55.04,66,75
5,26,20,64.94,57.02,76,3
5,26,21,64.94,60.98,87,0
5,26,22,64.94,60.08,84,0
5,26,23,64.04,60.08,87,0
5,27,24,64.04,60.08,87,0
5,27,1,62.96,60.08,90,0
5,27,2,62.96,60.08,90,0
5,27,3,62.96,60.08,90,0
5,27,4,62.06,60.98,97,0
5,27,5,62.96,60.98,93,0
5,27,6,62.96,60.98,93,16
5,27,7,62.96,60.08,90,67
5,27,8,62.96,60.08,90,78
5,27,9,64.04,60.98,90,283
5,27,10,62.96,60.98,93,209
5,27,11,64.94,62.96,93,238
5,27,12,66.92,62.96,87,226
5,27,13,68.0,64.94,90,399
5,27,14,69.08,64.94,87,472
5,27,15,71.96,64.04,76,401
5,27,16,69.98,64.04,81,322
5,27,17,69.98,64.04,81,245
5,27,18,69.98,64.04,81,147
5,27,19,69.08,64.04,84,77
5,27,20,66.02,62.96,90,9
5,27,21,66.92,64.04,90,0
5,27,22,66.92,64.04,90,0
5,27,23,66.02,64.04,93,0
5,28,24,66.02,64.04,93,0
5,28,1,66.92,64.94,93,0
5,28,2,68.0,66.02,93,0
5,28,3,68.0,66.02,93,0
5,28,4,66.92,64.04,90,0
5,28,5,66.92,64.04,90,0
5,28,6,66.02,64.04,93,20
5,28,7,66.92,64.04,90,75
5,28,8,69.08,62.96,81,297
5,28,9,75.02,66.92,76,327
5,28,10,75.02,64.94,71,478
5,28,11,77.0,64.94,67,442
5,28,12,80.06,62.06,54,510
5,28,13,82.94,62.06,49,908
5,28,14,84.02,60.08,44,324
5,28,15,80.96,62.06,53,285
5,28,16,77.0,62.96,62,564
5,28,17,78.98,64.94,62,256
5,28,18,77.0,66.92,71,161
5,28,19,75.92,66.92,74,59
5,28,20,73.94,68.0,82,9
5,28,21,71.96,66.02,82,0
5,28,22,69.98,66.92,90,0
5,28,23,69.98,66.92,90,0
5,29,24,68.0,66.02,93,0
5,29,1,66.92,64.04,90,0
5,29,2,66.92,64.94,93,0
5,29,3,66.02,64.94,97,0
5,29,4,64.94,64.04,97,0
5,29,5,66.02,64.04,93,0
5,29,6,66.92,64.94,93,19
5,29,7,69.98,66.02,87,112
5,29,8,75.02,62.96,66,255
5,29,9,75.02,66.02,74,455
5,29,10,80.06,64.04,58,657
5,29,11,82.04,64.94,57,678
5,29,12,82.94,64.04,53,815
5,29,13,82.94,60.08,46,562
5,29,14,84.92,62.96,48,645
5,29,15,84.02,64.04,51,493
5,29,16,84.02,64.94,53,295
5,29,17,82.94,64.94,55,159
5,29,18,80.96,64.94,58,108
5,29,19,78.98,66.02,65,35
5,29,20,77.0,66.92,71,9
5,29,21,75.02,66.92,76,0
5,29,22,71.06,66.92,87,0
5,29,23,71.96,66.92,84,0
5,30,24,71.96,68.0,87,0
5,30,1,71.06,68.0,90,0
5,30,2,71.06,66.92,87,0
5,30,3,71.06,68.0,90,0
5,30,4,71.06,68.0,90,0
5,30,5,69.08,66.02,90,0
5,30,6,68.0,66.02,93,23
5,30,7,71.06,66.02,84,107
5,30,8,77.0,66.02,69,333
5,30,9,78.98,64.94,62,523
5,30,10,82.04,64.04,55,688
5,30,11,84.02,66.92,57,868
5,30,12,86.0,69.08,57,846
5,30,13,87.08,66.92,52,803
5,30,14,86.0,62.06,45,773
5,30,15,86.0,62.06,45,689
5,30,16,82.94,62.96,51,535
5,30,17,82.04,64.04,55,306
5,30,18,80.96,64.94,58,175
5,30,19,78.08,64.94,64,63
5,30,20,75.02,64.94,71,6
5,30,21,75.02,64.94,71,0
5,30,22,75.02,64.94,71,0
5,30,23,73.94,64.94,74,0
5,31,24,69.98,62.06,76,0
5,31,1,69.98,62.96,79,0
5,31,2,69.08,64.94,87,0
5,31,3,66.92,64.04,90,0
5,31,4,68.0,64.04,87,0
5,31,5,66.92,62.96,87,0
5,31,6,68.0,60.98,78,28
5,31,7,69.08,62.06,79,69
5,31,8,71.96,62.06,71,343
5,31,9,75.02,60.98,62,539
5,31,10,80.06,64.04,58,625
5,31,11,82.04,64.94,57,897
5,31,12,84.02,66.02,55,883
5,31,13,84.92,66.92,55,856
5,31,14,82.04,57.02,43,663
5,31,15,87.08,57.02,36,771
5,31,16,84.92,57.02,39,641
5,31,17,86.0,55.04,35,476
5,31,18,84.02,55.94,38,301
5,31,19,82.94,57.02,41,99
5,31,20,78.98,59.0,51,11
5,31,21,75.02,60.08,60,0
5,31,22,73.94,60.8,66,0
5,31,23,73.04,61.52,78,0
6,1,24,71.96,62.24,76,0
6,1,1,71.06,62.78,79,0
6,1,2,69.98,63.5,79,0
6,1,3,69.08,64.22,84,0
6,1,4,68.0,64.94,90,0
6,1,5,66.92,64.04,90,0
6,1,6,68.0,64.94,90,35
6,1,7,73.94,64.04,71,181
6,1,8,80.06,64.94,60,385
6,1,9,82.94,66.02,57,588
6,1,10,86.0,66.02,51,763
6,1,11,87.98,66.02,48,895
6,1,12,87.98,66.02,48,916
6,1,13,89.96,66.02,45,900
6,1,14,91.04,66.92,45,875
6,1,15,91.04,66.92,45,648
6,1,16,91.04,66.92,45,685
6,1,17,89.96,68.0,48,487
6,1,18,89.06,66.92,48,285
6,1,19,84.92,68.0,57,92
6,1,20,80.96,68.0,65,10
6,1,21,78.98,68.0,69,0
6,1,22,78.08,68.0,72,0
6,1,23,77.0,66.92,71,0
6,2,24,75.02,66.92,76,0
6,2,1,71.96,66.92,84,0
6,2,2,73.04,68.0,84,0
6,2,3,71.96,68.0,87,0
6,2,4,71.96,68.0,87,0
6,2,5,71.06,66.92,87,0
6,2,6,71.96,66.02,82,33
6,2,7,75.92,68.0,76,170
6,2,8,80.96,68.0,65,370
6,2,9,86.0,68.0,55,574
6,2,10,87.08,66.02,50,750
6,2,11,89.06,66.92,48,880
6,2,12,89.96,68.0,48,959
6,2,13,89.96,66.02,45,941
6,2,14,91.94,66.02,42,884
6,2,15,93.02,66.02,41,473
6,2,16,82.94,62.96,51,172
6,2,17,71.06,66.92,87,209
6,2,18,69.98,68.0,93,61
6,2,19,71.06,66.02,84,63
6,2,20,69.08,66.02,90,14
6,2,21,68.0,66.02,93,0
6,2,22,68.0,64.94,90,0
6,2,23,66.02,64.94,97,0
6,3,24,66.92,66.02,97,0
6,3,1,66.02,64.94,97,0
6,3,2,66.92,64.94,93,0
6,3,3,66.02,66.02,100,0
6,3,4,66.02,64.04,93,0
6,3,5,66.02,64.04,93,0
6,3,6,66.02,64.04,93,36
6,3,7,68.0,64.94,90,181
6,3,8,71.96,66.02,82,365
6,3,9,77.0,64.94,67,525
6,3,10,80.96,66.92,63,706
6,3,11,84.02,66.02,55,800
6,3,12,84.92,66.92,55,913
6,3,13,84.92,64.04,50,971
6,3,14,87.08,64.94,48,853
6,3,15,87.08,64.94,48,646
6,3,16,86.0,64.04,48,685
6,3,17,86.0,64.94,50,434
6,3,18,84.92,64.94,51,286
6,3,19,82.04,66.92,61,72
6,3,20,77.0,66.92,71,14
6,3,21,75.92,68.0,76,0
6,3,22,73.04,68.0,84,0
6,3,23,71.06,68.0,90,0
6,4,24,73.94,66.02,76,0
6,4,1,73.94,64.04,71,0
6,4,2,71.96,62.06,71,0
6,4,3,69.98,62.96,79,0
6,4,4,69.98,62.06,76,0
6,4,5,69.08,60.98,76,0
6,4,6,69.08,62.06,79,33
6,4,7,71.06,62.96,76,150
6,4,8,75.02,66.02,74,346
6,4,9,77.0,66.92,71,513
6,4,10,82.04,66.92,61,714
6,4,11,84.02,66.02,55,841
6,4,12,84.92,66.02,53,862
6,4,13,86.0,64.94,50,930
6,4,14,87.98,64.04,45,815
6,4,15,87.98,64.94,47,468
6,4,16,87.98,64.94,47,503
6,4,17,84.92,66.92,55,299
6,4,18,80.96,69.08,67,90
6,4,19,71.06,66.92,87,27
6,4,20,69.08,66.92,93,9
6,4,21,69.08,68.0,97,0
6,4,22,69.08,68.0,97,0
6,4,23,69.08,68.0,97,0
6,5,24,69.08,68.0,97,0
6,5,1,69.08,66.92,93,0
6,5,2,66.92,66.02,97,0
6,5,3,68.0,66.92,97,0
6,5,4,68.0,66.92,97,0
6,5,5,66.92,66.02,97,0
6,5,6,68.0,66.92,97,29
6,5,7,69.08,68.0,97,58
6,5,8,69.98,66.92,90,157
6,5,9,73.04,68.0,84,269
6,5,10,75.92,69.08,79,657
6,5,11,78.98,69.08,72,780
6,5,12,80.96,69.08,67,818
6,5,13,84.02,66.92,57,926
6,5,14,86.0,66.02,51,855
6,5,15,84.92,66.02,53,554
6,5,16,84.92,66.92,55,411
6,5,17,84.92,66.92,55,373
6,5,18,80.06,66.92,65,60
6,5,19,73.04,66.92,82,31
6,5,20,69.98,66.92,90,8
6,5,21,69.08,68.0,97,0
6,5,22,68.0,66.92,97,0
6,5,23,66.92,66.02,97,0
6,6,24,66.92,66.02,97,0
6,6,1,66.92,64.94,93,0
6,6,2,66.92,66.02,97,0
6,6,3,68.0,66.02,93,0
6,6,4,66.92,66.02,97,0
6,6,5,68.0,64.94,90,0
6,6,6,66.92,64.94,93,21
6,6,7,68.0,64.94,90,93
6,6,8,68.0,64.94,90,150
6,6,9,69.98,66.02,87,277
6,6,10,71.96,66.02,82,306
6,6,11,73.04,64.94,76,508
6,6,12,75.92,64.94,69,431
6,6,13,75.02,64.94,71,630
6,6,14,77.0,66.02,69,257
6,6,15,80.06,64.94,60,654
6,6,16,78.08,64.04,62,443
6,6,17,69.98,66.92,90,163
6,6,18,71.06,68.0,90,93
6,6,19,71.06,68.0,90,24
6,6,20,69.08,66.02,90,10
6,6,21,69.08,66.02,90,0
6,6,22,68.0,66.02,93,0
6,6,23,68.0,66.02,93,0
6,7,24,68.0,66.02,93,0
6,7,1,66.92,64.94,93,0
6,7,2,66.02,64.94,97,0
6,7,3,66.92,64.94,93,0
6,7,4,66.02,64.94,97,0
6,7,5,66.02,64.94,97,0
6,7,6,66.92,64.94,93,19
6,7,7,66.92,64.94,93,94
6,7,8,68.0,64.94,90,166
6,7,9,69.08,64.94,87,261
6,7,10,71.06,64.94,81,330
6,7,11,71.96,64.94,79,568
6,7,12,75.92,66.92,74,670
6,7,13,75.92,64.94,69,923
6,7,14,75.02,64.94,71,872
6,7,15,78.08,66.02,67,719
6,7,16,78.08,66.02,67,622
6,7,17,78.98,66.02,65,452
6,7,18,75.92,66.92,74,252
6,7,19,73.04,66.92,82,99
6,7,20,69.98,62.96,79,7
6,7,21,66.92,62.96,87,0
6,7,22,66.92,62.96,87,0
6,7,23,64.94,62.96,93,0
6,8,24,64.04,62.96,97,0
6,8,1,64.04,62.96,97,0
6,8,2,64.94,62.96,93,0
6,8,3,64.94,64.04,97,0
6,8,4,64.94,64.04,97,0
6,8,5,66.02,64.04,93,0
6,8,6,66.02,64.04,93,17
6,8,7,66.92,64.94,93,165
6,8,8,71.96,66.02,82,367
6,8,9,73.04,68.0,84,563
6,8,10,75.92,69.08,79,626
6,8,11,78.08,68.0,72,316
6,8,12,80.06,68.0,67,351
6,8,13,80.06,69.08,69,830
6,8,14,80.96,66.92,63,774
6,8,15,80.96,66.02,60,395
6,8,16,69.98,68.0,93,137
6,8,17,71.06,69.08,93,99
6,8,18,69.98,68.0,93,90
6,8,19,71.06,69.08,93,58
6,8,20,71.06,69.08,93,5
6,8,21,69.98,68.0,93,0
6,8,22,69.08,68.0,97,0
6,8,23,69.08,68.0,97,0
6,9,24,69.08,68.0,97,0
6,9,1,69.08,68.0,97,0
6,9,2,69.08,68.0,97,0
6,9,3,69.08,66.92,93,0
6,9,4,69.08,66.92,93,0
6,9,5,69.08,68.0,97,0
6,9,6,69.08,68.0,97,18
6,9,7,69.98,68.0,93,85
6,9,8,69.08,68.0,97,105
6,9,9,69.98,66.92,90,285
6,9,10,69.98,68.0,93,226
6,9,11,69.98,68.0,93,259
6,9,12,71.96,69.08,90,262
6,9,13,75.92,71.06,85,497
6,9,14,77.0,71.06,82,867
6,9,15,78.98,69.08,72,259
6,9,16,80.96,69.98,69,657
6,9,17,78.98,68.0,69,263
6,9,18,75.92,66.92,74,204
6,9,19,75.02,69.98,85,77
6,9,20,71.96,69.08,90,17
6,9,21,71.06,68.0,90,0
6,9,22,71.06,68.0,90,0
6,9,23,69.08,66.92,93,0
6,10,24,68.0,66.92,97,0
6,10,1,68.0,64.94,90,0
6,10,2,64.94,62.96,93,0
6,10,3,62.96,62.06,97,0
6,10,4,62.06,60.98,97,0
6,10,5,60.98,60.98,100,0
6,10,6,62.96,62.06,97,31
6,10,7,66.92,62.96,87,160
6,10,8,71.96,62.96,73,358
6,10,9,75.02,60.98,62,564
6,10,10,77.0,62.06,60,743
6,10,11,78.98,62.06,56,835
6,10,12,80.06,62.06,54,926
6,10,13,80.06,62.06,54,1013
6,10,14,82.94,60.08,46,852
6,10,15,82.04,59.0,46,799
6,10,16,82.04,59.0,46,649
6,10,17,82.04,57.02,43,465
6,10,18,80.96,57.92,46,246
6,10,19,78.98,60.98,54,94
6,10,20,75.02,60.98,62,9
6,10,21,73.94,59.0,60,0
6,10,22,71.06,57.92,64,0
6,10,23,69.98,57.02,64,0
6,11,24,68.0,57.02,68,0
6,11,1,66.92,55.04,66,0
6,11,2,64.94,55.04,70,0
6,11,3,62.96,55.04,75,0
6,11,4,62.06,53.96,75,0
6,11,5,60.98,53.96,78,0
6,11,6,62.06,55.04,78,35
6,11,7,64.94,55.94,73,166
6,11,8,68.0,55.04,63,364
6,11,9,69.98,53.06,55,549
6,11,10,71.96,53.96,53,670
6,11,11,73.94,55.04,52,826
6,11,12,75.02,53.96,48,869
6,11,13,77.0,55.94,48,915
6,11,14,78.98,53.96,42,897
6,11,15,78.98,53.06,41,804
6,11,16,80.06,53.06,39,672
6,11,17,80.06,53.96,41,474
6,11,18,78.08,53.96,44,287
6,11,19,75.02,55.94,52,109
6,11,20,71.06,57.02,61,17
6,11,21,69.08,57.92,68,0
6,11,22,66.92,57.92,73,0
6,11,23,66.92,57.92,73,0
6,12,24,68.0,57.02,68,0
6,12,1,66.02,57.02,73,0
6,12,2,66.02,57.92,76,0
6,12,3,64.94,57.92,78,0
6,12,4,64.94,59.0,81,0
6,12,5,64.94,60.08,84,0
6,12,6,66.02,60.98,84,25
6,12,7,66.02,62.06,87,100
6,12,8,69.98,62.96,79,320
6,12,9,73.94,64.94,74,545
6,12,10,77.0,64.94,67,718
6,12,11,78.98,66.92,67,650
6,12,12,80.06,66.92,65,862
6,12,13,80.96,68.0,65,673
6,12,14,82.04,68.0,63,556
6,12,15,82.94,69.08,63,506
6,12,16,82.04,69.08,65,291
6,12,17,75.92,66.92,74,121
6,12,18,69.08,66.02,90,202
6,12,19,71.06,66.92,87,90
6,12,20,69.08,66.02,90,16
6,12,21,68.0,64.94,90,0
6,12,22,66.92,64.94,93,0
6,12,23,66.92,64.94,93,0
6,13,24,66.02,64.04,93,0
6,13,1,66.02,64.94,97,0
6,13,2,64.94,64.04,97,0
6,13,3,64.94,64.04,97,0
6,13,4,64.94,64.04,97,0
6,13,5,66.02,64.94,97,0
6,13,6,66.02,64.94,97,37
6,13,7,68.0,66.92,97,147
6,13,8,71.96,69.08,90,399
6,13,9,77.0,69.98,79,561
6,13,10,80.96,69.98,69,751
6,13,11,80.96,69.98,69,744
6,13,12,82.04,69.08,65,522
6,13,13,80.96,69.08,67,648
6,13,14,75.02,69.08,82,221
6,13,15,78.08,69.98,77,309
6,13,16,78.08,68.0,72,466
6,13,17,80.06,64.04,58,513
6,13,18,80.06,62.96,56,307
6,13,19,78.08,64.94,64,133
6,13,20,73.94,64.94,74,20
6,13,21,73.04,64.94,76,0
6,13,22,69.98,64.94,84,0
6,13,23,69.98,64.04,81,0
6,14,24,71.06,62.96,76,0
6,14,1,68.0,62.96,84,0
6,14,2,68.0,64.04,87,0
6,14,3,66.02,62.96,90,0
6,14,4,66.92,64.04,90,0
6,14,5,64.94,62.96,93,0
6,14,6,66.02,64.94,97,31
6,14,7,71.06,66.92,87,153
6,14,8,75.92,66.92,74,347
6,14,9,78.98,68.0,69,548
6,14,10,82.04,68.0,63,726
6,14,11,84.02,64.94,53,863
6,14,12,86.0,66.02,51,946
6,14,13,87.98,66.02,48,968
6,14,14,89.06,68.0,50,935
6,14,15,89.06,68.0,50,706
6,14,16,87.98,69.08,53,616
6,14,17,87.98,68.0,52,401
6,14,18,87.08,66.92,52,253
6,14,19,84.02,66.92,57,79
6,14,20,80.96,69.08,67,14
6,14,21,78.98,68.0,69,0
6,14,22,77.0,66.02,69,0
6,14,23,73.04,64.94,76,0
6,15,24,71.06,64.94,81,0
6,15,1,69.98,64.94,84,0
6,15,2,69.08,64.94,87,0
6,15,3,68.0,66.02,93,0
6,15,4,68.0,66.02,93,0
6,15,5,68.0,66.02,93,0
6,15,6,69.08,66.92,93,40
6,15,7,73.04,68.0,84,121
6,15,8,75.92,68.0,76,200
6,15,9,78.98,69.08,72,522
6,15,10,80.06,69.08,69,226
6,15,11,80.96,69.08,67,833
6,15,12,84.02,69.08,61,859
6,15,13,84.92,68.0,57,667
6,15,14,84.92,68.0,57,684
6,15,15,82.04,68.0,63,209
6,15,16,69.98,66.92,90,184
6,15,17,73.04,66.02,79,357
6,15,18,71.06,66.92,87,72
6,15,19,69.08,66.92,93,30
6,15,20,69.08,66.92,93,11
6,15,21,69.08,66.02,90,0
6,15,22,68.0,66.02,93,0
6,15,23,66.92,64.94,93,0
6,16,24,66.92,64.94,93,0
6,16,1,68.0,66.02,93,0
6,16,2,68.0,66.02,93,0
6,16,3,68.0,66.02,93,0
6,16,4,68.0,66.02,93,0
6,16,5,68.0,66.02,93,0
6,16,6,68.0,66.02,93,22
6,16,7,69.98,66.92,90,64
6,16,8,69.98,66.92,90,96
6,16,9,73.04,68.0,84,245
6,16,10,75.02,68.0,79,324
6,16,11,73.94,66.92,79,376
6,16,12,71.96,68.0,87,439
6,16,13,71.96,68.0,87,270
6,16,14,71.06,69.08,93,293
6,16,15,73.04,69.08,87,377
6,16,16,73.94,69.08,85,479
6,16,17,75.02,68.0,79,310
6,16,18,73.04,69.08,87,126
6,16,19,68.0,66.92,97,27
6,16,20,66.92,66.02,97,11
6,16,21,66.92,64.94,93,0
6,16,22,66.02,64.04,93,0
6,16,23,66.02,64.04,93,0
6,17,24,66.02,64.94,97,0
6,17,1,66.02,64.94,97,0
6,17,2,66.92,64.94,93,0
6,17,3,66.92,64.94,93,0
6,17,4,66.92,64.94,93,0
6,17,5,66.92,64.94,93,0
6,17,6,66.02,64.94,97,25
6,17,7,66.92,64.94,93,74
6,17,8,69.08,66.02,90,139
6,17,9,71.96,66.02,82,292
6,17,10,73.04,64.04,74,590
6,17,11,75.92,64.94,69,660
6,17,12,77.0,62.96,62,750
6,17,13,77.0,62.06,60,642
6,17,14,78.98,62.96,58,940
6,17,15,80.06,60.98,52,733
6,17,16,80.06,62.96,56,641
6,17,17,78.98,62.96,58,469
6,17,18,78.98,62.06,56,275
6,17,19,75.92,62.96,64,96
6,17,20,73.04,62.96,71,17
6,17,21,69.98,64.04,81,0
6,17,22,69.08,62.96,81,0
6,17,23,66.92,64.04,90,0
6,18,24,66.92,64.04,90,0
6,18,1,64.94,62.06,90,0
6,18,2,64.04,60.98,90,0
6,18,3,62.96,60.98,93,0
6,18,4,62.06,60.98,97,0
6,18,5,60.98,60.08,97,0
6,18,6,62.06,60.98,97,24
6,18,7,66.02,62.96,90,159
6,18,8,71.06,60.98,71,356
6,18,9,73.94,57.92,58,541
6,18,10,75.92,59.0,56,704
6,18,11,80.06,51.98,38,844
6,18,12,80.96,57.92,46,919
6,18,13,82.04,57.02,43,939
6,18,14,82.94,57.02,41,892
6,18,15,82.94,57.02,41,852
6,18,16,82.94,55.04,38,700
6,18,17,82.94,59.0,44,459
6,18,18,80.06,60.98,52,167
6,18,19,78.08,62.06,58,84
6,18,20,75.02,62.06,64,12
6,18,21,73.04,62.06,69,0
6,18,22,71.06,64.04,79,0
6,18,23,71.06,64.04,79,0
6,19,24,71.06,64.04,79,0
6,19,1,69.08,62.96,81,0
6,19,2,68.0,62.06,81,0
6,19,3,68.0,62.06,81,0
6,19,4,66.92,62.06,84,0
6,19,5,66.92,62.06,84,0
6,19,6,69.08,64.04,84,31
6,19,7,71.06,64.94,81,113
6,19,8,75.92,64.94,69,364
6,19,9,78.98,66.02,65,543
6,19,10,80.96,64.04,56,691
6,19,11,82.94,64.94,55,870
6,19,12,84.02,62.96,49,840
6,19,13,84.92,64.04,50,701
6,19,14,84.92,64.04,50,873
6,19,15,86.0,62.96,46,748
6,19,16,80.96,62.96,54,304
6,19,17,78.98,64.94,62,303
6,19,18,80.06,66.92,65,177
6,19,19,80.06,66.02,63,83
6,19,20,77.0,66.92,71,13
6,19,21,73.04,66.92,82,0
6,19,22,71.96,68.0,87,0
6,19,23,71.06,68.0,90,0
6,20,24,71.06,66.92,87,0
6,20,1,69.08,66.02,90,0
6,20,2,68.0,66.02,93,0
6,20,3,66.92,64.94,93,0
6,20,4,66.02,64.94,97,0
6,20,5,66.02,64.04,93,0
6,20,6,66.92,64.94,93,20
6,20,7,68.0,66.02,93,65
6,20,8,69.08,66.02,90,137
6,20,9,71.06,66.92,87,291
6,20,10,75.02,66.92,76,253
6,20,11,77.0,66.92,71,553
6,20,12,78.08,66.92,69,627
6,20,13,77.0,68.0,74,547
6,20,14,80.96,69.08,67,433
6,20,15,71.96,68.0,87,205
6,20,16,71.06,69.08,93,141
6,20,17,71.96,69.98,94,204
6,20,18,71.06,69.08,93,113
6,20,19,71.06,69.98,97,55
6,20,20,69.98,68.0,93,12
6,20,21,69.98,68.0,93,0
6,20,22,69.98,69.08,97,0
6,20,23,69.98,69.08,97,0
6,21,24,69.98,69.08,97,0
6,21,1,69.98,69.08,97,0
6,21,2,66.02,64.94,97,0
6,21,3,66.02,64.94,97,0
6,21,4,64.94,64.04,97,0
6,21,5,64.94,64.94,100,0
6,21,6,66.02,64.94,97,21
6,21,7,68.0,66.02,93,47
6,21,8,69.08,68.0,97,166
6,21,9,71.06,69.08,93,272
6,21,10,73.94,71.06,90,390
6,21,11,75.92,69.98,82,481
6,21,12,77.0,69.98,79,702
6,21,13,80.96,69.98,69,745
6,21,14,77.0,69.98,79,448
6,21,15,77.0,73.04,88,842
6,21,16,78.08,71.96,82,637
6,21,17,75.92,69.98,82,437
6,21,18,75.02,71.06,87,100
6,21,19,73.94,69.98,87,51
6,21,20,73.04,71.06,94,10
6,21,21,71.96,69.98,94,0
6,21,22,66.92,66.02,97,0
6,21,23,66.92,66.92,100,0
6,22,24,68.0,68.0,100,0
6,22,1,68.0,66.92,97,0
6,22,2,68.0,66.92,97,0
6,22,3,68.0,66.92,97,0
6,22,4,68.0,66.92,97,0
6,22,5,66.92,66.02,97,0
6,22,6,66.92,66.02,97,17
6,22,7,69.08,66.92,93,83
6,22,8,69.08,66.92,93,127
6,22,9,69.98,66.92,90,193
6,22,10,71.06,66.92,87,255
6,22,11,73.04,68.0,84,297
6,22,12,73.94,68.0,82,365
6,22,13,77.0,68.0,74,728
6,22,14,78.98,69.08,72,625
6,22,15,80.06,68.0,67,676
6,22,16,80.96,68.0,65,634
6,22,17,80.06,68.0,67,392
6,22,18,80.06,68.0,67,250
6,22,19,78.08,68.0,72,86
6,22,20,73.94,69.08,85,11
6,22,21,73.94,69.98,87,0
6,22,22,73.04,69.08,87,0
6,22,23,71.96,69.08,90,0
6,23,24,71.96,69.08,90,0
6,23,1,69.98,68.0,93,0
6,23,2,69.08,68.0,97,0
6,23,3,68.0,66.92,97,0
6,23,4,69.08,68.0,97,0
6,23,5,68.0,68.0,100,0
6,23,6,69.08,68.0,97,20
6,23,7,71.06,69.98,97,157
6,23,8,75.02,69.98,85,336
6,23,9,80.06,69.98,72,545
6,23,10,80.96,69.98,69,638
6,23,11,80.96,68.0,65,755
6,23,12,82.94,66.92,59,756
6,23,13,84.02,66.92,57,968
6,23,14,87.08,66.92,52,840
6,23,15,87.08,68.0,53,778
6,23,16,87.98,64.94,47,671
6,23,17,86.0,68.0,55,477
6,23,18,86.0,66.92,53,290
6,23,19,82.94,69.08,63,85
6,23,20,78.98,69.98,74,14
6,23,21,78.08,69.98,77,0
6,23,22,64.04,62.96,97,0
6,23,23,68.0,59.0,73,0
6,24,24,69.08,66.92,93,0
6,24,1,69.08,66.92,93,0
6,24,2,69.08,66.92,93,0
6,24,3,69.08,68.0,97,0
6,24,4,69.08,68.0,97,0
6,24,5,68.0,68.0,100,0
6,24,6,69.08,68.0,97,20
6,24,7,71.96,69.08,90,140
6,24,8,75.02,71.06,87,319
6,24,9,78.98,73.04,82,491
6,24,10,80.06,71.06,74,572
6,24,11,80.96,69.98,69,566
6,24,12,82.04,69.98,67,806
6,24,13,84.02,68.0,59,739
6,24,14,84.02,66.92,57,774
6,24,15,87.08,66.92,52,769
6,24,16,84.92,66.92,55,664
6,24,17,87.08,66.92,52,486
6,24,18,84.92,68.0,57,301
6,24,19,82.94,68.0,61,123
6,24,20,77.0,69.98,79,19
6,24,21,77.0,69.98,79,0
6,24,22,73.94,68.0,82,0
6,24,23,73.04,66.92,82,0
6,25,24,73.04,66.92,82,0
6,25,1,71.06,66.92,87,0
6,25,2,69.98,68.0,93,0
6,25,3,69.08,66.92,93,0
6,25,4,68.0,66.02,93,0
6,25,5,68.0,66.02,93,0
6,25,6,69.08,66.92,93,39
6,25,7,71.96,68.0,87,186
6,25,8,75.02,68.0,79,386
6,25,9,78.08,66.92,69,584
6,25,10,80.96,68.0,65,762
6,25,11,82.94,68.0,61,747
6,25,12,84.92,68.0,57,929
6,25,13,84.92,66.92,55,890
6,25,14,87.08,66.92,52,709
6,25,15,86.0,66.92,53,831
6,25,16,87.08,64.94,48,743
6,25,17,87.08,66.92,52,539
6,25,18,84.02,69.98,63,303
6,25,19,80.96,69.98,69,116
6,25,20,78.08,69.98,77,22
6,25,21,77.0,71.06,82,0
6,25,22,75.92,71.06,85,0
6,25,23,73.94,71.06,90,0
6,26,24,73.04,69.98,90,0
6,26,1,73.04,69.08,87,0
6,26,2,71.96,69.08,90,0
6,26,3,71.96,69.08,90,0
6,26,4,71.06,69.08,93,0
6,26,5,69.98,68.0,93,0
6,26,6,71.06,69.08,93,34
6,26,7,73.94,69.98,87,173
6,26,8,78.08,71.06,79,374
6,26,9,80.96,69.98,69,574
6,26,10,84.02,71.06,65,745
6,26,11,86.0,71.06,61,883
6,26,12,87.08,69.98,57,929
6,26,13,89.06,69.98,54,923
6,26,14,87.98,69.08,53,423
6,26,15,89.06,69.08,52,715
6,26,16,89.06,69.08,52,681
6,26,17,89.06,69.08,52,481
6,26,18,86.0,71.06,61,287
6,26,19,82.94,71.96,70,84
6,26,20,82.04,71.06,69,17
6,26,21,80.06,71.06,74,0
6,26,22,78.98,71.06,77,0
6,26,23,77.0,71.96,85,0
6,27,24,75.92,71.96,88,0
6,27,1,77.0,71.06,82,0
6,27,2,75.92,71.06,85,0
6,27,3,73.94,71.06,90,0
6,27,4,73.04,71.06,94,0
6,27,5,71.96,71.06,97,0
6,27,6,71.96,71.06,97,23
6,27,7,75.02,71.96,90,149
6,27,8,78.98,73.04,82,337
6,27,9,84.02,71.96,67,540
6,27,10,86.0,73.04,65,715
6,27,11,87.08,73.04,63,855
6,27,12,87.98,73.04,61,832
6,27,13,89.06,73.04,59,936
6,27,14,89.06,73.04,59,825
6,27,15,89.06,71.06,55,804
6,27,16,87.98,69.98,55,596
6,27,17,84.92,69.98,61,260
6,27,18,84.92,71.96,65,137
6,27,19,82.94,71.06,67,81
6,27,20,80.06,71.96,77,12
6,27,21,78.08,71.96,82,0
6,27,22,77.0,71.06,82,0
6,27,23,75.02,71.06,87,0
6,28,24,73.94,69.98,87,0
6,28,1,73.94,69.98,87,0
6,28,2,73.94,71.06,90,0
6,28,3,73.04,69.98,90,0
6,28,4,73.04,69.98,90,0
6,28,5,71.96,69.98,94,0
6,28,6,73.04,69.98,90,22
6,28,7,75.02,71.06,87,143
6,28,8,78.08,71.96,82,337
6,28,9,80.96,71.96,74,539
6,28,10,84.02,71.96,67,720
6,28,11,84.92,73.04,67,852
6,28,12,87.08,71.96,61,725
6,28,13,86.0,71.96,63,773
6,28,14,87.08,69.98,57,182
6,28,15,80.96,68.0,65,519
6,28,16,84.02,66.92,57,534
6,28,17,82.94,69.08,63,325
6,28,18,80.96,69.98,69,128
6,28,19,78.08,69.98,77,68
6,28,20,75.92,73.04,91,7
6,28,21,75.02,73.04,94,0
6,28,22,73.94,73.04,97,0
6,28,23,73.94,71.96,94,0
6,29,24,73.94,71.06,90,0
6,29,1,73.04,71.06,94,0
6,29,2,73.04,71.96,97,0
6,29,3,73.04,71.06,94,0
6,29,4,73.04,69.08,87,0
6,29,5,71.96,69.08,90,0
6,29,6,71.96,68.0,87,17
6,29,7,73.04,66.92,82,87
6,29,8,75.92,64.94,69,220
6,29,9,75.92,62.06,62,343
6,29,10,78.08,62.96,60,627
6,29,11,78.98,62.96,58,779
6,29,12,80.06,62.96,56,751
6,29,13,80.96,60.98,51,882
6,29,14,82.94,62.06,49,770
6,29,15,82.94,62.06,49,738
6,29,16,82.94,60.98,48,638
6,29,17,80.96,60.98,51,511
6,29,18,80.06,62.96,56,211
6,29,19,77.0,62.96,62,115
6,29,20,75.02,62.06,64,23
6,29,21,71.96,64.04,76,0
6,29,22,71.06,62.96,76,0
6,29,23,71.06,62.96,76,0
6,30,24,69.08,64.04,84,0
6,30,1,68.0,62.96,84,0
6,30,2,66.02,60.98,84,0
6,30,3,64.04,59.0,84,0
6,30,4,64.04,57.92,81,0
6,30,5,62.06,57.92,87,0
6,30,6,62.96,57.02,81,26
6,30,7,66.02,59.0,78,125
6,30,8,66.92,57.92,73,366
6,30,9,71.06,57.92,64,571
6,30,10,73.04,55.94,55,744
6,30,11,73.94,57.02,56,885
6,30,12,77.0,57.92,52,970
6,30,13,77.0,59.0,54,961
6,30,14,80.06,60.08,51,938
6,30,15,80.06,60.08,51,802
6,30,16,80.06,60.08,51,625
6,30,17,78.98,57.92,49,492
6,30,18,80.06,57.92,47,302
6,30,19,75.92,59.0,56,125
6,30,20,73.94,59.0,60,16
6,30,21,71.06,60.08,68,0
6,30,22,69.8,60.08,71,0
6,30,23,68.54,60.08,78,0
7,1,24,67.28,60.08,84,0
7,1,1,65.84,60.08,90,0
7,1,2,64.58,60.08,90,0
7,1,3,63.32,60.08,93,0
7,1,4,62.06,60.08,93,0
7,1,5,62.96,60.08,90,0
7,1,6,62.06,59.0,90,27
7,1,7,62.96,60.08,90,132
7,1,8,68.0,60.08,76,176
7,1,9,73.94,57.92,58,292
7,1,10,75.92,60.98,60,343
7,1,11,80.06,60.08,51,758
7,1,12,82.04,59.0,46,448
7,1,13,82.94,60.08,46,831
7,1,14,82.04,55.94,41,458
7,1,15,82.04,55.94,41,555
7,1,16,80.96,62.06,53,406
7,1,17,66.92,60.08,78,102
7,1,18,68.0,62.96,84,83
7,1,19,66.92,62.96,87,46
7,1,20,64.94,62.06,90,12
7,1,21,64.94,62.06,90,0
7,1,22,64.04,62.06,93,0
7,1,23,64.04,62.06,93,0
7,2,24,64.04,62.06,93,0
7,2,1,62.96,62.06,97,0
7,2,2,64.04,62.06,93,0
7,2,3,64.04,62.06,93,0
7,2,4,64.04,62.06,93,0
7,2,5,62.96,62.06,97,0
7,2,6,62.96,60.98,93,21
7,2,7,64.04,62.06,93,84
7,2,8,64.94,62.96,93,152
7,2,9,68.0,64.94,90,263
7,2,10,69.98,64.04,81,337
7,2,11,71.06,64.94,81,241
7,2,12,71.96,68.0,87,447
7,2,13,71.96,66.92,84,295
7,2,14,71.06,66.02,84,451
7,2,15,71.06,66.02,84,403
7,2,16,71.06,66.92,87,335
7,2,17,71.06,66.92,87,162
7,2,18,68.0,64.94,90,106
7,2,19,68.0,66.02,93,48
7,2,20,66.92,64.94,93,12
7,2,21,68.0,66.02,93,0
7,2,22,68.0,66.02,93,0
7,2,23,68.0,66.02,93,0
7,3,24,68.0,66.02,93,0
7,3,1,68.0,66.02,93,0
7,3,2,68.0,66.02,93,0
7,3,3,68.0,66.02,93,0
7,3,4,68.0,66.02,93,0
7,3,5,66.92,64.94,93,0
7,3,6,66.92,66.02,97,23
7,3,7,68.0,66.02,93,97
7,3,8,69.08,66.92,93,123
7,3,9,69.08,66.92,93,301
7,3,10,69.98,68.0,93,230
7,3,11,69.98,66.92,90,242
7,3,12,68.0,62.96,84,262
7,3,13,69.08,64.94,87,276
7,3,14,71.96,68.0,87,260
7,3,15,71.06,64.94,81,241
7,3,16,69.98,66.02,87,206
7,3,17,69.08,66.02,90,161
7,3,18,68.0,66.02,93,111
7,3,19,66.92,64.94,93,48
7,3,20,66.92,64.94,93,9
7,3,21,66.92,64.94,93,0
7,3,22,66.02,64.04,93,0
7,3,23,66.02,64.04,93,0
7,4,24,66.02,64.04,93,0
7,4,1,66.02,64.04,93,0
7,4,2,64.94,64.04,97,0
7,4,3,64.94,62.96,93,0
7,4,4,64.94,62.96,93,0
7,4,5,64.04,62.96,97,0
7,4,6,64.04,62.96,97,26
7,4,7,64.94,62.96,93,98
7,4,8,66.92,64.94,93,191
7,4,9,69.98,64.94,84,418
7,4,10,73.94,66.02,76,545
7,4,11,75.02,66.02,74,704
7,4,12,78.98,68.0,69,870
7,4,13,80.96,66.02,60,890
7,4,14,84.02,66.92,57,889
7,4,15,84.02,66.92,57,449
7,4,16,82.94,66.02,57,572
7,4,17,82.94,64.94,55,417
7,4,18,82.04,66.02,58,157
7,4,19,80.06,66.92,65,66
7,4,20,75.02,66.02,74,12
7,4,21,71.96,64.04,76,0
7,4,22,71.96,66.02,82,0
7,4,23,71.06,66.02,84,0
7,5,24,71.06,66.02,84,0
7,5,1,69.98,66.92,90,0
7,5,2,69.98,66.02,87,0
7,5,3,69.98,66.92,90,0
7,5,4,69.98,66.92,90,0
7,5,5,69.08,66.92,93,0
7,5,6,69.08,66.02,90,25
7,5,7,71.06,68.0,90,134
7,5,8,73.94,69.08,84,350
7,5,9,78.08,69.98,77,438
7,5,10,80.06,71.06,74,637
7,5,11,82.04,69.98,67,841
7,5,12,84.02,69.08,61,915
7,5,13,84.92,69.98,61,824
7,5,14,86.0,69.98,59,826
7,5,15,87.08,69.98,57,766
7,5,16,87.98,69.08,53,450
7,5,17,87.98,69.08,53,384
7,5,18,87.98,69.08,53,325
7,5,19,84.02,69.08,61,122
7,5,20,80.96,69.08,67,21
7,5,21,78.98,69.08,72,0
7,5,22,78.08,69.98,77,0
7,5,23,77.0,68.0,74,0
7,6,24,75.92,68.0,76,0
7,6,1,75.02,68.0,79,0
7,6,2,73.94,69.08,84,0
7,6,3,73.94,69.08,84,0
7,6,4,73.94,69.08,84,0
7,6,5,73.94,69.08,84,0
7,6,6,73.94,69.08,84,12
7,6,7,73.94,69.08,84,79
7,6,8,73.94,69.08,84,118
7,6,9,73.94,69.98,87,301
7,6,10,75.92,69.98,82,287
7,6,11,78.98,71.06,77,345
7,6,12,80.96,71.96,74,447
7,6,13,80.96,71.06,72,403
7,6,14,80.06,71.96,77,399
7,6,15,82.04,73.04,74,443
7,6,16,80.96,71.06,72,347
7,6,17,78.08,73.94,88,151
7,6,18,78.08,71.96,82,174
7,6,19,77.0,71.06,82,83
7,6,20,75.02,71.06,87,11
7,6,21,75.92,69.98,82,0
7,6,22,73.94,69.08,84,0
7,6,23,73.94,69.08,84,0
7,7,24,73.94,69.08,84,0
7,7,1,73.94,69.08,84,0
7,7,2,73.04,69.08,87,0
7,7,3,71.06,69.08,93,0
7,7,4,71.06,68.0,90,0
7,7,5,71.06,68.0,90,0
7,7,6,71.06,68.0,90,20
7,7,7,75.02,69.08,82,144
7,7,8,80.06,69.08,69,340
7,7,9,82.94,69.98,65,506
7,7,10,82.94,69.98,65,722
7,7,11,84.92,71.06,63,568
7,7,12,86.0,71.06,61,573
7,7,13,87.98,69.98,55,914
7,7,14,89.06,69.98,54,944
7,7,15,89.96,69.98,52,819
7,7,16,89.06,69.08,52,622
7,7,17,89.96,69.08,50,488
7,7,18,87.98,69.98,55,327
7,7,19,87.08,69.98,57,133
7,7,20,84.02,69.98,63,22
7,7,21,82.94,69.98,65,0
7,7,22,78.08,71.06,79,0
7,7,23,77.0,71.06,82,0
7,8,24,77.0,69.98,79,0
7,8,1,75.92,69.98,82,0
7,8,2,75.92,69.98,82,0
7,8,3,73.94,68.0,82,0
7,8,4,73.94,66.92,79,0
7,8,5,71.96,66.02,82,0
7,8,6,71.96,66.02,82,28
7,8,7,73.94,66.02,76,153
7,8,8,78.08,66.92,69,349
7,8,9,80.96,69.08,67,554
7,8,10,84.02,69.98,63,731
7,8,11,84.92,69.08,59,869
7,8,12,87.08,69.98,57,953
7,8,13,89.96,69.98,52,937
7,8,14,89.96,68.0,48,935
7,8,15,91.04,68.0,47,728
7,8,16,91.04,69.08,49,635
7,8,17,91.04,68.0,47,480
7,8,18,89.96,69.08,50,283
7,8,19,87.08,69.08,55,110
7,8,20,84.92,69.08,59,15
7,8,21,80.96,69.98,69,0
7,8,22,78.08,69.98,77,0
7,8,23,75.92,69.08,79,0
7,9,24,75.02,69.08,82,0
7,9,1,75.02,68.0,79,0
7,9,2,73.04,68.0,84,0
7,9,3,73.94,68.0,82,0
7,9,4,71.96,68.0,87,0
7,9,5,75.02,68.0,79,0
7,9,6,75.02,69.08,82,19
7,9,7,75.92,69.98,82,137
7,9,8,82.04,71.96,72,289
7,9,9,84.92,73.04,67,457
7,9,10,87.98,73.04,61,587
7,9,11,89.96,73.94,59,849
7,9,12,91.04,73.94,58,885
7,9,13,93.92,73.94,52,919
7,9,14,96.08,73.04,48,845
7,9,15,96.08,71.96,46,763
7,9,16,96.08,71.96,46,668
7,9,17,96.08,73.04,48,491
7,9,18,95.0,71.06,46,292
7,9,19,91.94,73.04,54,109
7,9,20,87.98,73.04,61,18
7,9,21,84.92,71.06,63,0
7,9,22,82.04,73.04,74,0
7,9,23,80.96,71.96,74,0
7,10,24,80.06,69.98,72,0
7,10,1,80.06,69.98,72,0
7,10,2,78.98,69.08,72,0
7,10,3,78.08,69.08,74,0
7,10,4,77.0,69.08,76,0
7,10,5,77.0,68.0,74,0
7,10,6,77.0,68.0,74,33
7,10,7,80.06,69.98,72,172
7,10,8,84.92,71.96,65,373
7,10,9,89.06,73.04,59,573
7,10,10,91.04,73.94,58,747
7,10,11,91.94,73.94,56,880
7,10,12,93.92,73.94,52,902
7,10,13,93.02,71.96,51,939
7,10,14,96.08,71.06,44,773
7,10,15,96.08,73.04,48,671
7,10,16,95.0,73.04,49,651
7,10,17,95.0,73.94,51,447
7,10,18,91.94,75.02,58,284
7,10,19,89.96,75.02,61,124
7,10,20,86.0,73.04,65,23
7,10,21,84.02,73.04,70,0
7,10,22,82.04,71.06,69,0
7,10,23,80.96,69.08,67,0
7,11,24,78.98,69.08,72,0
7,11,1,78.08,69.08,74,0
7,11,2,75.92,69.08,79,0
7,11,3,75.02,69.08,82,0
7,11,4,75.02,69.08,82,0
7,11,5,73.04,69.08,87,0
7,11,6,75.02,69.08,82,23
7,11,7,75.92,69.98,82,110
7,11,8,78.08,71.06,79,356
7,11,9,82.04,66.92,61,417
7,11,10,82.94,66.02,57,523
7,11,11,84.92,68.0,57,635
7,11,12,87.98,69.08,53,854
7,11,13,87.98,69.98,55,979
7,11,14,91.94,71.06,50,938
7,11,15,91.04,71.06,52,849
7,11,16,91.04,71.06,52,698
7,11,17,89.96,71.96,56,476
7,11,18,87.98,71.96,59,271
7,11,19,84.92,71.06,63,117
7,11,20,84.02,69.98,63,16
7,11,21,82.04,69.98,67,0
7,11,22,82.04,69.98,67,0
7,11,23,80.06,69.08,69,0
7,12,24,78.08,69.08,74,0
7,12,1,75.92,69.08,79,0
7,12,2,75.92,69.08,79,0
7,12,3,75.92,69.08,79,0
7,12,4,75.02,69.08,82,0
7,12,5,73.04,68.0,84,0
7,12,6,73.04,68.0,84,21
7,12,7,75.02,69.08,82,147
7,12,8,77.0,69.98,79,352
7,12,9,80.06,69.98,72,556
7,12,10,82.94,71.06,67,393
7,12,11,84.02,71.96,67,802
7,12,12,87.08,73.04,63,922
7,12,13,87.98,73.04,61,962
7,12,14,87.98,73.04,61,672
7,12,15,87.08,73.04,63,391
7,12,16,89.96,75.02,61,559
7,12,17,84.02,71.06,65,409
7,12,18,86.0,71.96,63,320
7,12,19,82.94,73.04,72,122
7,12,20,80.96,71.06,72,17
7,12,21,80.06,71.06,74,0
7,12,22,78.08,71.96,82,0
7,12,23,77.0,73.04,88,0
7,13,24,77.0,73.04,88,0
7,13,1,77.0,71.96,85,0
7,13,2,77.0,71.06,82,0
7,13,3,77.0,71.06,82,0
7,13,4,75.92,71.06,85,0
7,13,5,75.02,69.98,85,0
7,13,6,75.02,69.98,85,20
7,13,7,75.02,71.96,90,136
7,13,8,80.06,73.04,79,330
7,13,9,84.02,73.04,70,426
7,13,10,87.98,71.96,59,647
7,13,11,91.04,69.08,49,615
7,13,12,93.02,66.02,41,878
7,13,13,93.02,66.92,43,827
7,13,14,93.92,69.08,44,763
7,13,15,93.92,69.08,44,808
7,13,16,95.0,71.06,46,622
7,13,17,93.02,71.06,49,433
7,13,18,91.04,71.96,54,216
7,13,19,91.04,71.96,54,70
7,13,20,87.98,71.06,57,13
7,13,21,86.0,71.06,61,0
7,13,22,84.02,69.98,63,0
7,13,23,82.94,71.06,67,0
7,14,24,82.94,69.98,65,0
7,14,1,82.04,69.08,65,0
7,14,2,82.04,69.08,65,0
7,14,3,82.04,69.08,65,0
7,14,4,80.06,69.08,69,0
7,14,5,78.98,69.08,72,0
7,14,6,78.08,68.0,71,21
7,14,7,80.06,69.08,69,106
7,14,8,80.96,69.98,69,160
7,14,9,80.96,71.96,74,276
7,14,10,80.06,71.96,77,150
7,14,11,80.06,73.94,82,430
7,14,12,86.0,75.02,70,876
7,14,13,91.04,75.02,60,858
7,14,14,93.92,75.92,56,882
7,14,15,91.04,75.92,62,565
7,14,16,93.02,73.94,54,271
7,14,17,89.96,71.96,56,454
7,14,18,89.96,73.04,57,262
7,14,19,84.92,71.96,65,98
7,14,20,82.94,71.06,67,13
7,14,21,80.96,69.98,69,0
7,14,22,78.08,69.98,77,0
7,14,23,77.0,69.08,76,0
7,15,24,77.0,68.0,74,0
7,15,1,75.02,66.92,76,0
7,15,2,73.94,64.94,74,0
7,15,3,73.04,64.94,76,0
7,15,4,71.06,64.94,81,0
7,15,5,69.98,64.04,81,0
7,15,6,69.08,64.04,84,31
7,15,7,71.96,62.96,73,164
7,15,8,75.02,60.08,60,321
7,15,9,75.92,60.08,58,518
7,15,10,78.08,60.98,56,659
7,15,11,80.06,62.06,54,827
7,15,12,82.94,62.96,51,889
7,15,13,84.92,62.96,48,919
7,15,14,86.0,64.04,48,878
7,15,15,87.98,64.04,45,805
7,15,16,89.96,64.04,42,719
7,15,17,89.96,64.04,42,537
7,15,18,84.92,66.02,53,334
7,15,19,82.04,64.94,56,125
7,15,20,78.98,64.94,62,19
7,15,21,77.0,64.94,67,0
7,15,22,75.92,64.04,66,0
7,15,23,75.02,62.96,66,0
7,16,24,75.02,62.96,66,0
7,16,1,75.02,62.06,64,0
7,16,2,73.94,62.06,66,0
7,16,3,73.04,64.04,74,0
7,16,4,73.04,60.98,66,0
7,16,5,66.92,62.06,84,0
7,16,6,66.92,62.96,87,11
7,16,7,68.0,62.96,84,48
7,16,8,69.08,64.94,87,125
7,16,9,69.98,66.02,87,259
7,16,10,73.04,68.0,84,296
7,16,11,75.02,69.98,85,345
7,16,12,75.02,69.98,85,374
7,16,13,77.0,73.04,88,242
7,16,14,80.06,75.02,85,435
7,16,15,80.06,75.02,85,399
7,16,16,82.94,75.92,80,376
7,16,17,82.04,75.92,82,195
7,16,18,84.02,75.92,77,147
7,16,19,82.04,75.92,82,43
7,16,20,80.06,75.92,88,11
7,16,21,75.92,71.96,87,0
7,16,22,75.02,69.98,85,0
7,16,23,73.04,69.08,87,0
7,17,24,71.96,69.98,93,0
7,17,1,71.06,69.98,97,0
7,17,2,71.96,71.06,97,0
7,17,3,73.04,71.96,97,0
7,17,4,73.04,71.06,93,0
7,17,5,71.96,69.98,93,0
7,17,6,71.96,69.98,93,30
7,17,7,71.96,69.08,90,41
7,17,8,75.02,69.98,85,301
7,17,9,77.0,69.98,79,264
7,17,10,78.08,69.98,77,570
7,17,11,80.96,69.98,69,646
7,17,12,82.04,69.08,65,752
7,17,13,84.02,68.0,59,741
7,17,14,86.0,69.08,57,755
7,17,15,87.08,68.0,53,870
7,17,16,84.92,68.0,57,607
7,17,17,86.0,68.0,55,502
7,17,18,84.92,66.92,55,319
7,17,19,80.96,66.92,63,114
7,17,20,78.08,66.92,69,14
7,17,21,77.0,66.02,69,0
7,17,22,75.02,66.92,76,0
7,17,23,73.04,66.92,82,0
7,18,24,71.06,66.02,84,0
7,18,1,71.06,66.92,87,0
7,18,2,69.98,66.02,87,0
7,18,3,69.98,66.92,90,0
7,18,4,69.08,66.02,90,0
7,18,5,69.08,66.02,90,0
7,18,6,66.92,64.94,93,19
7,18,7,69.98,66.92,90,138
7,18,8,73.94,68.0,82,309
7,18,9,77.0,68.0,74,494
7,18,10,80.96,66.02,60,685
7,18,11,82.04,66.92,61,821
7,18,12,84.02,64.94,53,553
7,18,13,84.92,66.02,53,925
7,18,14,87.08,68.0,53,891
7,18,15,87.98,68.0,52,494
7,18,16,86.0,68.0,55,614
7,18,17,87.08,68.0,53,414
7,18,18,84.92,69.08,59,256
7,18,19,84.02,68.0,59,97
7,18,20,80.96,68.0,65,15
7,18,21,78.98,69.08,72,0
7,18,22,78.08,69.98,77,0
7,18,23,78.08,69.98,77,0
7,19,24,77.0,69.08,76,0
7,19,1,75.02,69.98,85,0
7,19,2,73.94,69.98,87,0
7,19,3,73.94,69.98,87,0
7,19,4,73.94,69.98,87,0
7,19,5,73.04,69.08,87,0
7,19,6,73.04,69.08,87,19
7,19,7,75.02,69.98,85,136
7,19,8,78.08,69.08,74,223
7,19,9,80.96,69.08,67,524
7,19,10,84.02,69.98,63,683
7,19,11,87.08,69.98,57,724
7,19,12,87.98,69.98,55,933
7,19,13,87.98,71.96,59,778
7,19,14,86.0,71.96,63,489
7,19,15,86.0,71.96,63,436
7,19,16,87.08,71.96,61,437
7,19,17,84.02,71.96,67,254
7,19,18,82.94,69.08,63,273
7,19,19,82.04,71.06,69,110
7,19,20,80.96,69.98,69,15
7,19,21,78.98,69.98,74,0
7,19,22,78.08,71.06,79,0
7,19,23,78.08,71.06,79,0
7,20,24,78.08,71.96,82,0
7,20,1,77.0,71.96,85,0
7,20,2,77.0,71.96,85,0
7,20,3,75.92,71.96,87,0
7,20,4,75.92,71.96,87,0
7,20,5,75.92,71.96,87,0
7,20,6,75.92,73.04,90,11
7,20,7,75.92,73.04,90,86
7,20,8,78.08,73.94,88,271
7,20,9,82.04,75.02,79,507
7,20,10,84.92,75.02,72,631
7,20,11,87.98,75.92,68,682
7,20,12,89.06,75.02,63,804
7,20,13,93.02,77.0,60,736
7,20,14,91.94,75.02,58,629
7,20,15,71.96,69.98,93,228
7,20,16,75.02,69.98,85,279
7,20,17,77.0,73.94,91,521
7,20,18,80.96,75.02,82,291
7,20,19,78.98,69.98,74,107
7,20,20,75.92,69.98,82,18
7,20,21,75.02,71.06,87,0
7,20,22,75.02,71.06,87,0
7,20,23,75.02,73.04,94,0
7,21,24,75.92,73.04,90,0
7,21,1,73.94,71.96,94,0
7,21,2,73.94,71.06,90,0
7,21,3,73.04,69.98,90,0
7,21,4,73.04,69.98,90,0
7,21,5,71.96,69.98,93,0
7,21,6,73.04,69.98,90,21
7,21,7,73.94,71.06,90,126
7,21,8,78.08,71.96,82,318
7,21,9,82.04,75.92,82,521
7,21,10,84.02,75.02,74,707
7,21,11,87.08,73.04,63,845
7,21,12,87.98,71.06,57,860
7,21,13,91.04,71.06,52,770
7,21,14,93.02,68.0,44,897
7,21,15,93.02,68.0,44,675
7,21,16,91.94,66.02,42,616
7,21,17,91.04,64.04,41,485
7,21,18,89.06,62.06,41,288
7,21,19,86.0,62.96,46,102
7,21,20,80.96,62.96,54,11
7,21,21,80.06,62.96,56,0
7,21,22,78.98,62.96,58,0
7,21,23,78.08,62.06,58,0
7,22,24,75.92,62.06,62,0
7,22,1,75.02,62.06,64,0
7,22,2,73.94,62.06,66,0
7,22,3,71.96,62.06,71,0
7,22,4,69.98,62.06,76,0
7,22,5,69.08,62.06,79,0
7,22,6,66.02,62.06,87,16
7,22,7,73.04,64.04,74,121
7,22,8,75.92,64.94,69,323
7,22,9,78.98,64.94,62,529
7,22,10,82.04,64.94,56,710
7,22,11,84.02,66.02,55,819
7,22,12,84.02,66.02,55,829
7,22,13,86.0,66.02,51,857
7,22,14,89.06,66.92,48,567
7,22,15,89.06,66.02,47,547
7,22,16,87.98,66.02,48,413
7,22,17,87.98,66.02,48,447
7,22,18,84.92,66.02,53,258
7,22,19,82.94,66.92,59,108
7,22,20,80.06,66.92,65,12
7,22,21,77.0,66.92,71,0
7,22,22,75.02,66.02,74,0
7,22,23,75.02,62.06,64,0
7,23,24,73.04,60.98,66,0
7,23,1,71.96,62.06,71,0
7,23,2,71.06,62.96,76,0
7,23,3,69.08,62.96,81,0
7,23,4,69.08,62.96,81,0
7,23,5,66.92,64.04,90,0
7,23,6,69.98,64.94,84,15
7,23,7,71.06,66.02,84,97
7,23,8,73.04,66.92,82,202
7,23,9,77.0,68.0,74,457
7,23,10,80.06,68.0,67,644
7,23,11,80.06,68.0,67,749
7,23,12,82.04,68.0,63,688
7,23,13,82.94,68.0,61,897
7,23,14,84.92,68.0,57,771
7,23,15,84.02,66.92,57,599
7,23,16,84.02,66.92,57,676
7,23,17,82.94,66.92,59,364
7,23,18,82.94,66.02,57,221
7,23,19,82.04,66.92,61,79
7,23,20,77.0,66.92,71,7
7,23,21,77.0,66.92,71,0
7,23,22,77.0,66.02,69,0
7,23,23,78.08,66.02,67,0
7,24,24,75.92,66.02,71,0
7,24,1,75.02,66.92,76,0
7,24,2,73.94,69.08,84,0
7,24,3,75.02,69.98,85,0
7,24,4,71.96,69.98,93,0
7,24,5,73.04,69.98,90,0
7,24,6,71.96,69.98,93,3
7,24,7,73.94,69.98,87,39
7,24,8,73.04,69.98,90,137
7,24,9,73.94,71.96,94,292
7,24,10,75.02,73.04,94,281
7,24,11,77.0,71.96,85,420
7,24,12,73.04,69.98,90,235
7,24,13,80.06,75.02,85,974
7,24,14,82.94,75.92,80,602
7,24,15,82.94,75.02,77,495
7,24,16,82.04,73.04,74,407
7,24,17,80.96,69.98,69,480
7,24,18,78.08,68.0,71,163
7,24,19,78.08,69.98,77,71
7,24,20,69.98,68.0,93,4
7,24,21,73.04,69.98,90,0
7,24,22,73.04,71.06,93,0
7,24,23,73.94,71.06,90,0
7,25,24,73.04,69.98,90,0
7,25,1,73.04,69.98,90,0
7,25,2,73.94,71.06,90,0
7,25,3,73.04,71.06,93,0
7,25,4,71.96,71.06,97,0
7,25,5,71.96,69.98,93,0
7,25,6,71.96,69.98,93,12
7,25,7,71.96,71.06,97,32
7,25,8,71.96,69.98,93,139
7,25,9,73.04,69.98,90,292
7,25,10,71.96,69.98,93,298
7,25,11,73.04,69.98,90,351
7,25,12,77.0,71.06,82,392
7,25,13,78.98,71.96,79,594
7,25,14,80.96,71.96,74,515
7,25,15,82.04,71.06,69,314
7,25,16,84.02,71.06,65,655
7,25,17,84.02,71.06,65,484
7,25,18,84.02,71.06,65,286
7,25,19,82.04,71.06,69,103
7,25,20,78.98,71.06,77,14
7,25,21,78.08,71.06,79,0
7,25,22,75.02,69.98,85,0
7,25,23,73.94,69.98,87,0
7,26,24,73.94,71.06,90,0
7,26,1,73.04,69.98,90,0
7,26,2,73.04,69.98,90,0
7,26,3,73.04,69.98,90,0
7,26,4,73.04,69.98,90,0
7,26,5,71.06,69.08,93,0
7,26,6,71.06,69.08,93,19
7,26,7,71.96,71.06,97,74
7,26,8,78.08,73.04,85,260
7,26,9,80.96,73.94,79,524
7,26,10,82.94,73.94,74,518
7,26,11,84.92,75.02,72,727
7,26,12,87.08,75.02,68,859
7,26,13,87.98,75.02,65,761
7,26,14,89.96,73.04,57,783
7,26,15,91.04,73.04,56,762
7,26,16,91.94,73.04,54,665
7,26,17,91.04,75.02,60,505
7,26,18,89.06,75.02,63,294
7,26,19,86.0,73.94,68,108
7,26,20,84.02,73.94,72,16
7,26,21,82.94,73.94,74,0
7,26,22,82.04,73.94,77,0
7,26,23,80.96,73.94,79,0
7,27,24,78.08,71.96,82,0
7,27,1,77.0,71.06,82,0
7,27,2,75.92,71.06,85,0
7,27,3,75.92,71.06,85,0
7,27,4,73.94,71.06,90,0
7,27,5,75.02,71.06,87,0
7,27,6,73.04,69.98,90,17
7,27,7,77.0,71.96,85,102
7,27,8,82.04,73.94,77,267
7,27,9,86.0,75.02,70,487
7,27,10,89.06,75.02,63,671
7,27,11,91.04,75.02,60,783
7,27,12,89.06,71.06,55,881
7,27,13,91.04,71.06,52,888
7,27,14,91.04,71.06,52,865
7,27,15,91.94,69.98,49,764
7,27,16,91.94,71.06,50,643
7,27,17,91.94,71.06,50,399
7,27,18,89.06,69.98,54,198
7,27,19,82.04,64.04,55,42
7,27,20,73.04,66.02,79,7
7,27,21,71.96,66.02,82,0
7,27,22,69.98,66.02,87,0
7,27,23,71.06,60.98,71,0
7,28,24,69.98,62.06,76,0
7,28,1,69.08,62.96,81,0
7,28,2,68.0,62.96,84,0
7,28,3,69.08,64.04,84,0
7,28,4,68.0,64.04,87,0
7,28,5,68.0,64.04,87,0
7,28,6,69.08,64.94,87,11
7,28,7,69.98,64.94,84,101
7,28,8,75.02,66.92,76,287
7,28,9,78.08,69.98,77,407
7,28,10,80.96,71.06,72,619
7,28,11,84.92,73.04,67,829
7,28,12,87.98,73.94,63,911
7,28,13,89.96,73.04,57,896
7,28,14,89.96,73.94,59,785
7,28,15,89.96,73.04,57,758
7,28,16,87.08,73.04,63,514
7,28,17,84.92,71.06,63,109
7,28,18,71.96,64.94,79,56
7,28,19,71.06,66.02,84,31
7,28,20,69.98,66.02,87,9
7,28,21,69.98,66.02,87,0
7,28,22,69.98,66.02,87,0
7,28,23,71.06,66.92,87,0
7,29,24,71.06,66.92,87,0
7,29,1,71.06,66.92,87,0
7,29,2,71.06,66.92,87,0
7,29,3,69.98,66.02,87,0
7,29,4,71.06,66.02,84,0
7,29,5,71.06,66.02,84,0
7,29,6,71.06,66.02,84,14
7,29,7,71.06,66.92,87,58
7,29,8,73.04,68.0,84,143
7,29,9,75.92,69.08,79,288
7,29,10,80.06,71.06,74,641
7,29,11,82.04,69.98,67,676
7,29,12,82.04,66.92,61,647
7,29,13,84.92,66.92,55,844
7,29,14,87.08,64.94,48,861
7,29,15,87.08,64.04,46,771
7,29,16,87.98,62.96,43,631
7,29,17,84.92,62.96,48,488
7,29,18,84.02,64.04,51,283
7,29,19,78.98,64.04,60,94
7,29,20,77.0,62.96,62,9
7,29,21,73.04,59.0,62,0
7,29,22,69.08,55.94,63,0
7,29,23,66.92,53.96,63,0
7,30,24,64.94,53.06,65,0
7,30,1,62.06,51.98,70,0
7,30,2,60.98,53.06,75,0
7,30,3,60.98,51.98,72,0
7,30,4,59.0,51.98,78,0
7,30,5,60.08,51.98,75,0
7,30,6,64.04,53.06,68,5
7,30,7,62.96,53.96,73,72
7,30,8,64.04,53.96,70,198
7,30,9,66.92,55.04,66,417
7,30,10,68.0,53.06,59,689
7,30,11,69.98,53.06,55,666
7,30,12,71.96,53.06,51,834
7,30,13,73.04,53.06,50,902
7,30,14,75.02,55.04,50,841
7,30,15,75.02,55.04,50,793
7,30,16,75.92,53.96,47,627
7,30,17,75.92,53.96,47,437
7,30,18,75.92,51.08,42,236
7,30,19,75.02,55.04,50,65
7,30,20,69.98,59.0,68,8
7,30,21,68.0,59.0,73,0
7,30,22,64.94,59.0,81,0
7,30,23,64.94,59.0,81,0
7,31,24,66.02,57.02,73,0
7,31,1,66.02,57.02,73,0
7,31,2,64.94,57.92,78,0
7,31,3,64.04,59.0,84,0
7,31,4,64.04,59.0,84,0
7,31,5,62.96,59.0,87,0
7,31,6,64.04,57.92,81,12
7,31,7,62.96,57.92,84,33
7,31,8,64.04,57.02,78,208
7,31,9,69.08,55.94,63,403
7,31,10,73.04,53.06,50,613
7,31,11,75.02,55.04,50,774
7,31,12,75.92,55.04,48,808
7,31,13,78.98,55.04,44,750
7,31,14,80.06,55.04,42,828
7,31,15,80.96,55.94,42,618
7,31,16,80.06,55.04,42,479
7,31,17,78.08,55.94,47,382
7,31,18,75.92,57.92,54,168
7,31,19,73.04,59.0,62,28
7,31,20,71.06,57.92,64,9
7,31,21,66.92,57.92,73,0
7,31,22,67.28,58.82,73,0
7,31,23,67.46,59.72,70,0
8,1,24,67.82,60.62,73,0
8,1,1,68.18,61.34,84,0
8,1,2,68.54,62.24,84,0
8,1,3,68.72,63.14,84,0
8,1,4,69.08,64.04,84,0
8,1,5,69.08,64.04,84,0
8,1,6,69.08,64.04,84,0
8,1,7,69.08,64.04,84,57
8,1,8,69.98,64.94,84,173
8,1,9,69.98,64.94,84,319
8,1,10,69.08,66.02,90,166
8,1,11,68.0,66.02,93,149
8,1,12,69.08,66.92,93,147
8,1,13,69.08,68.0,96,150
8,1,14,71.06,68.0,90,159
8,1,15,73.94,66.92,79,603
8,1,16,75.92,66.92,74,611
8,1,17,75.92,66.02,71,442
8,1,18,75.92,66.02,71,254
8,1,19,73.94,66.02,76,92
8,1,20,71.96,66.02,82,0
8,1,21,69.98,66.02,87,0
8,1,22,68.0,66.02,93,0
8,1,23,66.02,64.04,93,0
8,2,24,64.94,62.96,93,0
8,2,1,64.04,62.96,96,0
8,2,2,64.04,62.96,96,0
8,2,3,60.8,60.8,100,0
8,2,4,60.98,60.08,97,0
8,2,5,60.98,60.08,97,0
8,2,6,60.98,60.08,97,0
8,2,7,64.94,62.96,93,134
8,2,8,69.98,64.04,81,317
8,2,9,73.94,60.98,64,492
8,2,10,75.02,62.06,64,645
8,2,11,75.92,60.98,60,784
8,2,12,78.08,60.98,56,879
8,2,13,80.06,60.98,52,919
8,2,14,80.96,59.0,47,886
8,2,15,82.04,60.08,47,783
8,2,16,80.96,60.08,49,645
8,2,17,80.96,60.08,49,463
8,2,18,80.06,59.0,49,268
8,2,19,75.92,60.08,58,92
8,2,20,73.04,60.98,66,0
8,2,21,71.96,60.08,66,0
8,2,22,71.06,60.98,70,0
8,2,23,69.08,60.98,75,0
8,3,24,68.0,60.98,78,0
8,3,1,68.0,60.98,78,0
8,3,2,66.02,60.08,81,0
8,3,3,64.04,60.08,87,0
8,3,4,64.04,60.08,87,0
8,3,5,62.06,59.0,90,0
8,3,6,62.96,60.08,90,0
8,3,7,64.94,60.98,87,126
8,3,8,69.08,64.04,84,296
8,3,9,73.04,64.94,76,472
8,3,10,78.08,64.94,64,651
8,3,11,80.06,62.96,56,791
8,3,12,82.04,64.04,55,873
8,3,13,82.94,64.04,53,859
8,3,14,84.02,64.04,51,768
8,3,15,84.02,64.04,51,753
8,3,16,84.02,64.04,51,549
8,3,17,82.04,62.96,53,409
8,3,18,82.94,62.96,51,177
8,3,19,80.06,64.04,58,87
8,3,20,78.08,64.04,62,0
8,3,21,75.92,62.96,64,0
8,3,22,75.02,62.96,66,0
8,3,23,73.94,62.96,69,0
8,4,24,71.96,62.96,73,0
8,4,1,71.06,64.04,79,0
8,4,2,71.06,64.94,81,0
8,4,3,71.06,64.94,81,0
8,4,4,69.98,64.94,84,0
8,4,5,69.08,64.04,84,0
8,4,6,68.0,64.04,87,0
8,4,7,69.98,64.94,84,78
8,4,8,75.02,66.92,76,152
8,4,9,78.08,69.98,76,339
8,4,10,78.98,69.98,74,562
8,4,11,80.06,69.08,69,704
8,4,12,82.04,69.08,65,360
8,4,13,82.94,66.92,59,168
8,4,14,84.02,68.0,59,821
8,4,15,84.92,69.08,59,707
8,4,16,84.02,68.0,59,594
8,4,17,82.94,66.92,59,436
8,4,18,82.04,66.92,60,237
8,4,19,80.06,66.92,64,82
8,4,20,78.08,66.92,69,0
8,4,21,77.0,68.0,74,0
8,4,22,75.92,69.08,79,0
8,4,23,73.94,66.92,79,0
8,5,24,71.96,66.92,84,0
8,5,1,71.06,66.92,87,0
8,5,2,69.98,66.92,90,0
8,5,3,69.98,66.92,90,0
8,5,4,68.0,66.02,93,0
8,5,5,68.0,66.02,93,0
8,5,6,66.92,66.02,97,0
8,5,7,69.98,68.0,93,118
8,5,8,75.02,66.02,74,282
8,5,9,78.08,66.92,69,472
8,5,10,80.06,66.92,64,645
8,5,11,82.94,66.92,59,778
8,5,12,82.04,66.02,58,837
8,5,13,84.92,66.02,53,763
8,5,14,87.08,64.94,48,679
8,5,15,87.08,66.02,50,730
8,5,16,87.08,66.02,50,520
8,5,17,86.0,64.94,50,234
8,5,18,84.92,66.92,55,146
8,5,19,82.04,66.92,60,82
8,5,20,80.06,68.0,67,0
8,5,21,78.08,66.92,69,0
8,5,22,78.08,66.92,69,0
8,5,23,75.92,66.02,71,0
8,6,24,75.02,66.02,74,0
8,6,1,73.94,66.92,79,0
8,6,2,71.96,66.02,82,0
8,6,3,69.98,66.02,87,0
8,6,4,69.98,66.02,87,0
8,6,5,69.98,66.92,90,0
8,6,6,69.08,66.02,90,0
8,6,7,73.04,68.0,84,119
8,6,8,77.0,71.06,82,290
8,6,9,78.98,69.08,72,479
8,6,10,82.04,69.08,65,620
8,6,11,82.94,66.92,59,785
8,6,12,84.02,66.02,55,757
8,6,13,86.0,66.02,51,871
8,6,14,87.98,66.02,48,850
8,6,15,86.0,64.04,48,776
8,6,16,87.98,66.02,48,633
8,6,17,86.0,66.02,51,446
8,6,18,87.08,64.04,46,256
8,6,19,82.94,69.08,63,81
8,6,20,82.04,69.08,65,0
8,6,21,80.06,69.08,69,0
8,6,22,78.08,69.08,74,0
8,6,23,75.92,69.08,79,0
8,7,24,75.02,69.08,82,0
8,7,1,73.94,68.0,82,0
8,7,2,73.04,68.0,84,0
8,7,3,73.04,68.0,84,0
8,7,4,71.96,68.0,87,0
8,7,5,71.96,66.92,84,0
8,7,6,69.98,66.92,90,0
8,7,7,73.94,69.98,87,120
8,7,8,78.98,69.98,74,290
8,7,9,82.94,71.06,67,473
8,7,10,84.92,69.98,61,639
8,7,11,87.98,69.98,55,791
8,7,12,89.06,69.08,52,867
8,7,13,91.04,69.08,49,919
8,7,14,91.94,66.02,43,785
8,7,15,91.94,66.02,43,782
8,7,16,91.94,64.04,40,616
8,7,17,91.04,64.94,42,440
8,7,18,89.96,68.0,49,251
8,7,19,87.98,66.92,50,80
8,7,20,84.92,68.0,57,0
8,7,21,84.02,69.98,63,0
8,7,22,80.96,71.96,74,0
8,7,23,80.06,69.98,71,0
8,8,24,77.0,69.98,79,0
8,8,1,77.0,69.98,79,0
8,8,2,77.0,71.06,82,0
8,8,3,75.92,69.98,82,0
8,8,4,73.94,69.98,87,0
8,8,5,73.04,69.98,90,0
8,8,6,75.02,69.98,84,0
8,8,7,77.0,71.96,84,111
8,8,8,80.96,71.06,72,269
8,8,9,84.92,73.04,68,440
8,8,10,86.0,71.06,61,620
8,8,11,89.06,71.06,56,766
8,8,12,89.96,69.98,52,861
8,8,13,91.04,69.98,50,901
8,8,14,91.94,69.08,47,850
8,8,15,91.94,68.0,46,753
8,8,16,91.94,69.98,49,615
8,8,17,91.04,69.08,49,434
8,8,18,89.96,69.08,50,245
8,8,19,87.08,71.06,59,76
8,8,20,84.02,71.06,65,0
8,8,21,80.06,71.06,74,0
8,8,22,80.06,71.06,74,0
8,8,23,77.0,71.06,82,0
8,9,24,78.98,71.06,77,0
8,9,1,77.0,71.06,82,0
8,9,2,75.92,69.98,82,0
8,9,3,73.94,69.98,87,0
8,9,4,73.94,69.98,87,0
8,9,5,71.96,69.08,91,0
8,9,6,73.04,69.08,87,0
8,9,7,77.0,69.98,79,102
8,9,8,80.6,73.4,79,277
8,9,9,86.0,71.96,63,447
8,9,10,89.06,69.98,54,627
8,9,11,91.04,69.98,50,754
8,9,12,89.96,69.08,50,831
8,9,13,93.02,69.98,47,811
8,9,14,91.94,68.0,46,797
8,9,15,93.02,69.98,47,573
8,9,16,93.02,69.08,46,514
8,9,17,91.94,69.08,47,396
8,9,18,91.04,69.98,50,225
8,9,19,87.98,71.06,57,71
8,9,20,87.08,71.96,61,0
8,9,21,84.02,69.08,61,0
8,9,22,82.04,68.0,63,0
8,9,23,82.04,71.06,69,0
8,10,24,78.98,71.96,79,0
8,10,1,78.08,69.98,76,0
8,10,2,77.0,69.08,77,0
8,10,3,75.92,69.98,82,0
8,10,4,75.02,71.06,88,0
8,10,5,73.94,71.06,91,0
8,10,6,73.4,71.6,94,0
8,10,7,77.0,71.96,84,114
8,10,8,80.06,73.04,79,277
8,10,9,84.02,71.96,67,460
8,10,10,86.0,71.96,63,646
8,10,11,87.98,71.06,57,785
8,10,12,89.06,71.96,57,861
8,10,13,91.04,71.96,54,745
8,10,14,91.04,71.96,54,797
8,10,15,89.96,71.06,54,469
8,10,16,84.92,73.04,68,135
8,10,17,86.0,71.96,63,130
8,10,18,86.0,73.04,65,224
8,10,19,86.0,73.04,65,41
8,10,20,84.02,73.94,72,0
8,10,21,80.96,75.92,85,0
8,10,22,82.04,75.02,79,0
8,10,23,80.96,73.04,77,0
8,11,24,80.06,73.04,79,0
8,11,1,78.08,71.96,82,0
8,11,2,77.0,73.04,88,0
8,11,3,77.0,73.04,88,0
8,11,4,71.6,68.0,88,0
8,11,5,69.98,69.08,97,0
8,11,6,71.06,69.08,93,0
8,11,7,71.06,69.08,93,21
8,11,8,71.96,69.98,93,44
8,11,9,75.92,73.04,91,174
8,11,10,78.08,73.94,87,576
8,11,11,80.06,75.02,85,573
8,11,12,84.02,75.02,74,849
8,11,13,86.0,75.92,72,811
8,11,14,87.98,75.02,66,838
8,11,15,82.94,75.92,79,226
8,11,16,73.94,69.98,87,254
8,11,17,71.96,71.06,97,70
8,11,18,71.96,71.06,97,55
8,11,19,71.96,71.06,97,11
8,11,20,73.04,71.06,94,0
8,11,21,71.96,69.98,93,0
8,11,22,71.06,71.06,100,0
8,11,23,71.06,69.98,96,0
8,12,24,71.06,69.98,96,0
8,12,1,71.06,69.08,93,0
8,12,2,71.06,69.98,96,0
8,12,3,71.06,69.98,96,0
8,12,4,71.06,69.98,96,0
8,12,5,69.98,69.08,97,0
8,12,6,69.98,69.08,97,0
8,12,7,71.06,71.06,100,106
8,12,8,73.94,71.96,94,220
8,12,9,77.0,73.04,88,461
8,12,10,78.98,73.94,85,595
8,12,11,82.04,73.94,77,698
8,12,12,84.02,73.94,72,715
8,12,13,86.0,71.96,63,762
8,12,14,87.98,71.06,57,844
8,12,15,87.08,69.98,57,741
8,12,16,84.92,69.98,61,502
8,12,17,86.0,69.98,59,206
8,12,18,86.0,68.0,55,149
8,12,19,84.02,69.08,61,54
8,12,20,80.96,69.98,69,0
8,12,21,80.06,68.0,67,0
8,12,22,78.98,68.0,69,0
8,12,23,75.92,68.0,76,0
8,13,24,75.02,68.0,79,0
8,13,1,75.92,68.0,76,0
8,13,2,75.02,69.08,82,0
8,13,3,73.94,69.08,85,0
8,13,4,73.94,69.08,85,0
8,13,5,73.04,69.08,87,0
8,13,6,73.04,69.08,87,0
8,13,7,75.02,69.98,84,32
8,13,8,75.92,69.98,82,125
8,13,9,75.92,71.06,85,140
8,13,10,75.02,71.96,90,115
8,13,11,73.94,71.96,94,131
8,13,12,75.92,73.04,91,318
8,13,13,77.0,73.04,88,270
8,13,14,78.08,71.96,82,283
8,13,15,80.06,73.04,79,532
8,13,16,80.96,71.96,74,237
8,13,17,80.96,71.96,74,335
8,13,18,75.02,71.06,88,218
8,13,19,73.04,71.06,94,21
8,13,20,73.04,71.06,94,0
8,13,21,71.96,71.06,97,0
8,13,22,73.04,71.06,94,0
8,13,23,73.04,71.06,94,0
8,14,24,71.96,71.06,97,0
8,14,1,73.04,69.98,90,0
8,14,2,71.96,71.06,97,0
8,14,3,71.96,69.98,93,0
8,14,4,71.06,69.98,96,0
8,14,5,71.06,71.06,100,0
8,14,6,71.06,69.98,96,0
8,14,7,71.06,69.98,96,108
8,14,8,73.94,68.0,82,257
8,14,9,77.0,66.92,71,455
8,14,10,78.98,66.02,65,627
8,14,11,80.96,66.02,61,785
8,14,12,82.94,66.92,59,855
8,14,13,82.94,64.94,55,834
8,14,14,84.92,64.94,51,726
8,14,15,86.0,64.94,50,723
8,14,16,84.92,62.96,48,603
8,14,17,84.02,64.04,51,421
8,14,18,82.94,66.02,57,217
8,14,19,80.96,64.94,58,59
8,14,20,78.08,66.02,67,0
8,14,21,75.02,68.0,79,0
8,14,22,75.92,68.0,76,0
8,14,23,75.02,66.92,76,0
8,15,24,73.04,66.92,81,0
8,15,1,71.96,66.02,82,0
8,15,2,71.06,64.94,81,0
8,15,3,69.98,64.94,84,0
8,15,4,69.98,64.94,84,0
8,15,5,69.08,64.94,87,0
8,15,6,69.08,64.04,84,0
8,15,7,69.98,64.94,84,66
8,15,8,71.06,66.02,84,110
8,15,9,71.96,66.02,82,127
8,15,10,75.02,66.92,76,346
8,15,11,78.08,68.0,71,393
8,15,12,78.98,66.02,65,843
8,15,13,82.04,64.94,56,864
8,15,14,82.04,66.02,58,849
8,15,15,84.02,64.94,53,717
8,15,16,82.04,64.94,56,484
8,15,17,82.04,64.94,56,410
8,15,18,82.04,64.94,56,207
8,15,19,78.08,66.02,67,55
8,15,20,77.0,66.02,69,0
8,15,21,75.02,66.92,76,0
8,15,22,75.02,64.94,71,0
8,15,23,73.94,64.04,71,0
8,16,24,73.04,64.04,73,0
8,16,1,71.96,64.94,79,0
8,16,2,71.96,64.04,76,0
8,16,3,69.98,64.94,84,0
8,16,4,69.08,64.94,87,0
8,16,5,69.08,66.02,90,0
8,16,6,68.0,66.02,93,0
8,16,7,71.06,66.92,87,78
8,16,8,75.02,66.92,76,206
8,16,9,77.0,64.04,64,408
8,16,10,80.06,66.92,64,634
8,16,11,82.04,68.0,63,754
8,16,12,82.94,68.0,61,855
8,16,13,82.04,66.92,60,876
8,16,14,84.92,66.02,53,843
8,16,15,86.0,64.94,50,723
8,16,16,86.0,64.94,50,602
8,16,17,84.92,64.94,51,404
8,16,18,84.02,66.02,55,211
8,16,19,80.96,66.02,61,54
8,16,20,78.98,66.02,65,0
8,16,21,75.92,66.92,74,0
8,16,22,75.92,66.02,71,0
8,16,23,75.92,64.04,67,0
8,17,24,75.02,64.94,71,0
8,17,1,73.04,66.02,79,0
8,17,2,71.96,66.92,84,0
8,17,3,71.96,68.0,87,0
8,17,4,71.96,69.98,93,0
8,17,5,73.04,71.06,94,0
8,17,6,73.04,71.06,94,0
8,17,7,73.94,71.06,91,79
8,17,8,75.92,71.96,88,177
8,17,9,77.0,71.96,84,288
8,17,10,80.96,73.04,77,481
8,17,11,80.96,71.96,74,380
8,17,12,82.94,73.04,72,275
8,17,13,82.94,71.96,70,282
8,17,14,78.08,71.96,82,189
8,17,15,82.04,75.02,79,150
8,17,16,80.96,73.94,79,506
8,17,17,82.94,73.04,72,102
8,17,18,82.04,73.04,74,64
8,17,19,80.06,73.04,79,53
8,17,20,78.98,73.04,82,0
8,17,21,77.0,73.04,88,0
8,17,22,78.08,73.04,85,0
8,17,23,77.0,73.04,88,0
8,18,24,77.0,73.94,90,0
8,18,1,73.94,71.96,94,0
8,18,2,73.4,73.4,100,0
8,18,3,73.04,71.96,96,0
8,18,4,73.4,71.6,94,0
8,18,5,73.04,71.96,96,0
8,18,6,71.96,71.96,100,0
8,18,7,69.98,69.08,97,91
8,18,8,71.06,69.08,93,229
8,18,9,73.94,69.08,85,375
8,18,10,75.92,69.08,79,506
8,18,11,78.08,69.98,76,605
8,18,12,80.96,71.96,74,660
8,18,13,80.06,73.04,79,678
8,18,14,80.96,71.96,74,649
8,18,15,82.94,73.04,72,584
8,18,16,82.04,71.06,69,472
8,18,17,80.06,73.04,79,339
8,18,18,75.02,71.06,88,186
8,18,19,73.94,69.98,87,45
8,18,20,71.96,69.98,93,0
8,18,21,71.96,69.98,93,0
8,18,22,71.06,68.0,90,0
8,18,23,71.06,69.08,93,0
8,19,24,71.06,69.08,93,0
8,19,1,71.06,69.08,93,0
8,19,2,71.06,69.98,96,0
8,19,3,71.06,69.98,96,0
8,19,4,71.06,71.06,100,0
8,19,5,71.96,71.06,97,0
8,19,6,71.06,69.98,96,0
8,19,7,71.96,71.06,97,92
8,19,8,71.96,71.06,97,230
8,19,9,73.04,71.96,96,107
8,19,10,75.92,71.96,88,250
8,19,11,78.08,71.06,79,399
8,19,12,80.96,71.06,72,776
8,19,13,82.04,71.06,69,492
8,19,14,82.94,71.06,67,472
8,19,15,82.94,69.98,65,289
8,19,16,84.02,71.06,65,236
8,19,17,84.02,71.06,65,371
8,19,18,82.94,66.92,59,166
8,19,19,78.98,68.0,69,38
8,19,20,77.0,69.08,77,0
8,19,21,77.0,71.06,82,0
8,19,22,75.92,71.06,85,0
8,19,23,75.02,71.06,88,0
8,20,24,73.94,69.98,87,0
8,20,1,71.96,66.02,82,0
8,20,2,69.98,66.02,87,0
8,20,3,69.98,66.02,87,0
8,20,4,69.98,66.02,87,0
8,20,5,68.0,64.94,90,0
8,20,6,68.0,66.02,93,0
8,20,7,69.98,66.92,90,82
8,20,8,73.04,66.92,81,208
8,20,9,75.92,66.02,71,335
8,20,10,78.08,66.92,69,609
8,20,11,80.06,66.02,62,761
8,20,12,80.06,66.02,62,562
8,20,13,80.96,64.94,58,828
8,20,14,82.94,66.02,57,507
8,20,15,84.02,64.94,53,733
8,20,16,82.94,62.96,51,410
8,20,17,84.02,64.04,51,408
8,20,18,80.96,64.04,56,214
8,20,19,78.08,62.96,60,43
8,20,20,75.92,62.96,64,0
8,20,21,73.94,62.96,69,0
8,20,22,71.96,62.06,71,0
8,20,23,69.98,60.08,71,0
8,21,24,68.0,59.0,73,0
8,21,1,66.92,59.0,76,0
8,21,2,66.02,57.92,75,0
8,21,3,64.94,57.92,78,0
8,21,4,64.04,57.02,78,0
8,21,5,64.04,57.02,78,0
8,21,6,62.96,57.02,81,0
8,21,7,66.02,57.92,75,95
8,21,8,69.98,59.0,68,260
8,21,9,73.04,59.0,61,463
8,21,10,73.94,59.0,60,622
8,21,11,77.0,60.08,56,773
8,21,12,78.08,59.0,52,861
8,21,13,80.06,57.02,45,888
8,21,14,80.06,57.02,45,843
8,21,15,80.96,59.0,47,750
8,21,16,80.96,57.02,44,584
8,21,17,80.96,57.02,44,402
8,21,18,78.98,57.02,47,203
8,21,19,77.0,57.92,52,42
8,21,20,73.04,60.98,66,0
8,21,21,69.98,62.06,76,0
8,21,22,68.0,60.08,76,0
8,21,23,66.92,60.08,79,0
8,22,24,66.02,60.08,81,0
8,22,1,66.02,59.0,78,0
8,22,2,64.94,59.0,81,0
8,22,3,64.04,60.08,87,0
8,22,4,64.04,60.08,87,0
8,22,5,62.96,59.0,87,0
8,22,6,62.96,60.08,90,0
8,22,7,66.92,59.0,76,85
8,22,8,69.08,59.0,70,261
8,22,9,73.94,60.08,62,450
8,22,10,77.0,62.06,60,622
8,22,11,80.06,60.08,51,761
8,22,12,82.04,59.0,46,837
8,22,13,82.04,55.94,41,864
8,22,14,82.94,57.92,43,843
8,22,15,82.94,57.02,41,750
8,22,16,82.94,59.0,44,589
8,22,17,82.94,57.92,43,402
8,22,18,80.96,59.0,47,207
8,22,19,78.08,59.0,52,38
8,22,20,75.92,60.08,58,0
8,22,21,73.94,60.98,64,0
8,22,22,71.96,60.98,68,0
8,22,23,71.06,62.06,73,0
8,23,24,69.98,60.98,73,0
8,23,1,68.0,62.06,81,0
8,23,2,68.0,60.98,78,0
8,23,3,66.02,60.98,84,0
8,23,4,64.94,60.08,84,0
8,23,5,64.94,60.08,84,0
8,23,6,64.04,60.08,87,0
8,23,7,66.92,62.96,87,86
8,23,8,71.96,62.96,73,232
8,23,9,75.92,62.06,62,444
8,23,10,80.06,64.04,58,616
8,23,11,82.04,62.96,53,742
8,23,12,84.92,64.94,51,849
8,23,13,86.0,64.94,50,870
8,23,14,87.08,66.92,51,842
8,23,15,87.98,66.92,50,721
8,23,16,87.98,66.02,48,578
8,23,17,87.08,66.92,51,385
8,23,18,84.92,68.0,57,197
8,23,19,82.94,66.92,59,37
8,23,20,80.06,66.92,64,0
8,23,21,77.0,68.0,74,0
8,23,22,78.08,69.08,74,0
8,23,23,69.8,66.2,88,0
8,24,24,69.98,66.92,90,0
8,24,1,68.0,66.02,93,0
8,24,2,68.0,66.92,96,0
8,24,3,68.0,66.92,96,0
8,24,4,68.0,66.92,96,0
8,24,5,66.92,66.92,100,0
8,24,6,66.92,66.92,100,0
8,24,7,69.08,66.92,93,88
8,24,8,73.04,69.08,87,255
8,24,9,75.02,69.08,82,424
8,24,10,78.8,69.8,74,558
8,24,11,78.08,68.0,71,605
8,24,12,78.98,68.0,69,666
8,24,13,80.06,68.0,67,372
8,24,14,80.96,66.92,62,725
8,24,15,82.94,66.92,59,709
8,24,16,82.04,66.92,60,561
8,24,17,82.94,66.92,59,380
8,24,18,80.96,66.92,62,201
8,24,19,78.08,69.08,74,33
8,24,20,75.92,66.02,71,0
8,24,21,73.04,66.02,79,0
8,24,22,71.06,64.94,81,0
8,24,23,71.06,64.94,81,0
8,25,24,69.08,64.94,87,0
8,25,1,68.0,64.04,87,0
8,25,2,66.92,64.04,90,0
8,25,3,66.92,64.04,90,0
8,25,4,66.02,64.04,93,0
8,25,5,66.02,64.04,93,0
8,25,6,64.94,62.96,93,0
8,25,7,66.92,64.04,90,89
8,25,8,71.06,66.02,84,255
8,25,9,75.02,66.02,74,417
8,25,10,78.08,64.04,62,597
8,25,11,80.06,62.96,56,736
8,25,12,80.96,62.06,53,813
8,25,13,82.04,62.96,53,816
8,25,14,82.04,62.96,53,807
8,25,15,82.94,64.94,55,703
8,25,16,82.94,64.94,55,566
8,25,17,80.96,62.06,53,363
8,25,18,78.98,64.04,60,181
8,25,19,75.02,64.94,71,32
8,25,20,73.94,64.04,71,0
8,25,21,73.94,64.04,71,0
8,25,22,71.06,64.04,79,0
8,25,23,69.08,64.04,84,0
8,26,24,71.06,64.04,79,0
8,26,1,69.98,64.04,81,0
8,26,2,68.0,62.96,84,0
8,26,3,66.92,62.06,84,0
8,26,4,66.92,60.98,81,0
8,26,5,64.94,60.98,87,0
8,26,6,64.04,60.98,90,0
8,26,7,64.94,62.96,93,78
8,26,8,69.98,64.04,81,233
8,26,9,71.96,62.96,73,168
8,26,10,75.02,64.94,71,610
8,26,11,75.92,64.94,69,730
8,26,12,78.98,66.02,65,800
8,26,13,80.96,66.92,62,822
8,26,14,80.96,66.02,61,795
8,26,15,82.04,68.0,63,709
8,26,16,82.94,69.08,63,515
8,26,17,82.94,68.0,61,357
8,26,18,82.04,68.0,63,185
8,26,19,78.98,68.0,69,28
8,26,20,77.0,69.08,77,0
8,26,21,75.92,69.08,79,0
8,26,22,73.94,69.08,85,0
8,26,23,73.04,69.08,87,0
8,27,24,73.04,68.0,84,0
8,27,1,71.96,66.92,84,0
8,27,2,71.06,66.02,84,0
8,27,3,69.98,66.02,87,0
8,27,4,69.08,66.02,90,0
8,27,5,69.08,66.02,90,0
8,27,6,68.0,66.02,93,0
8,27,7,71.06,66.92,87,80
8,27,8,73.94,68.0,82,241
8,27,9,78.98,69.98,74,411
8,27,10,82.04,71.06,69,591
8,27,11,84.02,69.98,63,736
8,27,12,86.0,69.08,57,819
8,27,13,87.08,68.0,53,690
8,27,14,87.08,68.0,53,801
8,27,15,89.06,68.0,50,686
8,27,16,87.08,66.92,51,442
8,27,17,73.94,68.0,82,213
8,27,18,75.02,69.98,84,47
8,27,19,73.94,71.06,91,5
8,27,20,73.94,69.98,87,0
8,27,21,71.96,71.06,97,0
8,27,22,73.04,68.0,84,0
8,27,23,73.04,66.92,81,0
8,28,24,71.06,68.0,90,0
8,28,1,71.06,68.0,90,0
8,28,2,71.96,69.08,91,0
8,28,3,69.98,66.92,90,0
8,28,4,69.08,66.92,93,0
8,28,5,69.98,68.0,93,0
8,28,6,69.98,66.92,90,0
8,28,7,71.96,69.08,91,81
8,28,8,73.94,71.06,91,136
8,28,9,78.98,69.98,74,405
8,28,10,80.96,69.08,67,546
8,28,11,82.04,69.08,65,680
8,28,12,84.02,69.98,63,739
8,28,13,84.92,69.08,59,612
8,28,14,84.92,69.08,59,677
8,28,15,86.0,69.08,57,685
8,28,16,87.08,68.0,53,391
8,28,17,84.92,66.92,55,223
8,28,18,84.02,68.0,59,89
8,28,19,82.94,69.98,65,17
8,28,20,78.98,69.98,74,0
8,28,21,80.06,71.06,74,0
8,28,22,75.92,71.06,85,0
8,28,23,78.08,69.08,74,0
8,29,24,75.92,69.98,82,0
8,29,1,75.02,69.08,82,0
8,29,2,73.94,69.08,85,0
8,29,3,73.04,69.08,87,0
8,29,4,73.04,69.08,87,0
8,29,5,71.96,69.08,91,0
8,29,6,71.06,69.08,93,0
8,29,7,71.06,68.0,90,55
8,29,8,78.08,69.08,74,242
8,29,9,80.96,69.98,69,418
8,29,10,82.94,69.08,63,604
8,29,11,82.94,71.06,67,637
8,29,12,84.02,69.08,61,703
8,29,13,84.92,69.98,61,684
8,29,14,82.94,68.0,61,800
8,29,15,84.92,68.0,57,582
8,29,16,86.0,66.92,53,536
8,29,17,84.92,68.0,57,340
8,29,18,82.94,66.92,59,61
8,29,19,80.96,68.0,65,20
8,29,20,78.08,69.08,74,0
8,29,21,77.0,69.08,77,0
8,29,22,75.92,69.08,79,0
8,29,23,75.02,69.08,82,0
8,30,24,73.94,69.98,87,0
8,30,1,73.04,69.98,90,0
8,30,2,71.96,69.98,93,0
8,30,3,71.96,69.98,93,0
8,30,4,71.96,69.98,93,0
8,30,5,71.06,69.08,93,0
8,30,6,71.06,69.08,93,0
8,30,7,73.04,69.98,90,71
8,30,8,73.04,69.98,90,114
8,30,9,73.94,69.98,87,203
8,30,10,75.02,71.06,88,129
8,30,11,75.02,71.06,88,156
8,30,12,78.08,71.06,79,336
8,30,13,80.96,69.08,67,713
8,30,14,82.94,69.08,63,506
8,30,15,78.08,66.92,69,466
8,30,16,78.98,71.06,77,151
8,30,17,80.06,69.08,69,228
8,30,18,75.92,69.08,79,135
8,30,19,73.94,69.98,87,8
8,30,20,73.04,69.08,87,0
8,30,21,73.04,69.98,90,0
8,30,22,73.04,69.98,90,0
8,30,23,71.96,69.08,91,0
8,31,24,71.96,69.98,93,0
8,31,1,71.06,69.98,96,0
8,31,2,71.06,69.08,93,0
8,31,3,69.98,68.0,93,0
8,31,4,69.08,68.0,96,0
8,31,5,69.08,68.0,96,0
8,31,6,68.0,66.92,96,0
8,31,7,69.98,68.0,93,44
8,31,8,73.04,69.08,87,106
8,31,9,75.02,69.08,82,345
8,31,10,80.06,69.08,69,379
8,31,11,80.96,66.92,62,499
8,31,12,82.94,66.02,57,703
8,31,13,82.94,68.0,61,731
8,31,14,82.94,66.02,57,359
8,31,15,75.2,68.0,78,270
8,31,16,75.92,71.96,88,162
8,31,17,78.08,73.04,85,148
8,31,18,75.92,69.98,82,79
8,31,19,73.94,69.98,87,16
8,31,20,73.04,69.08,87,0
8,31,21,73.04,69.08,87,0
8,31,22,72.86,69.44,87,0
8,31,23,72.68,69.62,84,0
9,1,24,72.5,69.98,84,0
9,1,1,72.5,70.16,97,0
9,1,2,72.32,70.52,97,0
9,1,3,72.14,70.7,100,0
9,1,4,71.96,71.06,97,0
9,1,5,71.96,71.06,97,0
9,1,6,71.96,71.06,97,0
9,1,7,73.04,71.96,96,74
9,1,8,73.04,71.96,96,152
9,1,9,73.94,71.96,94,230
9,1,10,75.92,73.04,91,148
9,1,11,78.98,73.04,82,487
9,1,12,82.94,73.04,72,660
9,1,13,84.02,71.06,65,839
9,1,14,84.92,69.08,59,812
9,1,15,84.92,69.08,59,713
9,1,16,82.94,69.08,63,569
9,1,17,82.94,69.98,65,376
9,1,18,82.04,69.98,67,180
9,1,19,78.98,69.98,74,17
9,1,20,77.0,71.06,82,0
9,1,21,75.92,71.96,88,0
9,1,22,75.02,71.06,88,0
9,1,23,73.94,69.08,85,0
9,2,24,73.94,69.98,87,0
9,2,1,73.94,69.98,87,0
9,2,2,71.96,69.98,93,0
9,2,3,71.06,69.98,96,0
9,2,4,69.98,69.08,97,0
9,2,5,69.98,69.08,97,0
9,2,6,69.98,68.0,93,0
9,2,7,71.06,69.08,93,76
9,2,8,75.02,69.98,84,260
9,2,9,78.08,69.98,76,453
9,2,10,80.06,69.98,71,624
9,2,11,80.06,69.08,69,649
9,2,12,82.94,69.08,63,739
9,2,13,82.94,69.98,65,533
9,2,14,84.02,69.98,63,812
9,2,15,84.92,69.98,61,690
9,2,16,84.02,69.98,63,524
9,2,17,84.02,69.98,63,322
9,2,18,82.94,69.98,65,166
9,2,19,78.98,69.98,74,9
9,2,20,78.08,71.06,79,0
9,2,21,77.0,71.06,82,0
9,2,22,75.92,71.96,88,0
9,2,23,75.02,71.06,88,0
9,3,24,75.02,71.06,88,0
9,3,1,73.94,71.06,91,0
9,3,2,73.04,69.98,90,0
9,3,3,71.96,69.98,93,0
9,3,4,71.06,69.98,96,0
9,3,5,71.06,69.98,96,0
9,3,6,71.06,69.98,96,0
9,3,7,71.96,71.06,97,78
9,3,8,75.02,71.96,90,252
9,3,9,78.08,71.96,82,440
9,3,10,82.4,73.4,74,592
9,3,11,80.96,71.96,74,500
9,3,12,84.02,71.96,67,599
9,3,13,84.02,71.96,67,737
9,3,14,84.92,71.06,63,400
9,3,15,84.02,71.06,65,448
9,3,16,84.02,71.06,65,479
9,3,17,82.94,71.06,67,369
9,3,18,80.96,73.04,77,92
9,3,19,78.98,73.04,82,8
9,3,20,78.98,73.04,82,0
9,3,21,78.08,73.94,87,0
9,3,22,73.4,73.4,100,0
9,3,23,71.6,71.6,100,0
9,4,24,73.04,71.06,94,0
9,4,1,73.04,71.96,96,0
9,4,2,73.04,71.96,96,0
9,4,3,73.04,71.96,96,0
9,4,4,73.04,71.96,96,0
9,4,5,73.04,71.96,96,0
9,4,6,73.04,73.04,100,0
9,4,7,73.94,73.04,97,48
9,4,8,75.02,73.04,94,46
9,4,9,75.92,73.94,94,196
9,4,10,78.98,73.94,85,251
9,4,11,80.96,73.94,79,356
9,4,12,80.06,73.94,82,140
9,4,13,80.06,73.94,82,138
9,4,14,69.08,66.02,90,141
9,4,15,66.92,66.02,97,115
9,4,16,68.0,66.2,94,89
9,4,17,68.0,66.2,94,58
9,4,18,68.0,66.92,96,136
9,4,19,68.0,66.02,93,10
9,4,20,66.92,66.02,97,0
9,4,21,66.02,66.02,100,0
9,4,22,64.94,64.94,100,0
9,4,23,64.94,64.04,97,0
9,5,24,64.94,64.04,97,0
9,5,1,64.94,64.04,97,0
9,5,2,66.92,66.02,97,0
9,5,3,66.02,64.04,93,0
9,5,4,64.94,62.96,93,0
9,5,5,64.04,60.98,90,0
9,5,6,62.96,60.08,90,0
9,5,7,64.04,60.98,90,66
9,5,8,66.02,62.06,87,246
9,5,9,69.98,62.96,78,447
9,5,10,71.96,62.96,73,611
9,5,11,73.94,64.04,71,749
9,5,12,75.92,64.04,67,788
9,5,13,77.0,60.98,58,701
9,5,14,75.92,62.96,64,629
9,5,15,77.0,62.96,62,483
9,5,16,77.0,62.96,62,462
9,5,17,75.92,62.96,64,363
9,5,18,73.94,62.96,69,158
9,5,19,71.06,64.04,79,9
9,5,20,69.98,64.04,81,0
9,5,21,69.08,64.04,84,0
9,5,22,66.92,62.06,84,0
9,5,23,64.94,60.08,84,0
9,6,24,66.02,59.0,78,0
9,6,1,64.04,59.0,84,0
9,6,2,62.06,59.0,90,0
9,6,3,60.98,57.02,87,0
9,6,4,60.08,55.94,86,0
9,6,5,59.0,55.94,90,0
9,6,6,57.92,55.04,90,0
9,6,7,57.92,55.94,93,68
9,6,8,60.98,55.94,83,147
9,6,9,62.96,55.04,75,197
9,6,10,64.94,55.04,70,251
9,6,11,66.02,53.96,65,350
9,6,12,68.0,55.04,63,501
9,6,13,69.08,55.04,61,377
9,6,14,69.98,55.94,61,400
9,6,15,71.06,57.02,61,408
9,6,16,69.98,57.02,63,356
9,6,17,68.0,57.02,68,215
9,6,18,66.92,57.92,73,112
9,6,19,64.94,57.92,78,7
9,6,20,64.04,59.0,84,0
9,6,21,64.04,59.0,84,0
9,6,22,62.96,57.92,84,0
9,6,23,62.06,59.0,90,0
9,7,24,62.06,57.92,86,0
9,7,1,60.98,57.92,90,0
9,7,2,60.08,57.92,93,0
9,7,3,60.08,57.92,93,0
9,7,4,60.08,57.92,93,0
9,7,5,60.08,57.02,90,0
9,7,6,60.08,57.02,90,0
9,7,7,60.08,57.02,90,53
9,7,8,62.06,59.0,90,116
9,7,9,66.02,60.08,81,217
9,7,10,68.0,59.0,73,290
9,7,11,71.96,59.0,64,344
9,7,12,71.06,59.0,66,342
9,7,13,71.96,57.92,61,515
9,7,14,71.06,59.0,66,611
9,7,15,71.06,60.08,68,241
9,7,16,73.04,60.98,66,244
9,7,17,71.06,60.08,68,283
9,7,18,71.06,60.08,68,94
9,7,19,69.08,62.06,78,5
9,7,20,68.0,60.98,78,0
9,7,21,66.92,60.98,81,0
9,7,22,66.02,60.98,84,0
9,7,23,66.02,60.98,84,0
9,8,24,64.94,60.98,87,0
9,8,1,64.94,60.98,87,0
9,8,2,64.94,60.98,87,0
9,8,3,64.04,60.98,90,0
9,8,4,64.04,60.98,90,0
9,8,5,62.96,60.98,93,0
9,8,6,62.96,60.98,93,0
9,8,7,62.96,60.98,93,55
9,8,8,64.04,60.98,90,93
9,8,9,64.94,62.06,90,285
9,8,10,68.0,60.98,78,174
9,8,11,69.98,62.96,78,206
9,8,12,71.06,60.08,68,489
9,8,13,73.94,60.08,62,587
9,8,14,75.02,60.08,60,699
9,8,15,73.94,59.0,60,694
9,8,16,75.02,59.0,57,388
9,8,17,73.94,57.02,55,345
9,8,18,73.04,60.08,64,151
9,8,19,69.08,60.98,75,4
9,8,20,66.92,60.98,81,0
9,8,21,64.94,60.08,84,0
9,8,22,64.04,60.08,87,0
9,8,23,62.96,60.08,90,0
9,9,24,62.96,60.08,90,0
9,9,1,62.06,60.08,93,0
9,9,2,62.06,60.08,93,0
9,9,3,62.06,60.08,93,0
9,9,4,60.98,60.08,97,0
9,9,5,60.98,59.0,93,0
9,9,6,60.08,59.0,96,0
9,9,7,60.98,60.08,97,0
9,9,8,64.04,60.98,90,225
9,9,9,66.92,62.96,87,435
9,9,10,68.0,62.06,81,277
9,9,11,69.08,62.96,81,194
9,9,12,69.08,62.96,81,391
9,9,13,71.06,62.06,73,222
9,9,14,69.98,62.06,76,305
9,9,15,71.06,62.06,73,218
9,9,16,73.04,62.06,68,266
9,9,17,71.96,62.06,71,214
9,9,18,71.06,62.06,73,106
9,9,19,69.08,62.06,78,2
9,9,20,68.0,62.06,81,0
9,9,21,66.92,60.98,81,0
9,9,22,66.02,60.08,81,0
9,9,23,64.94,60.08,84,0
9,10,24,64.94,60.08,84,0
9,10,1,62.06,60.08,93,0
9,10,2,60.98,59.0,93,0
9,10,3,60.08,57.92,93,0
9,10,4,59.0,57.02,93,0
9,10,5,57.92,55.94,93,0
9,10,6,57.2,55.4,94,0
9,10,7,57.92,55.04,90,0
9,10,8,59.0,55.94,90,156
9,10,9,62.06,57.02,84,354
9,10,10,64.94,57.02,76,535
9,10,11,68.0,57.02,68,419
9,10,12,69.08,55.04,61,794
9,10,13,71.96,55.04,55,767
9,10,14,71.06,51.08,49,781
9,10,15,71.96,53.96,53,172
9,10,16,71.96,53.96,53,327
9,10,17,71.96,53.96,53,333
9,10,18,68.0,55.04,63,140
9,10,19,64.94,55.04,70,2
9,10,20,64.04,55.94,75,0
9,10,21,62.96,55.04,75,0
9,10,22,60.98,55.94,83,0
9,10,23,59.0,55.04,87,0
9,11,24,57.92,55.04,90,0
9,11,1,57.02,53.96,89,0
9,11,2,57.02,53.96,89,0
9,11,3,55.94,53.06,90,0
9,11,4,55.94,53.06,90,0
9,11,5,55.94,51.98,87,0
9,11,6,55.04,51.98,89,0
9,11,7,57.02,53.06,87,0
9,11,8,62.06,53.96,75,235
9,11,9,66.92,55.04,66,436
9,11,10,69.08,53.96,59,612
9,11,11,71.06,53.06,53,744
9,11,12,73.04,53.06,50,812
9,11,13,75.02,50.0,41,844
9,11,14,75.92,51.98,43,798
9,11,15,75.92,53.06,45,688
9,11,16,75.92,51.98,43,520
9,11,17,75.02,51.08,43,332
9,11,18,71.96,53.06,51,138
9,11,19,66.92,53.96,63,1
9,11,20,66.02,55.04,68,0
9,11,21,62.96,55.94,78,0
9,11,22,64.94,55.04,70,0
9,11,23,62.96,55.04,75,0
9,12,24,60.98,55.04,81,0
9,12,1,60.08,55.04,83,0
9,12,2,59.0,55.04,87,0
9,12,3,57.92,53.96,87,0
9,12,4,57.02,53.96,89,0
9,12,5,57.92,55.04,90,0
9,12,6,59.0,55.04,87,0
9,12,7,59.0,55.94,90,0
9,12,8,60.98,57.02,87,133
9,12,9,62.6,59.0,88,150
9,12,10,64.04,59.0,84,161
9,12,11,66.02,60.98,84,231
9,12,12,66.02,60.98,84,171
9,12,13,68.0,62.06,81,192
9,12,14,71.06,62.96,76,481
9,12,15,71.96,62.96,73,361
9,12,16,69.98,62.96,78,138
9,12,17,69.08,62.96,81,161
9,12,18,68.0,62.96,84,64
9,12,19,66.92,62.06,84,0
9,12,20,66.92,62.06,84,0
9,12,21,66.02,62.06,87,0
9,12,22,64.94,62.96,93,0
9,12,23,64.94,60.98,87,0
9,13,24,62.96,60.08,90,0
9,13,1,64.04,60.08,87,0
9,13,2,64.04,60.08,87,0
9,13,3,64.94,60.08,84,0
9,13,4,64.94,60.08,84,0
9,13,5,64.04,60.98,90,0
9,13,6,64.04,60.98,90,0
9,13,7,64.94,60.98,87,0
9,13,8,66.02,60.98,84,79
9,13,9,69.8,62.6,78,218
9,13,10,71.96,62.06,71,587
9,13,11,73.94,62.96,69,475
9,13,12,75.02,64.04,69,611
9,13,13,75.02,64.94,71,299
9,13,14,75.02,66.02,74,370
9,13,15,73.94,66.02,76,269
9,13,16,73.04,66.92,81,265
9,13,17,73.04,66.02,79,202
9,13,18,71.96,66.92,84,93
9,13,19,71.06,66.02,84,0
9,13,20,69.98,66.92,90,0
9,13,21,69.98,66.92,90,0
9,13,22,69.98,66.92,90,0
9,13,23,69.08,66.92,93,0
9,14,24,69.08,66.92,93,0
9,14,1,69.08,66.92,93,0
9,14,2,68.0,66.92,96,0
9,14,3,68.0,66.92,96,0
9,14,4,68.0,66.02,93,0
9,14,5,68.0,66.02,93,0
9,14,6,66.92,66.02,97,0
9,14,7,66.92,64.94,93,0
9,14,8,66.92,66.02,97,71
9,14,9,68.0,66.02,93,130
9,14,10,69.08,66.02,90,129
9,14,11,71.96,66.02,82,206
9,14,12,75.02,66.92,76,330
9,14,13,77.0,66.92,71,527
9,14,14,78.98,66.92,67,522
9,14,15,78.98,66.92,67,635
9,14,16,75.92,68.0,76,431
9,14,17,77.0,68.0,74,310
9,14,18,75.92,68.0,76,93
9,14,19,73.04,69.08,87,0
9,14,20,71.96,68.0,87,0
9,14,21,69.98,68.0,93,0
9,14,22,69.08,66.92,93,0
9,14,23,68.0,66.92,96,0
9,15,24,68.0,66.92,96,0
9,15,1,66.02,66.02,100,0
9,15,2,66.2,66.2,100,0
9,15,3,64.94,64.94,100,0
9,15,4,64.94,64.94,100,0
9,15,5,64.94,64.94,100,0
9,15,6,64.94,64.94,100,0
9,15,7,66.02,66.02,100,0
9,15,8,66.02,66.02,100,135
9,15,9,68.0,68.0,100,239
9,15,10,71.6,68.0,88,284
9,15,11,75.2,68.0,78,444
9,15,12,78.08,66.92,69,690
9,15,13,80.06,66.02,62,563
9,15,14,82.94,66.02,57,328
9,15,15,82.94,62.96,51,503
9,15,16,82.94,62.96,51,485
9,15,17,78.98,68.0,69,314
9,15,18,73.94,62.96,69,92
9,15,19,71.06,62.96,76,0
9,15,20,69.98,64.04,81,0
9,15,21,69.98,64.04,81,0
9,15,22,69.98,62.06,76,0
9,15,23,68.0,60.98,78,0
9,16,24,68.0,60.08,76,0
9,16,1,66.02,59.0,78,0
9,16,2,64.94,59.0,81,0
9,16,3,64.04,57.92,80,0
9,16,4,62.96,57.02,81,0
9,16,5,62.96,55.04,75,0
9,16,6,60.98,55.04,81,0
9,16,7,60.98,53.96,78,0
9,16,8,64.94,53.96,68,206
9,16,9,68.0,51.98,57,232
9,16,10,69.98,51.98,53,575
9,16,11,73.94,53.06,48,719
9,16,12,75.02,51.98,45,806
9,16,13,75.92,51.98,43,820
9,16,14,75.92,53.06,45,774
9,16,15,77.0,53.06,43,663
9,16,16,77.0,53.06,43,496
9,16,17,75.92,51.98,43,308
9,16,18,73.04,53.96,51,111
9,16,19,68.0,55.04,63,0
9,16,20,64.94,55.94,73,0
9,16,21,64.04,55.94,75,0
9,16,22,60.98,55.94,83,0
9,16,23,60.08,55.94,86,0
9,17,24,59.0,55.04,87,0
9,17,1,59.0,53.06,81,0
9,17,2,57.02,53.06,87,0
9,17,3,55.94,53.06,90,0
9,17,4,55.94,51.98,87,0
9,17,5,55.04,51.98,89,0
9,17,6,55.04,51.08,86,0
9,17,7,57.02,51.98,83,0
9,17,8,60.98,53.96,78,223
9,17,9,66.02,53.06,63,417
9,17,10,69.98,53.06,55,594
9,17,11,73.04,51.08,46,725
9,17,12,75.02,50.0,41,794
9,17,13,75.02,51.08,43,814
9,17,14,77.0,51.08,40,768
9,17,15,77.0,51.08,40,657
9,17,16,75.92,51.08,42,490
9,17,17,75.02,53.06,46,302
9,17,18,71.96,53.96,53,82
9,17,19,69.08,55.04,61,0
9,17,20,66.92,53.96,63,0
9,17,21,66.02,53.96,65,0
9,17,22,64.94,53.96,68,0
9,17,23,64.04,53.96,70,0
9,18,24,62.96,53.06,70,0
9,18,1,62.96,53.96,72,0
9,18,2,64.04,53.06,67,0
9,18,3,64.04,51.98,65,0
9,18,4,64.04,51.98,65,0
9,18,5,64.04,53.06,67,0
9,18,6,64.04,53.96,70,0
9,18,7,64.04,55.04,73,0
9,18,8,64.04,55.04,73,64
9,18,9,64.94,57.02,76,82
9,18,10,66.02,59.0,78,129
9,18,11,62.96,60.98,93,113
9,18,12,62.96,62.06,97,128
9,18,13,62.96,62.06,97,132
9,18,14,62.96,62.06,97,123
9,18,15,64.04,62.06,93,103
9,18,16,64.4,62.6,94,83
9,18,17,62.96,62.06,97,46
9,18,18,64.04,62.06,93,52
9,18,19,62.96,62.06,97,0
9,18,20,62.96,60.98,93,0
9,18,21,62.96,60.98,93,0
9,18,22,62.96,60.98,93,0
9,18,23,62.96,60.98,93,0
9,19,24,64.04,60.08,87,0
9,19,1,66.02,59.0,78,0
9,19,2,66.02,57.92,75,0
9,19,3,66.92,57.92,73,0
9,19,4,66.92,57.02,70,0
9,19,5,66.02,57.92,75,0
9,19,6,64.04,57.92,80,0
9,19,7,64.94,57.92,78,0
9,19,8,68.0,57.92,70,217
9,19,9,71.96,59.0,64,411
9,19,10,75.02,57.02,54,588
9,19,11,77.0,57.02,50,707
9,19,12,78.08,55.94,47,788
9,19,13,78.98,55.04,44,796
9,19,14,80.06,55.04,42,761
9,19,15,80.96,55.04,41,651
9,19,16,80.96,55.04,41,478
9,19,17,80.06,55.04,42,291
9,19,18,77.0,57.02,50,99
9,19,19,71.96,60.08,66,0
9,19,20,69.08,60.08,73,0
9,19,21,64.94,60.08,84,0
9,19,22,64.04,60.98,90,0
9,19,23,62.96,60.08,90,0
9,20,24,62.06,59.0,90,0
9,20,1,60.98,59.0,93,0
9,20,2,59.0,57.92,96,0
9,20,3,60.08,57.92,93,0
9,20,4,59.0,57.02,93,0
9,20,5,57.92,57.02,97,0
9,20,6,57.92,55.94,93,0
9,20,7,60.08,57.02,90,0
9,20,8,66.02,60.08,81,217
9,20,9,71.06,62.06,73,412
9,20,10,77.0,60.08,56,582
9,20,11,80.06,59.0,49,707
9,20,12,80.96,59.0,47,788
9,20,13,82.04,60.08,47,795
9,20,14,84.02,60.98,46,749
9,20,15,82.94,60.08,46,645
9,20,16,82.94,60.98,48,467
9,20,17,80.96,62.06,53,285
9,20,18,78.08,62.96,60,86
9,20,19,75.92,62.96,64,0
9,20,20,71.06,66.02,84,0
9,20,21,68.0,64.94,90,0
9,20,22,69.08,64.04,84,0
9,20,23,66.92,64.04,90,0
9,21,24,66.02,62.96,90,0
9,21,1,64.94,62.96,93,0
9,21,2,64.04,62.06,93,0
9,21,3,64.04,62.06,93,0
9,21,4,64.04,62.06,93,0
9,21,5,62.96,60.98,93,0
9,21,6,62.06,60.98,96,0
9,21,7,62.96,62.06,97,0
9,21,8,66.92,64.04,90,170
9,21,9,71.96,66.02,82,398
9,21,10,75.92,62.96,64,569
9,21,11,78.98,62.06,56,625
9,21,12,80.96,60.98,51,775
9,21,13,82.04,62.06,51,742
9,21,14,82.04,62.06,51,574
9,21,15,80.06,62.06,54,468
9,21,16,78.98,60.08,52,439
9,21,17,78.98,62.06,56,238
9,21,18,75.92,60.98,60,66
9,21,19,73.04,62.96,71,0
9,21,20,69.98,64.04,81,0
9,21,21,71.06,64.04,79,0
9,21,22,69.98,64.04,81,0
9,21,23,69.08,64.04,84,0
9,22,24,69.08,64.04,84,0
9,22,1,69.98,64.94,84,0
9,22,2,66.92,64.94,93,0
9,22,3,68.0,64.94,90,0
9,22,4,66.92,64.04,90,0
9,22,5,66.92,64.04,90,0
9,22,6,66.92,66.02,97,0
9,22,7,68.0,66.92,96,0
9,22,8,69.08,68.0,96,122
9,22,9,71.06,66.92,87,76
9,22,10,71.96,66.02,82,272
9,22,11,73.04,66.92,81,206
9,22,12,73.94,68.0,82,140
9,22,13,75.92,66.92,74,293
9,22,14,75.92,69.08,79,205
9,22,15,77.0,69.08,77,137
9,22,16,75.92,69.08,79,164
9,22,17,73.94,71.06,91,91
9,22,18,73.04,71.06,94,31
9,22,19,73.04,71.96,96,0
9,22,20,71.96,71.06,97,0
9,22,21,71.96,71.06,97,0
9,22,22,71.06,69.98,96,0
9,22,23,69.8,69.8,100,0
9,23,24,69.8,69.8,100,0
9,23,1,69.98,69.08,97,0
9,23,2,66.2,64.4,94,0
9,23,3,66.02,64.94,96,0
9,23,4,66.02,64.94,96,0
9,23,5,64.04,60.98,90,0
9,23,6,62.06,60.98,96,0
9,23,7,60.08,59.0,96,0
9,23,8,64.94,59.0,81,212
9,23,9,69.08,59.0,70,399
9,23,10,71.96,55.94,57,569
9,23,11,73.04,55.04,53,701
9,23,12,75.02,55.04,50,763
9,23,13,75.92,55.04,48,771
9,23,14,77.0,50.0,39,737
9,23,15,78.08,50.0,37,621
9,23,16,78.08,51.08,39,460
9,23,17,75.92,51.08,42,272
9,23,18,73.04,53.06,50,83
9,23,19,68.0,59.0,73,0
9,23,20,64.94,57.92,78,0
9,23,21,62.96,57.02,81,0
9,23,22,64.94,53.06,65,0
9,23,23,62.06,53.96,75,0
9,24,24,62.06,55.04,78,0
9,24,1,60.98,53.96,78,0
9,24,2,59.0,53.96,83,0
9,24,3,57.92,53.06,84,0
9,24,4,57.02,53.06,87,0
9,24,5,55.04,51.98,89,0
9,24,6,55.94,51.98,87,0
9,24,7,57.02,53.06,87,0
9,24,8,60.98,53.96,78,204
9,24,9,66.02,55.04,68,399
9,24,10,69.98,51.98,53,563
9,24,11,71.96,51.98,49,688
9,24,12,73.94,53.06,48,745
9,24,13,73.94,51.98,46,771
9,24,14,75.02,53.06,46,731
9,24,15,75.92,51.98,43,615
9,24,16,75.02,53.06,46,454
9,24,17,75.02,53.96,48,266
9,24,18,71.96,55.04,55,78
9,24,19,69.08,57.02,65,0
9,24,20,64.04,59.0,84,0
9,24,21,64.04,59.0,84,0
9,24,22,62.96,57.92,84,0
9,24,23,62.06,57.92,86,0
9,25,24,62.06,57.92,86,0
9,25,1,62.06,57.02,84,0
9,25,2,60.98,57.92,90,0
9,25,3,59.0,57.02,93,0
9,25,4,57.92,55.94,93,0
9,25,5,57.92,55.94,93,0
9,25,6,57.92,55.04,90,0
9,25,7,59.0,55.04,87,0
9,25,8,64.04,60.08,87,205
9,25,9,69.08,59.0,70,393
9,25,10,73.04,60.08,64,563
9,25,11,75.92,60.08,58,682
9,25,12,77.0,60.08,56,751
9,25,13,78.98,60.08,52,759
9,25,14,80.06,60.08,51,731
9,25,15,80.06,60.08,51,609
9,25,16,80.06,60.08,51,415
9,25,17,78.08,60.08,54,251
9,25,18,75.02,60.98,62,73
9,25,19,71.96,62.06,71,0
9,25,20,71.06,62.06,73,0
9,25,21,69.08,62.96,81,0
9,25,22,66.92,62.06,84,0
9,25,23,64.94,60.98,87,0
9,26,24,64.94,60.98,87,0
9,26,1,62.96,60.98,93,0
9,26,2,64.04,60.98,90,0
9,26,3,62.96,60.98,93,0
9,26,4,62.06,60.08,93,0
9,26,5,60.98,59.0,93,0
9,26,6,60.98,59.0,93,0
9,26,7,62.06,59.0,90,0
9,26,8,66.02,62.06,87,198
9,26,9,71.96,64.04,76,386
9,26,10,75.92,64.04,67,551
9,26,11,78.08,62.06,58,682
9,26,12,78.08,62.06,58,531
9,26,13,80.96,62.06,53,394
9,26,14,80.06,60.98,52,327
9,26,15,80.06,59.0,49,574
9,26,16,78.98,57.92,48,327
9,26,17,78.08,60.08,54,255
9,26,18,73.94,60.98,64,68
9,26,19,71.06,62.06,73,0
9,26,20,69.08,62.96,81,0
9,26,21,69.08,62.96,81,0
9,26,22,68.0,62.06,81,0
9,26,23,66.02,62.06,87,0
9,27,24,66.02,62.06,87,0
9,27,1,64.04,62.06,93,0
9,27,2,62.96,60.98,93,0
9,27,3,62.96,60.98,93,0
9,27,4,62.06,60.98,96,0
9,27,5,59.0,57.92,96,0
9,27,6,60.98,60.08,97,0
9,27,7,60.08,59.0,96,0
9,27,8,66.02,62.96,90,199
9,27,9,71.06,64.04,79,387
9,27,10,73.94,62.96,69,557
9,27,11,77.0,62.06,60,682
9,27,12,78.08,62.96,60,745
9,27,13,78.98,62.96,58,759
9,27,14,80.96,62.96,54,608
9,27,15,80.96,60.98,51,602
9,27,16,80.96,64.04,56,430
9,27,17,78.98,64.04,60,115
9,27,18,75.92,64.04,67,56
9,27,19,73.04,64.94,76,0
9,27,20,64.94,62.06,90,0
9,27,21,64.04,64.04,100,0
9,27,22,64.04,64.04,100,0
9,27,23,64.04,64.04,100,0
9,28,24,64.04,62.96,96,0
9,28,1,64.04,62.96,96,0
9,28,2,62.96,62.96,100,0
9,28,3,62.06,62.06,100,0
9,28,4,62.96,62.06,97,0
9,28,5,62.96,62.06,97,0
9,28,6,62.6,62.6,100,0
9,28,7,62.96,60.98,93,0
9,28,8,62.06,59.0,90,83
9,28,9,60.98,55.04,81,104
9,28,10,66.92,51.98,59,460
9,28,11,68.0,51.08,55,651
9,28,12,69.98,46.94,44,739
9,28,13,71.96,48.02,43,759
9,28,14,71.96,48.92,44,707
9,28,15,71.06,46.94,42,596
9,28,16,71.96,48.02,43,228
9,28,17,71.06,48.92,45,114
9,28,18,64.94,46.04,50,61
9,28,19,62.06,44.96,53,0
9,28,20,59.0,46.04,62,0
9,28,21,59.0,46.94,64,0
9,28,22,57.92,44.06,60,0
9,28,23,55.04,42.08,62,0
9,29,24,51.98,41.0,66,0
9,29,1,51.08,42.08,71,0
9,29,2,50.0,39.92,68,0
9,29,3,48.02,39.92,73,0
9,29,4,48.92,39.92,71,0
9,29,5,44.96,39.92,82,0
9,29,6,44.96,39.92,82,0
9,29,7,46.94,42.08,83,0
9,29,8,51.98,42.08,69,192
9,29,9,55.04,41.0,59,388
9,29,10,57.92,41.0,53,545
9,29,11,60.98,42.08,50,676
9,29,12,62.06,41.0,46,733
9,29,13,62.96,39.02,41,735
9,29,14,64.04,39.92,41,467
9,29,15,64.94,39.92,40,244
9,29,16,66.02,39.02,37,413
9,29,17,64.04,37.94,38,242
9,29,18,60.08,42.08,51,57
9,29,19,57.02,42.08,57,0
9,29,20,55.04,42.98,64,0
9,29,21,48.92,46.04,90,0
9,29,22,51.08,44.96,79,0
9,29,23,48.02,44.96,89,0
9,30,24,50.0,44.06,80,0
9,30,1,48.92,42.98,80,0
9,30,2,46.94,42.98,86,0
9,30,3,46.94,42.08,83,0
9,30,4,46.04,42.08,86,0
9,30,5,44.96,42.08,90,0
9,30,6,46.04,42.08,86,0
9,30,7,46.94,42.08,83,13
9,30,8,51.98,44.96,77,193
9,30,9,55.94,44.96,67,374
9,30,10,60.08,42.08,51,545
9,30,11,62.06,42.08,48,670
9,30,12,62.96,41.0,44,745
9,30,13,64.04,41.0,43,741
9,30,14,64.94,39.92,40,701
9,30,15,66.02,42.08,42,584
9,30,16,66.02,39.92,38,418
9,30,17,66.02,42.08,42,236
9,30,18,64.04,39.92,41,55
9,30,19,57.92,46.94,67,0
9,30,20,55.94,48.02,75,0
9,30,21,53.96,48.02,80,0
9,30,22,55.04,49.82,89,0
9,30,23,55.94,51.8,83,0
10,1,24,57.02,53.6,83,0
10,1,1,57.92,55.4,100,0
10,1,2,59.0,57.2,100,0
10,1,3,59.9,59.18,100,0
10,1,4,60.98,60.98,100,0
10,1,5,60.98,60.98,100,0
10,1,6,60.98,60.98,100,0
10,1,7,60.08,60.08,100,16
10,1,8,60.08,60.08,100,60
10,1,9,60.98,60.98,100,197
10,1,10,60.98,60.98,100,286
10,1,11,62.06,62.06,100,357
10,1,12,62.96,62.96,100,210
10,1,13,64.04,62.96,97,369
10,1,14,64.94,62.96,93,207
10,1,15,66.02,64.94,97,290
10,1,16,68.0,64.94,90,240
10,1,17,69.08,64.04,84,182
10,1,18,66.02,64.04,93,46
10,1,19,64.94,62.96,93,0
10,1,20,64.04,62.96,97,0
10,1,21,62.06,62.06,100,0
10,1,22,60.08,60.08,100,0
10,1,23,59.0,59.0,100,0
10,2,24,59.0,59.0,100,0
10,2,1,60.98,60.98,100,0
10,2,2,60.08,60.08,100,0
10,2,3,57.92,57.92,100,0
10,2,4,57.92,57.92,100,0
10,2,5,57.02,57.02,100,0
10,2,6,57.92,57.92,100,0
10,2,7,57.92,57.92,100,14
10,2,8,60.08,60.08,100,121
10,2,9,62.96,62.96,100,254
10,2,10,66.02,64.94,97,438
10,2,11,69.08,64.94,87,574
10,2,12,75.02,66.02,74,615
10,2,13,75.02,62.96,66,720
10,2,14,78.08,64.04,62,594
10,2,15,77.0,64.94,67,447
10,2,16,77.0,64.04,64,359
10,2,17,75.02,62.96,66,179
10,2,18,71.06,64.04,79,43
10,2,19,69.98,64.04,81,0
10,2,20,66.92,64.04,90,0
10,2,21,66.02,64.04,93,0
10,2,22,66.02,60.98,84,0
10,2,23,62.96,60.08,90,0
10,3,24,60.98,57.92,90,0
10,3,1,60.08,57.02,90,0
10,3,2,60.08,53.96,81,0
10,3,3,60.08,50.0,70,0
10,3,4,59.0,48.92,70,0
10,3,5,57.92,48.02,70,0
10,3,6,57.02,48.02,72,0
10,3,7,57.02,50.0,78,23
10,3,8,57.02,50.0,78,67
10,3,9,57.02,50.0,78,154
10,3,10,59.0,51.98,78,212
10,3,11,57.92,53.96,87,330
10,3,12,57.02,55.94,96,305
10,3,13,60.08,55.94,87,358
10,3,14,62.96,53.96,73,560
10,3,15,64.04,53.96,70,494
10,3,16,64.04,53.06,68,326
10,3,17,62.96,53.96,73,204
10,3,18,59.0,55.04,87,53
10,3,19,59.0,57.02,93,0
10,3,20,57.92,53.96,87,0
10,3,21,57.92,51.08,78,0
10,3,22,55.94,53.06,90,0
10,3,23,55.04,53.06,93,0
10,4,24,53.96,51.98,93,0
10,4,1,53.06,51.98,96,0
10,4,2,51.08,50.0,96,0
10,4,3,50.0,50.0,100,0
10,4,4,48.92,48.92,100,0
10,4,5,48.92,48.92,100,0
10,4,6,48.02,46.94,96,0
10,4,7,48.02,46.04,93,19
10,4,8,51.98,46.94,83,115
10,4,9,53.96,42.98,67,340
10,4,10,57.92,42.98,58,477
10,4,11,59.0,46.94,65,535
10,4,12,60.08,41.0,50,496
10,4,13,60.98,41.0,48,547
10,4,14,62.96,42.98,48,567
10,4,15,62.96,42.08,46,521
10,4,16,62.06,42.08,48,279
10,4,17,60.08,44.06,56,138
10,4,18,60.08,44.96,58,19
10,4,19,57.92,50.0,75,0
10,4,20,57.02,53.06,87,0
10,4,21,55.94,51.98,87,0
10,4,22,55.04,51.98,90,0
10,4,23,53.96,51.08,90,0
10,5,24,53.96,50.0,86,0
10,5,1,53.96,50.0,86,0
10,5,2,53.06,46.04,77,0
10,5,3,51.08,46.04,83,0
10,5,4,51.08,44.06,77,0
10,5,5,51.08,42.98,74,0
10,5,6,50.0,44.06,80,0
10,5,7,48.92,44.06,83,17
10,5,8,50.0,44.06,80,79
10,5,9,51.98,44.06,74,127
10,5,10,51.98,42.98,72,174
10,5,11,53.96,44.06,69,247
10,5,12,53.06,44.96,74,187
10,5,13,51.08,44.96,80,182
10,5,14,48.02,46.94,96,166
10,5,15,48.02,46.94,96,169
10,5,16,50.0,48.92,96,200
10,5,17,48.02,46.94,96,116
10,5,18,48.02,46.94,96,32
10,5,19,48.02,46.94,96,0
10,5,20,48.02,46.94,96,0
10,5,21,48.02,46.94,96,0
10,5,22,48.02,48.02,100,0
10,5,23,48.02,48.02,100,0
10,6,24,48.02,46.94,96,0
10,6,1,48.02,48.02,100,0
10,6,2,46.94,46.04,96,0
10,6,3,44.96,44.96,100,0
10,6,4,46.04,46.04,100,0
10,6,5,44.96,44.96,100,0
10,6,6,44.96,44.96,100,0
10,6,7,46.04,44.96,96,12
10,6,8,48.92,46.94,93,147
10,6,9,53.06,46.04,77,377
10,6,10,55.04,41.0,59,553
10,6,11,57.02,42.08,57,621
10,6,12,59.0,41.0,51,581
10,6,13,59.0,42.08,54,660
10,6,14,60.08,44.96,58,607
10,6,15,60.98,39.92,46,550
10,6,16,62.96,44.06,50,419
10,6,17,60.98,42.08,50,222
10,6,18,57.92,44.96,62,50
10,6,19,53.06,46.94,80,0
10,6,20,48.92,44.96,86,0
10,6,21,46.04,42.08,86,0
10,6,22,46.04,44.06,93,0
10,6,23,44.96,42.08,89,0
10,7,24,44.06,41.0,89,0
10,7,1,42.98,39.02,86,0
10,7,2,42.08,41.0,96,0
10,7,3,39.92,39.02,96,0
10,7,4,41.0,39.92,96,0
10,7,5,39.02,37.04,93,0
10,7,6,39.02,37.94,96,0
10,7,7,39.92,37.94,93,22
10,7,8,48.02,42.98,83,138
10,7,9,55.04,46.04,72,331
10,7,10,60.08,42.98,54,517
10,7,11,62.96,39.02,41,657
10,7,12,64.94,37.04,36,734
10,7,13,68.0,32.0,26,747
10,7,14,69.98,39.02,32,682
10,7,15,69.98,35.96,29,559
10,7,16,69.98,39.02,32,381
10,7,17,69.08,42.98,39,182
10,7,18,62.96,42.08,46,38
10,7,19,57.02,44.96,64,0
10,7,20,55.04,46.04,72,0
10,7,21,51.98,46.04,80,0
10,7,22,53.06,46.04,77,0
10,7,23,53.06,46.04,77,0
10,8,24,51.98,44.96,77,0
10,8,1,48.92,44.96,86,0
10,8,2,51.98,44.96,77,0
10,8,3,48.02,44.06,86,0
10,8,4,48.02,44.06,86,0
10,8,5,50.0,42.08,74,0
10,8,6,48.02,44.96,89,0
10,8,7,48.02,46.04,93,33
10,8,8,53.06,48.92,86,174
10,8,9,60.98,48.92,65,378
10,8,10,66.02,48.92,54,557
10,8,11,71.06,48.92,46,691
10,8,12,75.02,53.06,46,762
10,8,13,75.92,51.98,43,772
10,8,14,77.0,53.96,45,667
10,8,15,77.0,51.98,42,496
10,8,16,75.02,51.08,43,387
10,8,17,73.94,57.92,58,216
10,8,18,69.08,55.04,61,52
10,8,19,64.04,55.94,75,0
10,8,20,62.96,55.04,75,0
10,8,21,60.08,53.96,81,0
10,8,22,59.0,53.96,84,0
10,8,23,57.02,53.06,87,0
10,9,24,55.04,51.98,90,0
10,9,1,53.96,50.0,86,0
10,9,2,53.06,51.08,93,0
10,9,3,53.06,51.08,93,0
10,9,4,53.06,51.98,96,0
10,9,5,53.06,51.98,96,0
10,9,6,51.98,51.08,96,0
10,9,7,51.08,51.08,100,23
10,9,8,57.02,55.04,93,144
10,9,9,66.02,57.02,73,339
10,9,10,71.96,55.94,57,520
10,9,11,75.92,57.92,54,653
10,9,12,78.08,59.0,52,726
10,9,13,78.98,59.0,50,736
10,9,14,78.98,57.92,49,676
10,9,15,78.98,55.94,45,556
10,9,16,78.98,55.04,44,383
10,9,17,78.08,57.02,49,185
10,9,18,73.04,57.02,57,37
10,9,19,68.0,59.0,73,0
10,9,20,66.02,60.08,81,0
10,9,21,62.96,60.08,90,0
10,9,22,60.98,59.0,93,0
10,9,23,59.0,57.92,97,0
10,10,24,60.08,57.02,90,0
10,10,1,57.92,57.02,96,0
10,10,2,55.94,55.04,96,0
10,10,3,57.02,55.94,96,0
10,10,4,55.94,55.04,96,0
10,10,5,55.04,53.96,96,0
10,10,6,53.96,53.96,100,0
10,10,7,53.96,53.96,100,28
10,10,8,59.0,59.0,100,64
10,10,9,60.08,60.08,100,173
10,10,10,60.98,60.98,100,223
10,10,11,62.96,62.06,97,252
10,10,12,64.04,62.06,93,270
10,10,13,68.0,62.96,84,747
10,10,14,71.96,64.04,76,686
10,10,15,75.02,64.04,69,568
10,10,16,75.02,64.94,71,387
10,10,17,75.02,64.94,71,190
10,10,18,71.06,64.04,79,42
10,10,19,69.98,62.06,76,0
10,10,20,68.0,60.98,78,0
10,10,21,64.04,60.98,90,0
10,10,22,62.96,60.08,90,0
10,10,23,60.98,60.08,97,0
10,11,24,60.08,60.08,100,0
10,11,1,60.08,59.0,97,0
10,11,2,59.0,59.0,100,0
10,11,3,60.08,59.0,97,0
10,11,4,59.0,57.92,97,0
10,11,5,59.0,57.92,97,0
10,11,6,57.92,57.02,96,0
10,11,7,57.92,57.02,96,24
10,11,8,62.06,60.08,93,136
10,11,9,66.02,62.06,87,332
10,11,10,71.96,62.06,71,503
10,11,11,75.02,62.96,66,655
10,11,12,78.08,60.98,56,725
10,11,13,78.98,60.98,54,655
10,11,14,78.98,59.0,50,595
10,11,15,77.0,57.02,50,405
10,11,16,78.08,55.94,47,365
10,11,17,73.04,39.02,29,129
10,11,18,68.0,35.96,31,31
10,11,19,64.94,33.08,30,0
10,11,20,64.94,32.0,29,0
10,11,21,64.04,28.94,27,0
10,11,22,59.0,30.92,35,0
10,11,23,55.04,33.98,45,0
10,12,24,57.02,33.98,42,0
10,12,1,53.06,35.96,53,0
10,12,2,51.08,37.04,59,0
10,12,3,48.92,37.94,66,0
10,12,4,50.0,37.94,64,0
10,12,5,48.92,37.94,66,0
10,12,6,44.96,37.94,77,0
10,12,7,46.94,39.02,74,20
10,12,8,53.96,39.02,57,128
10,12,9,57.02,37.94,49,320
10,12,10,59.0,37.94,46,483
10,12,11,59.0,39.02,48,559
10,12,12,60.98,37.94,43,670
10,12,13,62.96,39.02,41,658
10,12,14,62.96,37.04,38,636
10,12,15,64.04,37.04,37,507
10,12,16,64.04,35.96,35,338
10,12,17,62.06,35.06,37,163
10,12,18,57.02,35.96,46,31
10,12,19,51.98,37.04,57,0
10,12,20,50.0,35.96,59,0
10,12,21,48.02,33.98,59,0
10,12,22,46.04,35.06,66,0
10,12,23,44.96,33.98,65,0
10,13,24,42.98,33.08,68,0
10,13,1,42.98,33.98,71,0
10,13,2,39.92,33.98,79,0
10,13,3,39.92,33.08,76,0
10,13,4,39.02,32.0,76,0
10,13,5,37.04,32.0,82,0
10,13,6,35.96,30.92,82,0
10,13,7,35.96,33.08,89,26
10,13,8,44.96,37.04,74,155
10,13,9,50.0,33.98,54,357
10,13,10,51.98,33.98,50,538
10,13,11,55.94,33.08,42,677
10,13,12,57.02,33.08,40,750
10,13,13,60.08,35.06,39,752
10,13,14,60.98,33.08,35,695
10,13,15,64.04,33.08,32,572
10,13,16,64.04,32.0,30,396
10,13,17,62.96,30.92,30,195
10,13,18,57.92,35.96,44,41
10,13,19,53.06,37.94,57,0
10,13,20,48.92,39.92,71,0
10,13,21,46.04,39.02,77,0
10,13,22,42.98,37.94,83,0
10,13,23,44.06,37.94,80,0
10,14,24,44.06,37.04,76,0
10,14,1,41.0,37.04,86,0
10,14,2,39.92,35.96,86,0
10,14,3,39.02,35.06,86,0
10,14,4,37.04,35.06,92,0
10,14,5,37.94,35.06,89,0
10,14,6,35.96,33.08,89,0
10,14,7,35.96,33.98,92,27
10,14,8,42.08,37.04,83,154
10,14,9,48.92,37.94,66,355
10,14,10,55.94,35.06,45,537
10,14,11,57.92,35.96,44,671
10,14,12,60.08,35.96,41,744
10,14,13,64.04,37.94,38,748
10,14,14,64.04,37.94,38,687
10,14,15,64.94,37.94,37,561
10,14,16,64.94,37.94,37,389
10,14,17,64.04,39.02,40,187
10,14,18,60.98,39.92,46,40
10,14,19,53.96,41.0,62,0
10,14,20,53.96,42.98,67,0
10,14,21,51.98,44.06,74,0
10,14,22,48.92,44.06,83,0
10,14,23,48.92,44.06,83,0
10,15,24,46.04,42.98,89,0
10,15,1,44.06,42.08,93,0
10,15,2,44.06,41.0,89,0
10,15,3,42.98,41.0,93,0
10,15,4,44.06,41.0,89,0
10,15,5,41.0,39.92,96,0
10,15,6,41.0,39.02,93,0
10,15,7,44.06,41.0,89,23
10,15,8,48.02,44.96,89,144
10,15,9,55.04,48.02,77,341
10,15,10,62.06,46.94,58,520
10,15,11,66.02,44.96,47,651
10,15,12,68.0,44.06,42,725
10,15,13,69.98,42.98,38,731
10,15,14,71.06,44.06,38,668
10,15,15,71.96,44.06,37,547
10,15,16,71.06,46.94,43,373
10,15,17,69.98,48.92,47,165
10,15,18,64.94,50.0,59,31
10,15,19,62.06,51.08,67,0
10,15,20,57.92,51.08,78,0
10,15,21,55.04,51.98,90,0
10,15,22,53.06,50.0,90,0
10,15,23,51.08,48.92,93,0
10,16,24,48.92,46.94,93,0
10,16,1,48.02,46.94,96,0
10,16,2,48.92,48.02,96,0
10,16,3,46.04,44.96,96,0
10,16,4,48.02,46.94,96,0
10,16,5,50.0,50.0,100,0
10,16,6,46.94,46.04,96,0
10,16,7,48.02,46.94,96,20
10,16,8,53.96,53.06,96,140
10,16,9,60.08,57.02,90,334
10,16,10,66.02,60.08,81,504
10,16,11,69.98,60.08,71,594
10,16,12,71.06,55.94,59,538
10,16,13,71.96,55.04,55,600
10,16,14,75.02,51.98,45,571
10,16,15,73.04,55.04,53,417
10,16,16,71.96,55.94,57,344
10,16,17,71.06,55.94,59,157
10,16,18,66.92,55.94,68,31
10,16,19,64.04,55.94,75,0
10,16,20,62.06,55.94,81,0
10,16,21,59.0,55.94,90,0
10,16,22,57.02,55.94,96,0
10,16,23,55.94,55.04,96,0
10,17,24,55.04,53.96,96,0
10,17,1,53.06,51.98,96,0
10,17,2,53.96,53.06,96,0
10,17,3,55.94,55.04,96,0
10,17,4,55.04,53.96,96,0
10,17,5,55.04,55.04,100,0
10,17,6,55.94,55.94,100,0
10,17,7,55.94,55.94,100,19
10,17,8,59.0,57.92,97,111
10,17,9,64.94,60.98,87,277
10,17,10,69.98,60.98,73,439
10,17,11,73.04,60.08,64,604
10,17,12,73.94,57.92,58,599
10,17,13,77.0,59.0,54,412
10,17,14,75.92,59.0,56,427
10,17,15,75.02,57.92,56,476
10,17,16,75.92,57.92,54,324
10,17,17,75.02,57.02,54,160
10,17,18,69.98,59.0,68,29
10,17,19,66.92,59.0,76,0
10,17,20,66.02,60.08,81,0
10,17,21,64.04,60.08,87,0
10,17,22,64.94,62.06,90,0
10,17,23,64.94,62.96,93,0
10,18,24,64.94,64.04,97,0
10,18,1,64.94,64.94,100,0
10,18,2,64.94,64.94,100,0
10,18,3,64.94,64.94,100,0
10,18,4,64.94,64.94,100,0
10,18,5,64.94,64.94,100,0
10,18,6,64.94,64.94,100,0
10,18,7,64.04,64.04,100,10
10,18,8,64.94,64.94,100,58
10,18,9,66.92,64.94,93,128
10,18,10,68.0,66.02,93,184
10,18,11,69.08,66.02,90,232
10,18,12,69.98,66.92,90,265
10,18,13,71.96,66.92,84,271
10,18,14,75.02,68.0,79,304
10,18,15,75.02,66.92,76,228
10,18,16,73.04,66.92,82,175
10,18,17,71.96,68.0,87,49
10,18,18,69.98,68.0,93,21
10,18,19,69.98,66.92,90,0
10,18,20,69.98,68.0,93,0
10,18,21,69.08,68.0,97,0
10,18,22,69.98,68.0,93,0
10,18,23,69.98,69.08,97,0
10,19,24,69.08,69.08,100,0
10,19,1,69.08,69.08,100,0
10,19,2,66.02,66.02,100,0
10,19,3,66.02,66.02,100,0
10,19,4,66.02,66.02,100,0
10,19,5,66.02,66.02,100,0
10,19,6,66.02,66.02,100,0
10,19,7,66.02,66.02,100,9
10,19,8,66.92,66.92,100,51
10,19,9,64.04,64.04,100,167
10,19,10,64.04,64.04,100,260
10,19,11,64.94,64.04,97,327
10,19,12,66.02,62.96,90,324
10,19,13,66.02,62.06,87,393
10,19,14,69.98,64.04,81,411
10,19,15,69.98,62.06,76,467
10,19,16,69.98,60.98,73,267
10,19,17,69.08,60.08,73,101
10,19,18,66.02,60.98,84,25
10,19,19,64.04,60.08,87,0
10,19,20,60.98,59.0,93,0
10,19,21,60.98,51.08,70,0
10,19,22,57.92,46.04,65,0
10,19,23,53.96,50.0,86,0
10,20,24,51.98,48.02,86,0
10,20,1,51.98,46.94,83,0
10,20,2,51.08,46.04,83,0
10,20,3,51.98,44.96,77,0
10,20,4,50.0,44.96,83,0
10,20,5,48.02,44.06,86,0
10,20,6,46.04,42.98,89,0
10,20,7,48.92,39.92,71,16
10,20,8,51.08,41.0,69,120
10,20,9,55.04,39.92,57,311
10,20,10,55.94,39.92,55,486
10,20,11,57.92,39.02,49,622
10,20,12,59.0,39.02,48,689
10,20,13,60.98,37.94,43,698
10,20,14,62.96,39.92,43,635
10,20,15,62.96,39.02,41,484
10,20,16,64.04,35.06,34,313
10,20,17,62.06,37.94,41,135
10,20,18,57.92,39.02,49,23
10,20,19,51.98,44.96,77,0
10,20,20,48.92,44.96,86,0
10,20,21,50.0,44.96,83,0
10,20,22,48.02,42.08,80,0
10,20,23,46.94,42.08,83,0
10,21,24,46.04,42.08,86,0
10,21,1,48.02,41.0,77,0
10,21,2,44.06,41.0,89,0
10,21,3,42.98,41.0,93,0
10,21,4,42.08,39.92,93,0
10,21,5,42.08,39.92,93,0
10,21,6,42.08,39.92,93,0
10,21,7,42.08,39.92,93,16
10,21,8,48.02,42.98,83,122
10,21,9,53.06,42.98,69,295
10,21,10,60.08,42.98,54,349
10,21,11,62.96,44.06,50,563
10,21,12,64.94,44.96,49,610
10,21,13,66.92,44.06,44,642
10,21,14,68.0,44.06,42,585
10,21,15,68.0,44.06,42,470
10,21,16,66.92,41.0,39,327
10,21,17,64.04,42.98,47,143
10,21,18,60.98,42.08,50,25
10,21,19,59.0,42.98,56,0
10,21,20,55.94,46.04,69,0
10,21,21,53.06,44.96,74,0
10,21,22,51.98,44.96,77,0
10,21,23,51.08,44.96,80,0
10,22,24,51.98,44.96,77,0
10,22,1,50.0,44.96,83,0
10,22,2,48.92,44.96,86,0
10,22,3,46.04,44.06,93,0
10,22,4,44.96,42.98,93,0
10,22,5,44.96,42.98,93,0
10,22,6,44.06,42.98,96,0
10,22,7,44.06,42.98,96,14
10,22,8,46.94,46.94,100,94
10,22,9,53.96,50.0,86,164
10,22,10,62.96,50.0,63,259
10,22,11,66.92,46.04,47,550
10,22,12,69.98,41.0,35,619
10,22,13,69.98,41.0,35,536
10,22,14,69.98,41.0,35,618
10,22,15,71.06,42.08,35,447
10,22,16,71.06,44.06,38,343
10,22,17,69.98,42.08,36,148
10,22,18,64.94,44.96,49,27
10,22,19,57.92,48.92,72,0
10,22,20,53.96,50.0,86,0
10,22,21,53.06,50.0,90,0
10,22,22,51.08,48.02,90,0
10,22,23,51.08,46.94,86,0
10,23,24,50.0,46.04,86,0
10,23,1,48.02,46.04,93,0
10,23,2,46.94,44.96,93,0
10,23,3,48.92,46.94,93,0
10,23,4,48.92,48.02,96,0
10,23,5,48.92,46.94,93,0
10,23,6,48.92,46.04,89,0
10,23,7,48.92,42.98,80,4
10,23,8,50.0,42.98,77,45
10,23,9,50.0,44.96,83,100
10,23,10,51.08,44.96,80,197
10,23,11,51.08,44.06,77,241
10,23,12,51.98,42.98,72,253
10,23,13,53.96,44.96,72,283
10,23,14,53.06,42.98,69,265
10,23,15,53.06,42.98,69,217
10,23,16,51.98,42.08,69,151
10,23,17,51.08,41.0,69,67
10,23,18,48.92,41.0,74,15
10,23,19,48.02,41.0,77,0
10,23,20,48.02,39.92,74,0
10,23,21,46.04,39.02,77,0
10,23,22,46.04,39.92,80,0
10,23,23,44.96,39.02,80,0
10,24,24,44.96,39.02,80,0
10,24,1,44.96,39.02,80,0
10,24,2,44.96,37.04,74,0
10,24,3,44.96,35.96,71,0
10,24,4,44.06,37.94,80,0
10,24,5,44.96,37.04,74,0
10,24,6,44.96,37.04,74,0
10,24,7,44.06,37.94,80,9
10,24,8,44.96,39.02,80,61
10,24,9,46.04,39.02,77,135
10,24,10,46.94,39.02,74,210
10,24,11,46.94,41.0,80,277
10,24,12,48.92,42.98,80,293
10,24,13,48.92,42.98,80,340
10,24,14,48.02,44.96,89,166
10,24,15,48.92,46.04,89,131
10,24,16,50.0,46.04,86,141
10,24,17,48.92,46.94,93,41
10,24,18,48.02,48.02,100,10
10,24,19,48.02,48.02,100,0
10,24,20,48.92,48.92,100,0
10,24,21,48.92,48.92,100,0
10,24,22,48.92,48.92,100,0
10,24,23,48.92,48.92,100,0
10,25,24,48.92,48.92,100,0
10,25,1,50.0,50.0,100,0
10,25,2,50.0,50.0,100,0
10,25,3,48.92,48.92,100,0
10,25,4,48.92,48.92,100,0
10,25,5,50.0,50.0,100,0
10,25,6,50.0,50.0,100,0
10,25,7,50.0,50.0,100,7
10,25,8,50.0,50.0,100,66
10,25,9,51.08,51.08,100,102
10,25,10,51.08,51.08,100,139
10,25,11,50.0,50.0,100,174
10,25,12,51.98,51.98,100,323
10,25,13,53.06,48.92,86,400
10,25,14,53.96,39.92,59,273
10,25,15,55.04,37.94,53,423
10,25,16,51.08,33.08,50,339
10,25,17,46.94,32.0,56,131
10,25,18,44.96,30.02,56,16
10,25,19,42.98,28.04,56,0
10,25,20,41.0,28.94,62,0
10,25,21,41.0,28.94,62,0
10,25,22,41.0,28.04,60,0
10,25,23,39.02,28.94,67,0
10,26,24,39.92,30.02,68,0
10,26,1,39.92,30.02,68,0
10,26,2,39.92,30.02,68,0
10,26,3,37.04,30.02,76,0
10,26,4,37.04,30.02,76,0
10,26,5,35.06,30.02,82,0
10,26,6,33.98,30.02,85,0
10,26,7,35.06,30.02,82,9
10,26,8,39.92,32.0,73,97
10,26,9,46.04,33.08,61,279
10,26,10,50.0,33.08,52,456
10,26,11,53.06,30.92,43,589
10,26,12,55.04,30.92,40,615
10,26,13,57.02,26.96,32,662
10,26,14,57.92,26.96,31,566
10,26,15,57.92,24.08,27,435
10,26,16,57.92,23.0,26,250
10,26,17,57.02,23.0,27,89
10,26,18,53.06,26.96,37,10
10,26,19,46.94,33.08,58,0
10,26,20,44.06,35.96,74,0
10,26,21,42.08,35.96,79,0
10,26,22,41.0,35.06,79,0
10,26,23,39.92,35.06,82,0
10,27,24,39.02,32.0,76,0
10,27,1,39.92,30.02,68,0
10,27,2,37.04,30.92,79,0
10,27,3,37.94,33.08,82,0
10,27,4,39.02,32.0,76,0
10,27,5,35.96,32.0,85,0
10,27,6,37.04,33.98,89,0
10,27,7,39.92,32.0,73,1
10,27,8,42.08,35.06,76,64
10,27,9,46.04,33.98,63,170
10,27,10,48.02,30.92,52,153
10,27,11,48.02,33.98,59,216
10,27,12,50.0,33.98,54,569
10,27,13,53.06,30.92,43,449
10,27,14,55.94,33.98,44,526
10,27,15,55.94,33.98,44,402
10,27,16,57.02,35.06,44,211
10,27,17,55.04,37.94,53,84
10,27,18,53.06,39.02,59,5
10,27,19,51.08,42.98,74,0
10,27,20,48.92,44.06,83,0
10,27,21,48.92,41.0,74,0
10,27,22,48.02,42.08,80,0
10,27,23,48.92,41.0,74,0
10,28,24,48.02,39.92,74,0
10,28,1,50.0,42.98,77,0
10,28,2,51.98,46.94,83,0
10,28,3,53.06,48.02,83,0
10,28,4,51.08,48.02,90,0
10,28,5,50.0,50.0,100,0
10,28,6,53.06,53.06,100,0
10,28,7,53.06,53.06,100,2
10,28,8,53.06,53.06,100,35
10,28,9,53.06,53.06,100,119
10,28,10,55.04,55.04,100,166
10,28,11,57.02,57.02,100,231
10,28,12,59.0,59.0,100,250
10,28,13,60.98,59.0,93,265
10,28,14,62.06,59.0,90,310
10,28,15,62.96,60.08,90,252
10,28,16,62.96,59.0,87,165
10,28,17,60.98,59.0,93,86
10,28,18,60.08,57.92,93,10
10,28,19,57.92,57.02,96,0
10,28,20,57.02,57.02,100,0
10,28,21,57.02,57.02,100,0
10,28,22,57.02,57.02,100,0
10,28,23,57.02,57.02,100,0
10,29,24,57.02,57.02,100,0
10,29,1,55.94,55.94,100,0
10,29,2,55.04,55.04,100,0
10,29,3,53.96,53.96,100,0
10,29,4,51.98,51.98,100,0
10,29,5,51.98,51.98,100,0
10,29,6,51.08,51.08,100,0
10,29,7,51.08,50.0,96,7
10,29,8,51.08,48.92,93,73
10,29,9,51.98,48.92,90,129
10,29,10,53.06,46.94,80,201
10,29,11,51.98,46.94,83,262
10,29,12,51.98,46.04,80,245
10,29,13,51.98,44.96,77,249
10,29,14,51.98,44.96,77,241
10,29,15,51.08,44.96,80,183
10,29,16,50.0,44.96,83,162
10,29,17,50.0,44.96,83,54
10,29,18,48.92,44.96,86,8
10,29,19,48.02,44.06,86,0
10,29,20,46.04,46.04,100,0
10,29,21,44.96,44.96,100,0
10,29,22,44.96,44.96,100,0
10,29,23,44.96,44.96,100,0
10,30,24,44.96,44.96,100,0
10,30,1,44.96,44.96,100,0
10,30,2,44.96,44.96,100,0
10,30,3,42.98,42.98,100,0
10,30,4,42.98,42.98,100,0
10,30,5,42.08,42.08,100,0
10,30,6,41.0,41.0,100,0
10,30,7,41.0,41.0,100,4
10,30,8,41.0,41.0,100,36
10,30,9,39.92,39.92,100,90
10,30,10,41.0,41.0,100,137
10,30,11,41.0,41.0,100,186
10,30,12,41.0,41.0,100,208
10,30,13,42.08,41.0,96,332
10,30,14,42.98,41.0,93,276
10,30,15,44.06,41.0,89,240
10,30,16,44.06,41.0,89,168
10,30,17,44.06,41.0,89,68
10,30,18,44.06,42.08,93,11
10,30,19,44.06,42.08,93,0
10,30,20,44.06,42.08,93,0
10,30,21,44.06,42.08,93,0
10,30,22,44.06,42.08,93,0
10,30,23,44.06,42.08,93,0
10,31,24,42.98,42.08,96,0
10,31,1,39.92,39.92,100,0
10,31,2,39.02,39.02,100,0
10,31,3,39.02,39.02,100,0
10,31,4,37.04,37.04,100,0
10,31,5,35.96,35.96,100,0
10,31,6,35.96,35.96,100,0
10,31,7,35.06,35.06,100,6
10,31,8,39.92,39.92,100,83
10,31,9,46.94,44.06,89,258
10,31,10,51.08,42.98,74,428
10,31,11,55.04,39.92,57,559
10,31,12,57.92,33.08,39,636
10,31,13,60.08,35.06,39,638
10,31,14,60.98,37.04,41,574
10,31,15,62.06,39.92,45,449
10,31,16,60.98,42.08,50,280
10,31,17,59.0,42.98,56,102
10,31,18,53.96,42.98,67,12
10,31,19,51.08,44.96,80,0
10,31,20,48.92,46.04,89,0
10,31,21,48.92,46.04,89,0
10,31,22,51.26,48.56,93,0
10,31,23,53.42,51.26,89,0
11,1,24,55.76,53.78,74,0
11,1,1,58.1,56.3,96,0
11,1,2,60.44,58.82,100,0
11,1,3,62.6,61.52,97,0
11,1,4,64.94,64.04,97,0
11,1,5,64.04,64.04,100,0
11,1,6,64.04,62.96,96,0
11,1,7,62.96,60.98,93,1
11,1,8,62.06,59.0,90,25
11,1,9,62.96,59.0,87,74
11,1,10,62.96,57.92,84,122
11,1,11,62.96,53.06,70,159
11,1,12,60.98,44.06,54,433
11,1,13,62.06,37.04,39,614
11,1,14,59.0,33.98,39,532
11,1,15,55.94,33.08,42,360
11,1,16,55.04,33.08,43,189
11,1,17,53.06,32.0,44,90
11,1,18,51.08,30.92,46,4
11,1,19,50.0,32.0,50,0
11,1,20,48.02,32.0,54,0
11,1,21,48.02,32.0,54,0
11,1,22,46.04,32.0,58,0
11,1,23,42.98,32.0,65,0
11,2,24,42.08,32.0,67,0
11,2,1,44.06,30.92,59,0
11,2,2,44.06,30.02,57,0
11,2,3,44.06,30.02,57,0
11,2,4,42.98,28.94,56,0
11,2,5,42.08,28.94,58,0
11,2,6,39.02,28.94,66,0
11,2,7,41.0,28.94,61,1
11,2,8,44.06,28.94,54,41
11,2,9,48.92,28.94,45,130
11,2,10,51.08,26.06,36,279
11,2,11,57.02,24.08,27,504
11,2,12,59.0,24.08,25,590
11,2,13,62.06,21.92,20,583
11,2,14,64.94,21.92,18,548
11,2,15,66.02,21.92,17,415
11,2,16,66.92,24.08,19,273
11,2,17,64.04,23.0,20,99
11,2,18,59.0,24.98,26,3
11,2,19,55.94,26.96,32,0
11,2,20,51.08,30.92,46,0
11,2,21,48.02,32.0,54,0
11,2,22,46.94,30.02,51,0
11,2,23,46.94,32.0,56,0
11,3,24,42.98,33.98,70,0
11,3,1,39.92,33.08,76,0
11,3,2,44.96,28.94,52,0
11,3,3,41.0,30.92,67,0
11,3,4,41.0,30.02,64,0
11,3,5,41.0,32.0,70,0
11,3,6,41.0,32.0,70,0
11,3,7,41.0,32.0,70,1
11,3,8,41.0,33.98,76,58
11,3,9,51.08,37.94,61,247
11,3,10,60.98,37.94,42,407
11,3,11,68.0,33.98,28,459
11,3,12,71.96,32.0,23,569
11,3,13,71.96,33.08,24,529
11,3,14,73.94,33.08,22,515
11,3,15,73.94,33.08,22,413
11,3,16,71.96,33.98,25,221
11,3,17,66.02,35.96,33,77
11,3,18,60.98,35.96,39,3
11,3,19,59.0,37.94,45,0
11,3,20,57.02,37.04,47,0
11,3,21,53.06,39.02,59,0
11,3,22,53.06,37.94,56,0
11,3,23,51.98,39.02,61,0
11,4,24,50.0,37.94,63,0
11,4,1,48.92,37.04,63,0
11,4,2,44.96,37.04,74,0
11,4,3,44.96,37.04,74,0
11,4,4,42.08,37.04,82,0
11,4,5,42.98,37.04,79,0
11,4,6,42.08,37.04,82,0
11,4,7,39.02,35.96,89,0
11,4,8,46.04,39.92,79,72
11,4,9,55.04,42.08,62,220
11,4,10,62.96,42.08,46,390
11,4,11,68.0,41.0,37,532
11,4,12,71.96,41.0,33,565
11,4,13,73.94,37.04,26,608
11,4,14,75.02,35.06,23,546
11,4,15,75.02,33.98,22,425
11,4,16,73.94,35.96,25,253
11,4,17,69.08,37.94,32,84
11,4,18,62.96,37.94,39,2
11,4,19,60.08,39.02,46,0
11,4,20,60.08,39.02,46,0
11,4,21,55.94,39.92,55,0
11,4,22,53.96,41.0,61,0
11,4,23,53.96,42.08,64,0
11,5,24,53.96,44.06,69,0
11,5,1,53.96,48.02,80,0
11,5,2,53.96,48.92,83,0
11,5,3,55.04,51.08,86,0
11,5,4,55.94,53.06,90,0
11,5,5,55.94,53.96,93,0
11,5,6,53.96,53.06,97,0
11,5,7,53.96,53.96,100,0
11,5,8,57.92,57.92,100,20
11,5,9,60.98,60.08,97,58
11,5,10,64.04,60.08,87,165
11,5,11,69.08,60.98,75,275
11,5,12,71.06,60.08,68,324
11,5,13,71.96,57.92,61,325
11,5,14,73.04,57.02,57,354
11,5,15,73.04,57.02,57,313
11,5,16,71.96,55.94,57,122
11,5,17,69.08,55.04,61,83
11,5,18,66.02,55.04,68,3
11,5,19,62.96,55.04,75,0
11,5,20,64.04,55.94,75,0
11,5,21,62.06,55.04,78,0
11,5,22,60.98,55.94,83,0
11,5,23,60.98,55.94,83,0
11,6,24,60.08,55.94,86,0
11,6,1,62.06,57.92,86,0
11,6,2,60.98,57.02,87,0
11,6,3,62.96,57.92,84,0
11,6,4,60.98,57.92,90,0
11,6,5,62.06,57.92,86,0
11,6,6,64.04,57.92,80,0
11,6,7,64.04,57.92,80,0
11,6,8,64.94,59.0,81,35
11,6,9,64.04,60.08,87,68
11,6,10,62.96,62.06,97,116
11,6,11,66.02,62.96,90,128
11,6,12,66.92,62.96,87,172
11,6,13,68.0,62.96,84,173
11,6,14,69.98,62.96,78,155
11,6,15,69.98,62.06,76,182
11,6,16,69.98,60.98,73,250
11,6,17,68.0,60.98,78,86
11,6,18,64.04,60.08,87,1
11,6,19,60.98,59.0,93,0
11,6,20,57.92,57.92,100,0
11,6,21,62.96,51.98,67,0
11,6,22,62.06,46.94,58,0
11,6,23,60.08,46.94,62,0
11,7,24,59.0,46.94,64,0
11,7,1,57.02,46.04,67,0
11,7,2,51.08,42.98,74,0
11,7,3,51.08,42.08,71,0
11,7,4,53.06,42.98,68,0
11,7,5,53.06,42.08,66,0
11,7,6,51.98,39.92,63,0
11,7,7,51.08,39.02,63,0
11,7,8,53.06,39.02,59,81
11,7,9,55.04,35.96,48,258
11,7,10,57.92,35.96,44,425
11,7,11,60.08,33.98,37,550
11,7,12,62.06,33.08,34,617
11,7,13,64.04,28.94,26,621
11,7,14,64.94,26.96,23,554
11,7,15,64.94,26.06,22,384
11,7,16,62.96,26.06,24,250
11,7,17,60.08,28.04,29,64
11,7,18,57.02,28.04,32,2
11,7,19,53.06,30.02,41,0
11,7,20,50.0,32.0,50,0
11,7,21,48.02,30.92,51,0
11,7,22,42.98,33.08,68,0
11,7,23,42.98,33.08,68,0
11,8,24,42.98,32.0,65,0
11,8,1,44.06,30.92,59,0
11,8,2,44.06,30.02,57,0
11,8,3,42.98,28.04,54,0
11,8,4,44.06,28.04,52,0
11,8,5,39.02,28.04,63,0
11,8,6,37.04,28.94,71,0
11,8,7,37.04,28.94,71,0
11,8,8,41.0,35.06,79,43
11,8,9,51.98,33.98,50,197
11,8,10,55.94,32.0,40,331
11,8,11,60.98,33.98,36,430
11,8,12,62.96,32.0,31,581
11,8,13,64.94,32.0,29,569
11,8,14,66.02,32.0,28,467
11,8,15,68.0,35.06,30,432
11,8,16,68.0,35.96,31,274
11,8,17,62.96,35.96,36,91
11,8,18,57.02,35.06,44,2
11,8,19,55.94,35.06,45,0
11,8,20,51.08,35.96,56,0
11,8,21,50.0,37.04,61,0
11,8,22,50.0,35.96,58,0
11,8,23,50.0,35.96,58,0
11,9,24,48.92,35.96,61,0
11,9,1,48.02,37.94,68,0
11,9,2,50.0,39.02,66,0
11,9,3,48.92,39.92,71,0
11,9,4,44.96,39.92,82,0
11,9,5,44.96,39.92,82,0
11,9,6,46.04,42.08,86,0
11,9,7,46.04,42.98,89,0
11,9,8,48.92,46.04,90,53
11,9,9,55.94,46.94,72,201
11,9,10,62.06,48.02,60,362
11,9,11,69.08,46.94,45,467
11,9,12,73.04,44.96,37,553
11,9,13,73.94,46.94,38,537
11,9,14,75.02,48.02,38,497
11,9,15,75.02,46.04,36,377
11,9,16,73.94,48.02,40,220
11,9,17,71.06,46.04,41,67
11,9,18,64.04,46.04,52,0
11,9,19,62.06,46.04,56,0
11,9,20,60.08,48.02,64,0
11,9,21,62.96,53.96,72,0
11,9,22,62.96,55.94,78,0
11,9,23,62.06,55.94,80,0
11,10,24,62.06,57.02,84,0
11,10,1,60.08,57.02,90,0
11,10,2,60.08,57.02,90,0
11,10,3,59.0,57.02,93,0
11,10,4,60.08,57.92,93,0
11,10,5,60.08,57.92,93,0
11,10,6,60.08,57.92,93,0
11,10,7,60.08,59.0,96,0
11,10,8,60.08,57.92,93,31
11,10,9,60.08,59.0,96,78
11,10,10,53.96,51.98,93,105
11,10,11,48.92,46.94,93,135
11,10,12,48.02,46.94,96,151
11,10,13,48.02,46.04,93,151
11,10,14,46.94,46.04,97,137
11,10,15,46.94,44.06,90,110
11,10,16,46.94,44.06,90,84
11,10,17,46.94,44.06,90,31
11,10,18,46.04,42.08,86,0
11,10,19,46.04,39.02,76,0
11,10,20,46.04,37.04,71,0
11,10,21,46.04,37.94,73,0
11,10,22,46.04,37.04,71,0
11,10,23,46.04,37.04,71,0
11,11,24,44.96,37.04,74,0
11,11,1,44.06,37.04,76,0
11,11,2,42.08,37.04,82,0
11,11,3,42.08,35.96,79,0
11,11,4,42.08,35.06,76,0
11,11,5,42.08,33.98,73,0
11,11,6,41.0,33.98,76,0
11,11,7,41.0,30.02,64,0
11,11,8,42.08,28.04,56,48
11,11,9,44.96,24.98,43,209
11,11,10,46.94,24.98,40,364
11,11,11,50.0,24.08,34,504
11,11,12,51.08,24.08,33,572
11,11,13,53.06,26.96,35,577
11,11,14,55.04,26.96,33,516
11,11,15,55.94,28.04,33,397
11,11,16,55.04,26.96,33,235
11,11,17,53.06,28.04,37,72
11,11,18,48.02,28.94,47,0
11,11,19,46.04,28.94,50,0
11,11,20,42.98,30.02,59,0
11,11,21,39.92,28.04,61,0
11,11,22,41.0,28.04,58,0
11,11,23,39.02,28.94,66,0
11,12,24,37.94,28.94,69,0
11,12,1,37.04,26.96,65,0
11,12,2,35.06,26.96,70,0
11,12,3,30.92,26.96,83,0
11,12,4,33.98,26.06,70,0
11,12,5,32.0,26.06,76,0
11,12,6,28.94,24.08,80,0
11,12,7,30.92,24.98,76,0
11,12,8,35.06,26.96,70,51
11,12,9,39.92,28.04,61,206
11,12,10,46.94,30.02,51,370
11,12,11,50.0,28.94,43,497
11,12,12,53.96,30.02,39,547
11,12,13,55.04,28.04,34,568
11,12,14,57.92,28.04,31,507
11,12,15,60.08,30.02,31,386
11,12,16,60.08,30.02,31,227
11,12,17,57.02,26.96,30,67
11,12,18,53.06,28.04,37,0
11,12,19,44.96,32.0,60,0
11,12,20,42.98,32.0,65,0
11,12,21,39.02,33.08,79,0
11,12,22,39.92,32.0,73,0
11,12,23,39.92,30.02,67,0
11,13,24,37.94,30.02,72,0
11,13,1,35.96,28.04,71,0
11,13,2,35.96,28.04,71,0
11,13,3,33.08,28.94,83,0
11,13,4,35.06,28.04,74,0
11,13,5,32.0,28.04,83,0
11,13,6,35.06,28.04,74,0
11,13,7,35.06,28.04,74,0
11,13,8,35.06,30.92,84,58
11,13,9,48.02,37.94,68,222
11,13,10,57.02,33.98,42,386
11,13,11,62.06,35.06,36,505
11,13,12,66.92,37.04,33,575
11,13,13,69.08,39.02,33,579
11,13,14,71.96,42.08,34,509
11,13,15,71.96,42.08,34,351
11,13,16,71.96,44.06,37,229
11,13,17,69.08,41.0,36,71
11,13,18,60.98,35.06,38,0
11,13,19,57.02,35.96,45,0
11,13,20,53.96,37.04,53,0
11,13,21,50.0,39.02,66,0
11,13,22,51.98,35.96,54,0
11,13,23,46.94,35.96,65,0
11,14,24,48.02,35.06,61,0
11,14,1,46.94,35.06,63,0
11,14,2,42.08,33.08,70,0
11,14,3,42.98,35.06,73,0
11,14,4,41.0,33.08,73,0
11,14,5,42.08,30.92,64,0
11,14,6,37.94,30.92,75,0
11,14,7,37.94,30.92,75,0
11,14,8,42.08,33.08,70,51
11,14,9,55.04,42.08,62,208
11,14,10,64.04,37.04,37,370
11,14,11,68.0,39.02,35,494
11,14,12,71.06,42.98,36,536
11,14,13,71.06,46.94,42,468
11,14,14,71.96,48.92,44,474
11,14,15,71.06,48.92,45,308
11,14,16,69.98,48.02,46,188
11,14,17,68.0,44.96,43,62
11,14,18,62.96,41.0,44,0
11,14,19,55.94,39.92,55,0
11,14,20,53.06,39.92,61,0
11,14,21,50.0,39.02,66,0
11,14,22,48.02,39.02,71,0
11,14,23,48.92,39.02,68,0
11,15,24,50.0,39.92,68,0
11,15,1,44.06,39.02,82,0
11,15,2,44.96,39.02,80,0
11,15,3,44.06,39.02,82,0
11,15,4,42.98,39.02,86,0
11,15,5,42.08,37.94,85,0
11,15,6,44.06,37.94,79,0
11,15,7,44.06,39.02,82,0
11,15,8,46.94,42.98,86,56
11,15,9,55.94,48.02,75,178
11,15,10,62.96,48.02,58,247
11,15,11,66.92,48.02,51,204
11,15,12,69.08,46.04,44,374
11,15,13,69.98,46.04,42,224
11,15,14,71.06,46.04,41,327
11,15,15,71.06,44.96,39,286
11,15,16,69.98,44.96,41,199
11,15,17,66.02,44.06,45,49
11,15,18,62.96,44.06,50,0
11,15,19,57.02,44.96,64,0
11,15,20,53.96,44.96,71,0
11,15,21,48.02,42.98,83,0
11,15,22,51.08,44.06,77,0
11,15,23,51.08,44.06,77,0
11,16,24,51.08,44.06,77,0
11,16,1,48.92,44.06,83,0
11,16,2,50.0,44.06,80,0
11,16,3,50.0,44.06,80,0
11,16,4,50.0,44.96,83,0
11,16,5,50.0,44.96,83,0
11,16,6,50.0,44.96,83,0
11,16,7,51.08,44.96,79,0
11,16,8,51.98,46.04,80,29
11,16,9,55.04,48.92,80,66
11,16,10,60.08,51.08,72,198
11,16,11,60.08,51.98,75,279
11,16,12,62.06,53.06,72,428
11,16,13,62.96,53.06,70,416
11,16,14,62.06,53.06,72,143
11,16,15,60.98,51.98,72,109
11,16,16,59.0,51.08,75,64
11,16,17,57.92,48.92,72,28
11,16,18,55.04,46.04,72,0
11,16,19,51.98,44.96,77,0
11,16,20,48.92,44.96,86,0
11,16,21,48.92,44.06,83,0
11,16,22,48.02,44.06,86,0
11,16,23,48.02,44.06,86,0
11,17,24,48.02,44.96,89,0
11,17,1,48.02,44.96,89,0
11,17,2,48.02,44.96,89,0
11,17,3,46.94,44.96,93,0
11,17,4,46.94,44.96,93,0
11,17,5,46.94,44.06,90,0
11,17,6,46.94,42.98,86,0
11,17,7,46.94,44.06,90,0
11,17,8,48.02,44.06,86,17
11,17,9,48.02,44.96,89,48
11,17,10,48.92,44.96,86,87
11,17,11,50.0,46.04,86,117
11,17,12,51.08,46.04,83,159
11,17,13,50.0,46.94,89,135
11,17,14,51.08,46.94,86,121
11,17,15,50.0,48.92,96,92
11,17,16,50.0,50.0,100,54
11,17,17,50.0,48.92,96,21
11,17,18,50.0,48.92,96,0
11,17,19,50.0,48.92,96,0
11,17,20,50.0,48.92,96,0
11,17,21,50.0,48.92,96,0
11,17,22,50.0,50.0,100,0
11,17,23,50.0,50.0,100,0
11,18,24,51.08,50.0,96,0
11,18,1,51.08,50.0,96,0
11,18,2,51.08,51.08,100,0
11,18,3,51.08,51.08,100,0
11,18,4,51.08,51.08,100,0
11,18,5,51.98,51.98,100,0
11,18,6,51.98,51.98,100,0
11,18,7,53.06,53.06,100,0
11,18,8,53.96,53.06,97,11
11,18,9,55.04,53.96,96,55
11,18,10,57.92,55.04,90,95
11,18,11,60.08,55.94,86,124
11,18,12,60.98,57.02,87,140
11,18,13,62.96,57.92,84,169
11,18,14,68.0,57.92,70,279
11,18,15,66.92,57.92,73,179
11,18,16,66.92,59.0,76,200
11,18,17,66.92,59.0,76,54
11,18,18,64.04,57.92,80,0
11,18,19,64.04,57.02,78,0
11,18,20,62.96,57.02,81,0
11,18,21,62.96,55.94,78,0
11,18,22,62.06,55.04,78,0
11,18,23,60.98,53.96,78,0
11,19,24,60.08,53.06,78,0
11,19,1,59.0,51.98,77,0
11,19,2,59.0,50.0,72,0
11,19,3,57.92,48.92,72,0
11,19,4,57.02,48.02,72,0
11,19,5,55.94,46.04,69,0
11,19,6,55.04,44.06,66,0
11,19,7,53.96,42.98,66,0
11,19,8,55.94,42.08,60,38
11,19,9,59.0,44.06,58,194
11,19,10,62.96,46.94,56,353
11,19,11,64.94,50.0,58,480
11,19,12,68.0,53.06,59,540
11,19,13,68.0,53.96,61,547
11,19,14,71.06,55.04,57,468
11,19,15,71.06,55.04,57,350
11,19,16,69.98,53.96,57,222
11,19,17,64.94,51.08,61,64
11,19,18,62.06,48.92,62,0
11,19,19,59.0,48.92,69,0
11,19,20,57.02,48.02,72,0
11,19,21,53.06,37.04,54,0
11,19,22,48.92,41.0,74,0
11,19,23,51.08,33.98,52,0
11,20,24,44.06,33.08,65,0
11,20,1,48.92,28.94,45,0
11,20,2,44.96,30.92,57,0
11,20,3,42.98,32.0,65,0
11,20,4,44.96,30.02,55,0
11,20,5,44.06,30.02,57,0
11,20,6,39.02,32.0,76,0
11,20,7,44.06,28.94,54,0
11,20,8,46.94,30.02,51,25
11,20,9,48.92,28.94,45,94
11,20,10,53.06,30.02,41,283
11,20,11,57.02,37.04,47,436
11,20,12,60.98,39.92,46,516
11,20,13,64.04,26.96,24,475
11,20,14,64.04,28.04,25,383
11,20,15,64.94,28.94,25,369
11,20,16,60.98,28.94,29,169
11,20,17,59.0,28.94,31,45
11,20,18,57.02,32.0,38,0
11,20,19,55.94,32.0,40,0
11,20,20,55.94,33.08,42,0
11,20,21,55.04,33.08,43,0
11,20,22,53.96,35.06,49,0
11,20,23,53.96,37.94,54,0
11,21,24,51.98,37.94,59,0
11,21,1,51.08,46.94,86,0
11,21,2,51.08,39.92,65,0
11,21,3,50.0,44.06,80,0
11,21,4,48.92,46.94,93,0
11,21,5,48.92,46.94,93,0
11,21,6,50.0,48.92,96,0
11,21,7,51.98,51.08,97,0
11,21,8,53.96,53.96,100,13
11,21,9,57.02,55.94,96,54
11,21,10,55.94,55.04,97,78
11,21,11,53.96,53.06,97,147
11,21,12,57.02,57.02,100,116
11,21,13,60.98,60.08,97,168
11,21,14,62.96,59.0,87,302
11,21,15,64.94,60.08,84,237
11,21,16,66.92,60.08,79,195
11,21,17,64.04,57.92,80,70
11,21,18,59.0,55.94,90,0
11,21,19,57.92,55.94,93,0
11,21,20,57.02,55.94,96,0
11,21,21,55.04,53.96,96,0
11,21,22,53.06,51.98,96,0
11,21,23,55.94,55.04,97,0
11,22,24,55.94,55.04,97,0
11,22,1,57.02,55.94,96,0
11,22,2,57.92,51.98,81,0
11,22,3,57.02,46.04,67,0
11,22,4,55.04,44.06,66,0
11,22,5,53.06,42.08,66,0
11,22,6,51.08,39.02,63,0
11,22,7,46.94,39.02,74,0
11,22,8,48.92,35.96,61,42
11,22,9,53.06,35.96,52,178
11,22,10,53.06,35.06,50,341
11,22,11,55.94,30.92,38,432
11,22,12,57.02,30.92,37,349
11,22,13,59.0,28.04,30,404
11,22,14,62.06,26.06,24,441
11,22,15,62.06,26.06,24,355
11,22,16,60.98,24.08,23,175
11,22,17,57.92,26.06,28,64
11,22,18,51.08,26.96,38,0
11,22,19,51.08,24.08,33,0
11,22,20,51.08,17.96,25,0
11,22,21,50.0,12.92,20,0
11,22,22,48.02,12.02,21,0
11,22,23,46.04,12.02,22,0
11,23,24,44.96,14.0,26,0
11,23,1,42.98,15.08,29,0
11,23,2,42.08,15.08,30,0
11,23,3,41.0,15.08,31,0
11,23,4,39.92,12.92,29,0
11,23,5,39.02,12.02,29,0
11,23,6,39.02,10.04,26,0
11,23,7,37.04,8.06,26,0
11,23,8,37.94,8.96,26,38
11,23,9,41.0,3.92,18,150
11,23,10,42.08,-2.02,13,270
11,23,11,44.06,-0.94,12,384
11,23,12,44.96,-0.04,13,505
11,23,13,46.94,1.04,12,450
11,23,14,46.04,-0.94,11,461
11,23,15,46.94,1.04,12,388
11,23,16,46.04,1.94,13,231
11,23,17,44.06,5.0,17,66
11,23,18,41.0,3.92,18,0
11,23,19,39.92,3.92,19,0
11,23,20,37.94,6.08,23,0
11,23,21,37.04,6.08,23,0
11,23,22,39.92,6.08,21,0
11,23,23,39.02,8.96,25,0
11,24,24,39.02,10.94,28,0
11,24,1,39.02,12.92,31,0
11,24,2,33.98,12.92,37,0
11,24,3,37.04,12.02,32,0
11,24,4,37.04,12.92,33,0
11,24,5,32.0,15.08,45,0
11,24,6,33.08,14.0,41,0
11,24,7,30.92,17.06,52,0
11,24,8,30.02,21.02,66,38
11,24,9,39.92,17.96,38,193
11,24,10,42.98,17.96,33,322
11,24,11,46.04,17.96,30,439
11,24,12,46.94,17.96,29,485
11,24,13,48.92,19.04,28,515
11,24,14,50.0,19.04,27,442
11,24,15,51.08,19.04,26,344
11,24,16,51.08,19.04,26,181
11,24,17,46.04,21.02,35,55
11,24,18,42.98,21.02,39,0
11,24,19,39.02,19.94,43,0
11,24,20,35.96,21.02,51,0
11,24,21,37.04,21.02,49,0
11,24,22,37.94,21.02,47,0
11,24,23,37.04,21.02,49,0
11,25,24,35.06,21.02,53,0
11,25,1,33.98,19.94,52,0
11,25,2,33.08,19.94,54,0
11,25,3,33.98,21.02,55,0
11,25,4,30.92,21.02,63,0
11,25,5,30.02,21.02,66,0
11,25,6,30.92,21.92,66,0
11,25,7,30.92,23.0,69,0
11,25,8,32.0,24.08,69,15
11,25,9,37.04,26.06,62,101
11,25,10,42.98,26.06,49,214
11,25,11,48.02,26.96,42,282
11,25,12,51.08,26.06,36,193
11,25,13,55.94,17.06,20,500
11,25,14,57.02,17.96,20,474
11,25,15,57.92,17.06,18,363
11,25,16,57.02,19.04,21,213
11,25,17,50.0,19.94,28,49
11,25,18,48.92,17.06,26,0
11,25,19,46.94,17.96,29,0
11,25,20,46.04,19.94,33,0
11,25,21,44.06,21.92,39,0
11,25,22,44.06,21.02,37,0
11,25,23,41.0,21.92,44,0
11,26,24,46.04,24.08,40,0
11,26,1,44.06,24.08,43,0
11,26,2,42.08,24.08,46,0
11,26,3,42.98,24.98,47,0
11,26,4,44.06,26.96,49,0
11,26,5,42.08,28.04,56,0
11,26,6,41.0,26.96,55,0
11,26,7,39.92,28.04,61,0
11,26,8,42.08,30.02,61,36
11,26,9,44.96,33.98,65,116
11,26,10,46.94,35.06,63,135
11,26,11,48.02,33.08,56,179
11,26,12,48.02,33.08,56,203
11,26,13,48.02,33.98,58,206
11,26,14,48.02,33.98,58,187
11,26,15,48.02,33.98,58,117
11,26,16,48.02,33.98,58,72
11,26,17,46.94,35.96,65,22
11,26,18,46.04,37.04,71,0
11,26,19,44.96,37.94,76,0
11,26,20,44.96,39.02,80,0
11,26,21,44.96,35.96,70,0
11,26,22,44.96,35.96,70,0
11,26,23,44.96,35.96,70,0
11,27,24,44.96,33.08,63,0
11,27,1,44.96,30.02,55,0
11,27,2,44.96,30.92,57,0
11,27,3,44.96,28.04,50,0
11,27,4,44.96,24.98,43,0
11,27,5,44.96,24.08,42,0
11,27,6,44.06,24.08,43,0
11,27,7,39.92,35.06,83,0
11,27,8,37.94,35.06,89,13
11,27,9,37.94,35.96,92,51
11,27,10,39.02,37.04,93,96
11,27,11,39.02,37.04,93,92
11,27,12,39.02,37.94,96,106
11,27,13,39.92,39.02,97,108
11,27,14,39.92,39.02,97,97
11,27,15,39.92,39.02,97,74
11,27,16,39.92,39.02,97,43
11,27,17,39.02,37.94,96,14
11,27,18,39.02,37.94,96,0
11,27,19,39.02,37.94,96,0
11,27,20,39.02,37.94,96,0
11,27,21,39.02,39.02,100,0
11,27,22,39.02,37.94,96,0
11,27,23,39.02,39.02,100,0
11,28,24,39.02,39.02,100,0
11,28,1,39.02,39.02,100,0
11,28,2,39.02,39.02,100,0
11,28,3,39.92,39.02,97,0
11,28,4,39.92,39.92,100,0
11,28,5,39.92,39.92,100,0
11,28,6,41.0,39.92,96,0
11,28,7,41.0,41.0,100,0
11,28,8,42.98,42.98,100,8
11,28,9,44.96,44.06,97,37
11,28,10,46.04,46.04,100,70
11,28,11,48.92,48.92,100,95
11,28,12,53.96,53.96,100,109
11,28,13,57.02,55.94,96,197
11,28,14,59.0,57.02,93,119
11,28,15,55.04,53.06,93,138
11,28,16,55.04,53.06,93,55
11,28,17,53.96,51.98,93,30
11,28,18,51.98,51.08,97,0
11,28,19,50.0,50.0,100,0
11,28,20,48.02,46.94,96,0
11,28,21,51.08,50.0,96,0
11,28,22,46.04,44.96,96,0
11,28,23,42.98,42.98,100,0
11,29,24,44.06,42.08,93,0
11,29,1,39.02,37.94,96,0
11,29,2,35.06,33.98,96,0
11,29,3,35.06,35.06,100,0
11,29,4,33.98,33.98,100,0
11,29,5,33.08,32.0,96,0
11,29,6,35.06,33.98,96,0
11,29,7,35.06,33.08,92,0
11,29,8,35.96,33.98,92,19
11,29,9,41.0,35.96,82,103
11,29,10,44.06,37.04,76,199
11,29,11,46.94,35.96,65,164
11,29,12,48.02,35.06,61,151
11,29,13,46.04,39.02,76,154
11,29,14,46.04,37.04,71,138
11,29,15,42.08,37.04,82,106
11,29,16,41.0,37.94,89,62
11,29,17,41.0,37.94,89,20
11,29,18,41.0,39.92,96,0
11,29,19,41.0,39.92,96,0
11,29,20,41.0,39.92,96,0
11,29,21,42.08,39.92,92,0
11,29,22,42.08,41.0,96,0
11,29,23,42.08,39.92,92,0
11,30,24,42.08,41.0,96,0
11,30,1,42.08,41.0,96,0
11,30,2,42.08,39.92,92,0
11,30,3,42.08,39.02,89,0
11,30,4,42.08,39.02,89,0
11,30,5,39.92,37.94,93,0
11,30,6,39.02,37.04,93,0
11,30,7,35.96,33.98,92,0
11,30,8,35.96,33.08,89,25
11,30,9,42.98,35.06,73,131
11,30,10,50.0,32.0,50,269
11,30,11,51.98,28.94,40,368
11,30,12,55.04,28.94,36,461
11,30,13,55.94,24.08,28,461
11,30,14,57.02,24.08,27,417
11,30,15,57.02,24.08,27,311
11,30,16,55.94,26.06,30,178
11,30,17,51.98,24.98,33,42
11,30,18,44.96,30.02,55,0
11,30,19,44.06,30.92,59,0
11,30,20,41.0,30.02,64,0
11,30,21,41.0,30.92,67,0
11,30,22,41.18,30.74,63,0
11,30,23,41.36,30.2,69,0
12,1,24,41.54,29.84,70,0
12,1,1,41.54,29.48,58,0
12,1,2,41.72,29.12,58,0
12,1,3,41.9,28.58,58,0
12,1,4,42.08,28.04,58,0
12,1,5,41.0,28.04,60,0
12,1,6,39.92,28.04,62,0
12,1,7,37.94,28.04,67,0
12,1,8,39.92,28.94,65,34
12,1,9,44.96,30.02,56,153
12,1,10,51.08,30.92,46,322
12,1,11,55.04,30.02,39,451
12,1,12,60.08,32.0,35,520
12,1,13,62.06,32.0,32,532
12,1,14,64.04,33.08,32,449
12,1,15,64.04,32.0,30,351
12,1,16,64.04,32.0,30,200
12,1,17,57.92,33.08,39,51
12,1,18,53.96,32.0,43,1
12,1,19,51.98,32.0,47,0
12,1,20,48.92,32.0,52,0
12,1,21,48.92,32.0,52,0
12,1,22,48.92,32.0,52,0
12,1,23,48.02,30.92,52,0
12,2,24,44.96,30.92,58,0
12,2,1,44.06,30.02,58,0
12,2,2,42.98,30.02,60,0
12,2,3,42.98,30.02,60,0
12,2,4,42.98,30.02,60,0
12,2,5,42.08,30.92,65,0
12,2,6,42.08,30.02,63,0
12,2,7,42.98,30.02,60,0
12,2,8,46.04,30.02,54,27
12,2,9,48.92,30.02,48,135
12,2,10,55.04,32.0,42,290
12,2,11,59.0,35.06,41,411
12,2,12,62.06,37.04,40,504
12,2,13,64.04,39.02,40,518
12,2,14,64.94,42.98,45,463
12,2,15,64.94,44.96,49,354
12,2,16,64.94,44.96,49,203
12,2,17,62.96,44.06,50,49
12,2,18,60.98,44.96,56,0
12,2,19,60.98,46.04,58,0
12,2,20,60.98,48.92,65,0
12,2,21,53.96,28.94,38,0
12,2,22,50.0,24.98,38,0
12,2,23,44.06,26.06,49,0
12,3,24,41.0,26.06,55,0
12,3,1,39.92,23.0,51,0
12,3,2,37.94,21.92,53,0
12,3,3,35.96,21.92,57,0
12,3,4,35.06,21.02,57,0
12,3,5,33.98,21.02,59,0
12,3,6,33.08,21.02,61,0
12,3,7,33.08,19.94,59,0
12,3,8,33.98,21.02,59,31
12,3,9,37.04,21.02,52,135
12,3,10,39.92,19.94,45,314
12,3,11,42.08,19.04,40,419
12,3,12,44.06,17.96,35,479
12,3,13,46.94,17.06,30,485
12,3,14,48.02,15.98,28,458
12,3,15,48.92,14.0,25,361
12,3,16,48.02,15.08,27,201
12,3,17,44.96,15.98,31,57
12,3,18,39.02,17.96,43,2
12,3,19,35.96,19.04,50,0
12,3,20,33.98,19.04,54,0
12,3,21,33.98,15.98,48,0
12,3,22,32.0,19.04,59,0
12,3,23,28.94,17.96,63,0
12,4,24,28.04,17.96,66,0
12,4,1,26.96,19.94,75,0
12,4,2,24.08,19.94,85,0
12,4,3,26.06,19.94,78,0
12,4,4,24.98,17.96,75,0
12,4,5,23.0,17.96,81,0
12,4,6,23.0,19.04,85,0
12,4,7,21.02,17.06,84,0
12,4,8,24.98,17.96,75,36
12,4,9,35.06,19.04,52,167
12,4,10,39.02,15.98,39,333
12,4,11,44.06,14.0,30,460
12,4,12,46.04,14.0,27,530
12,4,13,48.92,14.0,25,507
12,4,14,50.0,14.0,24,449
12,4,15,51.98,15.08,23,347
12,4,16,51.98,15.08,23,143
12,4,17,51.98,17.06,25,49
12,4,18,46.94,15.98,29,2
12,4,19,39.92,17.96,41,0
12,4,20,39.92,19.04,43,0
12,4,21,37.94,21.02,50,0
12,4,22,37.04,17.96,46,0
12,4,23,35.06,21.92,59,0
12,5,24,33.98,26.06,73,0
12,5,1,37.04,21.92,55,0
12,5,2,37.04,23.0,57,0
12,5,3,33.08,24.98,72,0
12,5,4,32.0,21.02,64,0
12,5,5,32.0,26.96,82,0
12,5,6,30.02,24.08,78,0
12,5,7,28.94,21.92,75,0
12,5,8,30.02,21.92,72,29
12,5,9,41.0,26.96,58,120
12,5,10,44.96,26.06,47,205
12,5,11,48.02,28.04,46,322
12,5,12,51.98,26.96,38,475
12,5,13,53.06,24.98,34,356
12,5,14,53.96,24.08,31,461
12,5,15,57.02,23.0,27,233
12,5,16,57.92,21.02,24,133
12,5,17,53.96,23.0,30,52
12,5,18,50.0,26.06,39,2
12,5,19,46.94,30.02,52,0
12,5,20,42.08,32.0,68,0
12,5,21,41.0,30.92,68,0
12,5,22,42.08,30.92,65,0
12,5,23,42.98,32.0,65,0
12,6,24,42.08,30.02,63,0
12,6,1,37.94,30.92,76,0
12,6,2,39.92,32.0,73,0
12,6,3,41.0,33.08,73,0
12,6,4,41.0,33.08,73,0
12,6,5,39.92,33.98,79,0
12,6,6,37.94,32.0,79,0
12,6,7,39.02,30.92,73,0
12,6,8,37.94,33.08,82,26
12,6,9,44.06,30.92,60,136
12,6,10,50.0,30.92,48,301
12,6,11,55.94,32.0,40,278
12,6,12,60.08,28.94,31,428
12,6,13,62.96,32.0,31,496
12,6,14,66.92,30.92,26,404
12,6,15,68.0,30.02,24,355
12,6,16,66.92,32.0,27,213
12,6,17,62.96,33.08,33,58
12,6,18,55.94,33.98,44,3
12,6,19,53.96,33.98,47,0
12,6,20,51.08,33.98,52,0
12,6,21,48.92,33.08,54,0
12,6,22,48.92,33.08,54,0
12,6,23,46.94,33.08,58,0
12,7,24,48.02,32.0,54,0
12,7,1,44.06,32.0,63,0
12,7,2,48.02,30.02,50,0
12,7,3,42.08,32.0,68,0
12,7,4,41.0,32.0,70,0
12,7,5,39.92,32.0,73,0
12,7,6,39.92,33.98,79,0
12,7,7,39.02,32.0,76,0
12,7,8,41.0,32.0,70,30
12,7,9,51.08,41.0,69,152
12,7,10,62.06,41.0,46,287
12,7,11,69.08,44.06,41,399
12,7,12,71.96,48.92,44,473
12,7,13,73.04,48.02,41,522
12,7,14,73.94,46.04,37,476
12,7,15,73.94,48.02,40,367
12,7,16,71.96,50.0,46,219
12,7,17,66.02,46.94,51,62
12,7,18,60.98,46.04,58,5
12,7,19,59.0,46.04,62,0
12,7,20,55.04,42.98,64,0
12,7,21,55.94,39.92,55,0
12,7,22,53.06,37.94,57,0
12,7,23,53.06,37.04,55,0
12,8,24,53.06,35.06,51,0
12,8,1,53.06,35.96,53,0
12,8,2,46.94,37.04,68,0
12,8,3,46.04,37.94,74,0
12,8,4,42.08,37.04,83,0
12,8,5,41.0,37.04,86,0
12,8,6,39.92,37.94,93,0
12,8,7,37.94,35.06,89,0
12,8,8,39.92,35.96,86,23
12,8,9,50.0,39.92,69,110
12,8,10,60.08,39.92,48,300
12,8,11,66.92,39.02,36,428
12,8,12,69.08,35.96,30,505
12,8,13,71.96,41.0,33,512
12,8,14,71.96,39.02,30,466
12,8,15,71.96,39.92,31,337
12,8,16,71.06,39.92,33,183
12,8,17,66.02,42.98,43,49
12,8,18,60.08,42.98,54,1
12,8,19,57.92,44.96,62,0
12,8,20,55.94,46.04,69,0
12,8,21,53.96,44.96,72,0
12,8,22,55.94,46.04,69,0
12,8,23,55.04,46.04,72,0
12,9,24,51.98,44.96,77,0
12,9,1,51.98,46.04,80,0
12,9,2,48.92,44.96,86,0
12,9,3,51.08,46.04,83,0
12,9,4,50.0,44.06,80,0
12,9,5,48.92,46.04,89,0
12,9,6,50.0,46.04,86,0
12,9,7,53.06,46.04,77,0
12,9,8,53.06,46.04,77,24
12,9,9,55.04,48.02,77,77
12,9,10,57.92,48.92,72,174
12,9,11,64.94,51.98,63,262
12,9,12,64.94,51.98,63,190
12,9,13,66.02,53.96,65,220
12,9,14,66.92,53.96,63,165
12,9,15,64.94,55.04,70,190
12,9,16,64.94,55.04,70,115
12,9,17,64.04,55.94,75,35
12,9,18,64.04,55.94,75,1
12,9,19,64.04,57.02,78,0
12,9,20,62.96,57.02,81,0
12,9,21,62.96,57.92,84,0
12,9,22,64.04,57.92,81,0
12,9,23,62.06,59.0,90,0
12,10,24,60.98,59.0,93,0
12,10,1,60.98,60.08,97,0
12,10,2,60.08,57.92,93,0
12,10,3,57.92,57.02,96,0
12,10,4,57.92,57.02,96,0
12,10,5,57.02,55.94,96,0
12,10,6,55.04,53.96,96,0
12,10,7,53.96,53.06,96,0
12,10,8,53.06,51.98,96,12
12,10,9,53.06,51.98,96,45
12,10,10,53.06,51.98,96,90
12,10,11,53.06,51.08,93,199
12,10,12,53.96,51.08,90,244
12,10,13,53.96,48.92,83,232
12,10,14,53.96,46.04,75,212
12,10,15,53.06,46.94,80,191
12,10,16,51.98,39.02,61,66
12,10,17,50.0,35.96,59,38
12,10,18,46.94,33.08,58,1
12,10,19,44.06,33.08,65,0
12,10,20,42.98,28.94,58,0
12,10,21,42.08,28.04,58,0
12,10,22,39.92,28.04,62,0
12,10,23,37.94,28.04,67,0
12,11,24,37.94,26.06,62,0
12,11,1,35.96,28.04,73,0
12,11,2,33.98,28.04,79,0
12,11,3,33.98,28.04,79,0
12,11,4,33.08,26.06,75,0
12,11,5,30.92,26.06,82,0
12,11,6,32.0,24.98,75,0
12,11,7,33.08,24.98,72,0
12,11,8,32.0,24.98,75,25
12,11,9,35.96,24.08,62,129
12,11,10,39.02,24.08,55,198
12,11,11,41.0,26.06,55,351
12,11,12,42.98,24.98,49,443
12,11,13,44.96,26.06,47,359
12,11,14,46.04,23.0,40,425
12,11,15,46.94,24.08,41,373
12,11,16,46.94,26.06,44,209
12,11,17,44.96,24.98,46,56
12,11,18,42.08,21.02,43,3
12,11,19,35.96,26.96,70,0
12,11,20,33.98,30.02,85,0
12,11,21,32.0,26.06,79,0
12,11,22,30.02,26.06,85,0
12,11,23,30.02,21.02,69,0
12,12,24,28.94,24.08,82,0
12,12,1,26.06,21.92,85,0
12,12,2,26.96,23.0,85,0
12,12,3,28.04,24.98,89,0
12,12,4,26.06,23.0,88,0
12,12,5,26.06,23.0,88,0
12,12,6,26.06,23.0,88,0
12,12,7,26.06,23.0,88,0
12,12,8,26.96,24.08,88,19
12,12,9,35.06,28.04,76,114
12,12,10,42.98,28.04,55,262
12,12,11,48.02,32.0,54,346
12,12,12,46.94,28.94,50,412
12,12,13,48.92,28.04,44,287
12,12,14,51.08,28.94,43,352
12,12,15,53.06,28.94,40,337
12,12,16,53.06,30.02,41,191
12,12,17,50.0,26.96,41,48
12,12,18,44.06,26.96,51,1
12,12,19,42.98,28.94,58,0
12,12,20,39.92,30.02,68,0
12,12,21,39.02,32.0,76,0
12,12,22,39.02,30.02,70,0
12,12,23,37.04,32.0,82,0
12,13,24,39.02,30.92,73,0
12,13,1,37.04,30.02,76,0
12,13,2,35.96,30.02,79,0
12,13,3,37.04,32.0,82,0
12,13,4,37.94,30.92,76,0
12,13,5,37.04,32.0,82,0
12,13,6,35.06,30.92,85,0
12,13,7,35.06,30.92,85,0
12,13,8,35.06,30.92,85,17
12,13,9,39.92,33.98,79,105
12,13,10,44.96,35.06,68,221
12,13,11,50.0,32.0,50,276
12,13,12,55.94,33.98,44,383
12,13,13,60.08,35.96,41,389
12,13,14,62.06,33.98,35,397
12,13,15,62.06,35.06,37,299
12,13,16,60.98,33.98,36,106
12,13,17,57.92,35.06,42,40
12,13,18,55.04,35.96,49,1
12,13,19,55.04,35.96,49,0
12,13,20,51.98,35.96,55,0
12,13,21,51.98,30.02,43,0
12,13,22,50.0,28.04,43,0
12,13,23,48.02,26.96,44,0
12,14,24,46.04,26.96,48,0
12,14,1,42.98,26.06,51,0
12,14,2,39.92,24.98,55,0
12,14,3,37.04,23.0,57,0
12,14,4,35.06,24.08,64,0
12,14,5,30.02,21.02,69,0
12,14,6,33.98,23.0,64,0
12,14,7,30.92,21.92,69,0
12,14,8,35.06,21.92,59,30
12,14,9,39.02,19.94,46,146
12,14,10,44.06,15.98,32,249
12,14,11,46.94,17.06,30,323
12,14,12,46.94,21.92,37,459
12,14,13,50.0,21.02,32,387
12,14,14,50.0,19.94,31,342
12,14,15,51.98,24.08,34,261
12,14,16,51.08,19.94,29,167
12,14,17,48.92,19.04,30,64
12,14,18,46.04,19.04,34,5
12,14,19,42.98,23.0,45,0
12,14,20,41.0,21.02,45,0
12,14,21,37.04,21.02,52,0
12,14,22,35.96,19.94,52,0
12,14,23,35.06,21.02,57,0
12,15,24,32.0,21.92,67,0
12,15,1,30.92,24.08,75,0
12,15,2,30.02,24.08,78,0
12,15,3,30.02,24.08,78,0
12,15,4,30.02,24.98,82,0
12,15,5,28.94,24.08,82,0
12,15,6,30.02,24.98,82,0
12,15,7,28.94,24.98,85,0
12,15,8,30.02,24.08,78,19
12,15,9,35.06,26.96,73,113
12,15,10,42.08,26.06,53,153
12,15,11,44.96,24.08,44,272
12,15,12,46.04,26.06,46,332
12,15,13,48.02,21.02,34,260
12,15,14,48.02,24.98,41,156
12,15,15,48.02,26.06,42,208
12,15,16,46.94,26.96,46,124
12,15,17,44.06,23.0,44,30
12,15,18,42.08,24.98,51,0
12,15,19,41.0,26.96,58,0
12,15,20,39.92,26.96,60,0
12,15,21,39.02,26.96,62,0
12,15,22,37.94,28.04,67,0
12,15,23,37.04,28.04,70,0
12,16,24,37.04,28.94,73,0
12,16,1,37.94,26.96,65,0
12,16,2,37.04,28.04,70,0
12,16,3,35.96,28.04,73,0
12,16,4,35.96,28.04,73,0
12,16,5,35.96,28.04,73,0
12,16,6,35.96,30.02,79,0
12,16,7,35.96,30.92,82,0
12,16,8,35.96,33.98,92,12
12,16,9,37.04,35.06,92,43
12,16,10,39.02,37.04,93,93
12,16,11,39.92,39.02,96,125
12,16,12,41.0,39.92,96,159
12,16,13,42.98,41.0,93,239
12,16,14,44.06,41.0,89,224
12,16,15,44.96,41.0,86,179
12,16,16,46.04,39.92,80,126
12,16,17,44.96,41.0,86,38
12,16,18,44.96,41.0,86,1
12,16,19,44.96,41.0,86,0
12,16,20,42.08,39.92,93,0
12,16,21,41.0,39.92,96,0
12,16,22,41.0,39.92,96,0
12,16,23,39.02,37.04,93,0
12,17,24,39.92,35.96,86,0
12,17,1,39.92,32.0,73,0
12,17,2,39.02,33.08,79,0
12,17,3,37.94,28.94,70,0
12,17,4,37.04,28.04,70,0
12,17,5,37.04,28.04,70,0
12,17,6,33.98,28.94,82,0
12,17,7,33.98,26.96,76,0
12,17,8,33.08,24.98,72,14
12,17,9,35.06,26.06,70,118
12,17,10,37.94,24.98,60,274
12,17,11,39.02,21.02,48,407
12,17,12,42.98,24.98,49,492
12,17,13,42.98,21.02,42,515
12,17,14,44.96,30.92,58,468
12,17,15,46.04,26.96,48,363
12,17,16,44.96,24.08,44,218
12,17,17,42.98,23.0,45,60
12,17,18,37.94,26.06,62,3
12,17,19,35.06,23.0,62,0
12,17,20,30.92,24.08,75,0
12,17,21,26.96,19.04,72,0
12,17,22,28.04,21.92,78,0
12,17,23,26.06,19.94,78,0
12,18,24,28.04,21.92,78,0
12,18,1,26.06,19.94,78,0
12,18,2,26.06,24.98,96,0
12,18,3,24.98,21.92,88,0
12,18,4,24.98,21.92,88,0
12,18,5,24.98,23.0,92,0
12,18,6,28.94,28.04,96,0
12,18,7,26.96,26.06,96,0
12,18,8,28.04,24.98,89,25
12,18,9,35.06,28.04,76,135
12,18,10,39.92,33.08,76,295
12,18,11,44.06,33.08,65,425
12,18,12,48.92,33.98,56,504
12,18,13,51.98,33.98,50,521
12,18,14,53.96,35.06,49,475
12,18,15,55.94,33.08,42,373
12,18,16,55.04,32.0,42,225
12,18,17,51.08,30.92,46,66
12,18,18,46.94,33.08,58,5
12,18,19,44.06,33.08,65,0
12,18,20,44.06,32.0,63,0
12,18,21,41.0,32.0,70,0
12,18,22,41.0,32.0,70,0
12,18,23,44.96,32.0,60,0
12,19,24,42.98,32.0,65,0
12,19,1,44.06,33.08,65,0
12,19,2,42.98,32.0,65,0
12,19,3,39.92,33.08,76,0
12,19,4,35.96,30.92,82,0
12,19,5,37.94,32.0,79,0
12,19,6,39.02,32.0,76,0
12,19,7,39.92,30.92,70,0
12,19,8,39.92,32.0,73,23
12,19,9,42.98,33.98,71,129
12,19,10,50.0,37.04,61,274
12,19,11,55.94,42.98,62,390
12,19,12,57.92,37.94,48,471
12,19,13,57.92,35.96,44,403
12,19,14,53.06,39.02,59,228
12,19,15,50.0,35.06,57,142
12,19,16,48.02,35.06,61,112
12,19,17,46.94,28.94,50,29
12,19,18,46.04,28.04,50,1
12,19,19,42.08,19.94,41,0
12,19,20,37.94,24.98,60,0
12,19,21,37.94,15.08,39,0
12,19,22,35.06,17.96,50,0
12,19,23,33.98,19.04,54,0
12,20,24,33.08,15.98,50,0
12,20,1,33.08,12.92,44,0
12,20,2,32.0,19.04,59,0
12,20,3,30.92,17.06,56,0
12,20,4,30.02,17.96,61,0
12,20,5,28.94,17.96,63,0
12,20,6,28.04,17.96,66,0
12,20,7,26.96,21.02,78,0
12,20,8,24.98,14.0,63,11
12,20,9,26.06,14.0,60,105
12,20,10,28.04,15.08,58,269
12,20,11,30.02,14.0,51,403
12,20,12,30.02,12.92,49,484
12,20,13,30.92,12.02,45,500
12,20,14,33.08,10.04,38,460
12,20,15,33.08,6.98,33,354
12,20,16,33.08,6.98,33,208
12,20,17,30.92,6.08,35,56
12,20,18,28.04,6.08,39,2
12,20,19,28.04,1.94,32,0
12,20,20,24.98,3.02,38,0
12,20,21,23.0,-0.94,35,0
12,20,22,21.92,1.94,42,0
12,20,23,19.94,3.92,50,0
12,21,24,21.02,6.08,52,0
12,21,1,19.04,5.0,54,0
12,21,2,19.04,-0.94,41,0
12,21,3,17.06,1.04,49,0
12,21,4,15.98,-0.04,49,0
12,21,5,15.08,1.94,56,0
12,21,6,14.0,1.04,56,0
12,21,7,14.0,-0.94,51,0
12,21,8,14.0,-2.92,46,18
12,21,9,14.0,1.94,59,121
12,21,10,19.04,1.94,47,257
12,21,11,21.02,1.04,41,430
12,21,12,23.0,1.04,38,513
12,21,13,24.98,1.94,37,532
12,21,14,26.96,1.94,34,438
12,21,15,28.04,1.04,31,349
12,21,16,26.96,-0.04,31,185
12,21,17,28.04,-2.02,27,50
12,21,18,26.06,-0.04,32,4
12,21,19,23.0,6.98,50,0
12,21,20,23.0,3.02,42,0
12,21,21,21.02,1.04,41,0
12,21,22,19.94,-0.04,41,0
12,21,23,19.04,1.04,45,0
12,22,24,17.06,5.0,59,0
12,22,1,15.98,6.08,64,0
12,22,2,15.98,6.08,64,0
12,22,3,15.08,6.08,67,0
12,22,4,14.0,3.92,64,0
12,22,5,15.08,3.92,61,0
12,22,6,14.0,3.02,61,0
12,22,7,15.08,3.92,61,0
12,22,8,14.0,3.92,64,19
12,22,9,17.96,6.98,62,111
12,22,10,23.0,8.06,52,259
12,22,11,26.96,6.08,41,385
12,22,12,28.04,5.0,37,474
12,22,13,30.92,3.92,32,513
12,22,14,33.08,5.0,30,472
12,22,15,33.98,3.02,27,314
12,22,16,33.98,3.02,27,175
12,22,17,33.08,3.92,29,25
12,22,18,33.08,5.0,30,0
12,22,19,33.08,6.08,32,0
12,22,20,33.08,6.98,33,0
12,22,21,32.0,8.06,36,0
12,22,22,32.0,10.04,40,0
12,22,23,30.92,10.04,41,0
12,23,24,30.92,10.04,41,0
12,23,1,30.92,10.94,43,0
12,23,2,26.96,24.08,88,0
12,23,3,26.96,26.06,96,0
12,23,4,26.96,26.06,96,0
12,23,5,26.96,26.06,96,0
12,23,6,28.04,26.96,96,0
12,23,7,28.94,26.96,92,0
12,23,8,28.94,28.04,96,15
12,23,9,30.02,28.94,96,67
12,23,10,30.92,28.94,92,146
12,23,11,35.06,30.92,85,255
12,23,12,39.02,33.98,82,404
12,23,13,44.96,33.98,65,520
12,23,14,48.02,33.08,56,432
12,23,15,50.0,33.08,52,217
12,23,16,50.0,33.98,54,135
12,23,17,48.02,35.06,61,46
12,23,18,44.96,33.98,65,2
12,23,19,41.0,33.98,76,0
12,23,20,35.96,33.08,89,0
12,23,21,33.98,32.0,92,0
12,23,22,33.98,33.08,96,0
12,23,23,33.98,33.98,100,0
12,24,24,35.96,35.06,96,0
12,24,1,33.98,33.98,100,0
12,24,2,33.08,33.08,100,0
12,24,3,33.08,33.08,100,0
12,24,4,32.0,32.0,100,0
12,24,5,32.0,32.0,100,0
12,24,6,30.02,30.02,100,0
12,24,7,30.92,30.92,100,0
12,24,8,30.92,30.92,100,7
12,24,9,32.0,32.0,100,72
12,24,10,35.06,35.06,100,153
12,24,11,37.94,37.94,100,157
12,24,12,42.98,42.98,100,253
12,24,13,44.96,44.06,96,233
12,24,14,44.96,44.06,96,205
12,24,15,46.94,46.04,96,191
12,24,16,48.92,46.04,89,119
12,24,17,46.94,46.04,96,50
12,24,18,46.04,44.96,96,2
12,24,19,46.04,42.08,86,0
12,24,20,44.96,37.04,74,0
12,24,21,42.08,30.02,63,0
12,24,22,41.0,28.04,60,0
12,24,23,39.92,26.06,57,0
12,25,24,37.94,23.0,55,0
12,25,1,32.0,17.96,56,0
12,25,2,26.96,14.0,58,0
12,25,3,24.08,8.96,53,0
12,25,4,21.02,3.92,48,0
12,25,5,19.04,3.02,49,0
12,25,6,15.98,1.94,54,0
12,25,7,14.0,-2.02,49,0
12,25,8,14.0,-2.02,49,15
12,25,9,15.08,-2.02,47,114
12,25,10,17.06,-5.08,37,274
12,25,11,19.04,-5.98,32,408
12,25,12,21.92,-5.98,28,494
12,25,13,24.08,-5.08,27,514
12,25,14,24.98,-9.04,22,475
12,25,15,26.06,-9.94,20,372
12,25,16,26.06,-11.02,19,224
12,25,17,23.0,-9.94,22,65
12,25,18,19.94,-7.06,30,2
12,25,19,15.08,-5.08,40,0
12,25,20,15.98,-0.04,49,0
12,25,21,14.0,-0.94,51,0
12,25,22,14.0,-4.0,44,0
12,25,23,12.02,-0.04,58,0
12,26,24,10.04,1.94,70,0
12,26,1,14.0,1.94,59,0
12,26,2,8.96,1.04,70,0
12,26,3,10.04,3.02,73,0
12,26,4,10.04,5.0,80,0
12,26,5,8.06,3.02,80,0
12,26,6,8.06,5.0,87,0
12,26,7,10.04,5.0,80,0
12,26,8,10.04,3.02,73,16
12,26,9,14.0,6.08,70,81
12,26,10,15.98,8.06,71,158
12,26,11,19.94,1.94,45,229
12,26,12,21.92,1.94,42,232
12,26,13,24.98,1.94,37,206
12,26,14,26.06,1.04,34,437
12,26,15,28.04,1.94,32,343
12,26,16,28.04,1.04,31,133
12,26,17,26.96,1.94,34,35
12,26,18,26.06,3.92,39,0
12,26,19,24.08,6.08,46,0
12,26,20,24.98,6.98,46,0
12,26,21,24.98,8.06,48,0
12,26,22,24.98,8.06,48,0
12,26,23,24.98,8.06,48,0
12,27,24,21.02,8.06,57,0
12,27,1,21.02,10.04,62,0
12,27,2,21.02,10.04,62,0
12,27,3,21.02,8.96,60,0
12,27,4,21.92,8.96,57,0
12,27,5,21.92,8.06,55,0
12,27,6,23.0,6.98,50,0
12,27,7,23.0,6.98,50,0
12,27,8,23.0,6.98,50,9
12,27,9,24.08,6.98,48,74
12,27,10,26.06,8.06,46,216
12,27,11,28.04,8.96,45,163
12,27,12,28.04,10.94,49,167
12,27,13,28.94,12.92,51,172
12,27,14,30.02,17.06,58,109
12,27,15,30.92,14.0,49,153
12,27,16,30.02,19.04,64,109
12,27,17,28.04,24.08,85,39
12,27,18,26.06,26.06,100,3
12,27,19,26.06,26.06,100,0
12,27,20,26.96,26.96,100,0
12,27,21,28.04,28.04,100,0
12,27,22,28.94,28.94,100,0
12,27,23,30.02,30.02,100,0
12,28,24,28.94,28.94,100,0
12,28,1,28.94,28.94,100,0
12,28,2,30.02,30.02,100,0
12,28,3,30.92,30.92,100,0
12,28,4,30.92,30.92,100,0
12,28,5,33.08,33.08,100,0
12,28,6,33.08,33.08,100,0
12,28,7,33.08,33.08,100,0
12,28,8,33.08,33.08,100,14
12,28,9,33.98,33.98,100,79
12,28,10,35.06,35.06,100,173
12,28,11,35.96,35.96,100,147
12,28,12,35.96,35.96,100,173
12,28,13,37.04,37.04,100,166
12,28,14,39.02,39.02,100,151
12,28,15,39.92,39.92,100,126
12,28,16,39.92,39.92,100,83
12,28,17,39.92,39.92,100,33
12,28,18,39.92,39.92,100,3
12,28,19,39.92,39.92,100,0
12,28,20,39.92,39.92,100,0
12,28,21,41.0,41.0,100,0
12,28,22,41.0,41.0,100,0
12,28,23,42.08,42.08,100,0
12,29,24,42.08,42.08,100,0
12,29,1,42.98,42.98,100,0
12,29,2,42.98,42.98,100,0
12,29,3,42.98,42.98,100,0
12,29,4,42.98,42.98,100,0
12,29,5,42.98,42.98,100,0
12,29,6,42.98,42.98,100,0
12,29,7,42.98,42.98,100,0
12,29,8,42.08,42.08,100,11
12,29,9,42.08,42.08,100,60
12,29,10,42.98,42.98,100,129
12,29,11,46.94,44.06,89,188
12,29,12,44.96,44.06,96,228
12,29,13,46.04,44.06,93,231
12,29,14,48.02,42.98,83,245
12,29,15,50.0,44.06,80,199
12,29,16,51.08,42.98,74,126
12,29,17,48.92,42.08,77,49
12,29,18,44.96,39.02,80,4
12,29,19,46.04,37.94,74,0
12,29,20,46.04,37.94,74,0
12,29,21,44.96,37.94,77,0
12,29,22,44.96,37.04,74,0
12,29,23,44.06,35.96,74,0
12,30,24,42.08,37.04,83,0
12,30,1,42.98,37.04,79,0
12,30,2,42.98,37.04,79,0
12,30,3,41.0,37.04,86,0
12,30,4,41.0,37.04,86,0
12,30,5,42.08,37.04,83,0
12,30,6,39.92,37.04,89,0
12,30,7,39.92,37.04,89,0
12,30,8,39.92,37.04,89,5
12,30,9,39.92,39.02,96,35
12,30,10,44.96,42.98,93,78
12,30,11,44.96,42.98,93,91
12,30,12,44.06,44.06,100,107
12,30,13,44.06,44.06,100,131
12,30,14,44.06,44.06,100,145
12,30,15,44.06,42.98,96,126
12,30,16,44.06,42.98,96,80
12,30,17,42.08,41.0,96,30
12,30,18,42.08,41.0,96,3
12,30,19,41.0,39.92,96,0
12,30,20,39.92,37.04,89,0
12,30,21,39.02,37.04,93,0
12,30,22,39.02,35.96,89,0
12,30,23,37.94,35.96,93,0
12,31,24,37.94,35.06,89,0
12,31,1,37.94,33.98,86,0
12,31,2,37.94,33.98,86,0
12,31,3,37.04,33.98,89,0
12,31,4,35.96,33.08,89,0
12,31,5,35.96,33.08,89,0
12,31,6,37.04,33.08,85,0
12,31,7,37.04,33.08,85,0
12,31,8,35.96,33.08,89,11
12,31,9,37.04,33.08,85,63
12,31,10,37.94,33.98,86,138
12,31,11,37.94,33.98,86,213
12,31,12,37.04,33.98,89,144
12,31,13,39.02,35.06,86,241
12,31,14,39.02,33.98,82,230
12,31,15,37.94,33.08,82,188
12,31,16,37.94,35.06,89,131
12,31,17,37.94,33.08,82,49
12,31,18,37.94,33.98,86,4
12,31,19,37.94,35.06,89,0
12,31,20,37.04,35.06,92,0
12,31,21,37.04,33.98,89,0
12,31,22,37.04,33.98,89,0
12,31,23,37.04,33.08,85,0
1,1,24,35.96,33.08,89,0
