month,day,hour,tdb_F,dew_F,rh_pct,ghi_Wm2
1,1,24,68.0,59.0,73,0
1,1,1,69.08,60.08,73,0
1,1,2,68.0,60.08,76,0
1,1,3,69.08,60.98,76,0
1,1,4,68.0,62.96,84,0
1,1,5,66.92,64.04,90,0
1,1,6,66.92,64.94,93,0
1,1,7,66.92,64.94,93,10
1,1,8,64.94,62.96,93,49
1,1,9,66.02,64.04,93,96
1,1,10,66.02,64.04,93,139
1,1,11,66.92,64.04,90,134
1,1,12,66.02,64.94,97,145
1,1,13,66.92,62.96,87,173
1,1,14,66.92,64.04,90,162
1,1,15,66.92,62.96,87,114
1,1,16,64.94,62.06,90,59
1,1,17,64.04,62.06,93,14
1,1,18,62.06,60.08,93,0
1,1,19,62.96,55.94,78,0
1,1,20,62.06,53.96,75,0
1,1,21,60.08,53.06,78,0
1,1,22,55.94,51.98,86,0
1,1,23,55.04,51.08,86,0
1,2,24,53.06,48.02,83,0
1,2,1,51.98,46.04,80,0
1,2,2,50.0,44.96,83,0
1,2,3,50.0,44.96,83,0
1,2,4,48.02,44.96,89,0
1,2,5,46.94,44.06,89,0
1,2,6,46.04,44.06,93,0
1,2,7,46.94,42.98,86,40
1,2,8,48.92,44.06,83,165
1,2,9,51.98,42.98,72,367
1,2,10,55.94,44.06,64,519
1,2,11,59.0,44.96,60,613
1,2,12,60.08,46.04,60,564
1,2,13,60.08,44.96,58,418
1,2,14,62.06,44.96,54,256
1,2,15,62.06,44.96,54,260
1,2,16,60.98,46.04,58,138
1,2,17,59.0,46.94,65,29
1,2,18,57.92,46.04,65,0
1,2,19,55.94,44.96,67,0
1,2,20,53.96,44.06,69,0
1,2,21,53.06,42.98,69,0
1,2,22,50.0,42.08,74,0
1,2,23,48.02,41.0,77,0
1,3,24,46.94,41.0,80,0
1,3,1,44.96,41.0,86,0
1,3,2,44.06,41.0,89,0
1,3,3,42.98,39.92,89,0
1,3,4,42.08,39.92,93,0
1,3,5,39.92,37.94,93,0
1,3,6,37.94,35.96,93,0
1,3,7,42.08,35.96,79,57
1,3,8,46.94,33.08,58,228
1,3,9,51.08,32.0,48,424
1,3,10,55.94,30.02,37,594
1,3,11,59.0,33.98,39,685
1,3,12,60.98,28.04,29,717
1,3,13,62.06,26.96,26,627
1,3,14,62.96,24.98,24,524
1,3,15,64.04,28.04,26,383
1,3,16,62.96,28.94,28,190
1,3,17,57.92,35.96,44,38
1,3,18,55.04,39.02,55,0
1,3,19,53.96,39.92,59,0
1,3,20,53.06,37.04,55,0
1,3,21,51.08,30.92,46,0
1,3,22,51.08,30.92,46,0
1,3,23,51.98,32.0,47,0
1,4,24,51.08,33.08,50,0
1,4,1,51.08,33.98,52,0
1,4,2,53.06,37.04,55,0
1,4,3,51.08,39.92,65,0
1,4,4,51.08,39.92,66,0
1,4,5,51.98,39.02,61,0
1,4,6,53.06,37.94,57,0
1,4,7,53.96,37.94,55,30
1,4,8,55.94,37.94,51,117
1,4,9,59.0,42.08,54,168
1,4,10,62.06,44.96,54,220
1,4,11,64.94,48.02,54,210
1,4,12,68.0,50.0,53,279
1,4,13,69.08,53.06,57,317
1,4,14,69.08,53.96,59,267
1,4,15,69.08,55.04,61,170
1,4,16,68.0,55.04,63,131
1,4,17,68.0,57.02,68,20
1,4,18,66.92,57.02,70,0
1,4,19,68.0,57.92,71,0
1,4,20,68.0,59.0,73,0
1,4,21,69.08,60.08,73,0
1,4,22,66.92,62.06,84,0
1,4,23,68.0,62.06,81,0
1,5,24,69.08,62.06,78,0
1,5,1,69.08,62.96,81,0
1,5,2,69.08,62.96,81,0
1,5,3,69.08,62.96,81,0
1,5,4,69.08,64.04,84,0
1,5,5,69.98,64.94,84,0
1,5,6,69.98,66.02,87,0
1,5,7,69.98,66.92,90,44
1,5,8,73.04,66.92,82,149
1,5,9,75.92,68.0,76,360
1,5,10,77.0,69.08,76,532
1,5,11,75.92,69.08,79,295
1,5,12,77.0,69.08,76,424
1,5,13,77.0,69.98,79,381
1,5,14,75.92,69.08,79,363
1,5,15,75.92,69.08,79,277
1,5,16,75.92,69.98,82,167
1,5,17,73.94,69.98,87,37
1,5,18,73.04,69.98,90,0
1,5,19,73.04,69.98,90,0
1,5,20,73.04,69.98,90,0
1,5,21,73.04,69.98,90,0
1,5,22,73.04,69.98,90,0
1,5,23,73.04,69.08,87,0
1,6,24,71.96,69.08,90,0
1,6,1,73.04,69.08,87,0
1,6,2,71.96,68.0,87,0
1,6,3,71.96,68.0,87,0
1,6,4,71.96,69.08,90,0
1,6,5,71.96,69.08,90,0
1,6,6,71.96,69.08,90,0
1,6,7,71.96,69.98,93,38
1,6,8,75.02,71.06,87,206
1,6,9,77.0,71.06,82,227
1,6,10,78.08,71.06,79,469
1,6,11,80.06,71.06,74,466
1,6,12,80.96,69.98,69,529
1,6,13,80.06,69.98,72,496
1,6,14,78.08,69.98,77,417
1,6,15,78.08,69.98,77,298
1,6,16,75.92,71.06,85,132
1,6,17,75.02,71.06,87,13
1,6,18,73.94,71.06,90,0
1,6,19,73.94,71.06,90,0
1,6,20,75.02,71.06,87,0
1,6,21,64.04,62.06,93,0
1,6,22,62.96,60.08,90,0
1,6,23,62.06,59.0,90,0
1,7,24,62.06,59.0,90,0
1,7,1,62.06,59.0,90,0
1,7,2,62.06,59.0,90,0
1,7,3,62.06,59.0,90,0
1,7,4,62.06,59.0,90,0
1,7,5,62.06,59.0,90,0
1,7,6,62.06,60.08,93,0
1,7,7,62.96,60.08,90,39
1,7,8,64.94,59.0,81,82
1,7,9,66.02,57.02,73,150
1,7,10,68.0,57.02,68,361
1,7,11,69.98,55.94,61,349
1,7,12,71.06,57.02,61,353
1,7,13,69.98,57.92,66,277
1,7,14,69.98,59.0,68,335
1,7,15,71.06,60.08,68,321
1,7,16,69.98,59.0,68,145
1,7,17,68.0,60.98,78,32
1,7,18,68.0,60.98,78,0
1,7,19,68.0,60.98,78,0
1,7,20,68.0,60.98,78,0
1,7,21,68.0,60.98,78,0
1,7,22,66.92,62.06,84,0
1,7,23,66.02,60.98,84,0
1,8,24,64.94,60.98,87,0
1,8,1,64.94,60.98,87,0
1,8,2,64.94,60.08,84,0
1,8,3,66.02,60.08,81,0
1,8,4,66.02,60.98,84,0
1,8,5,66.02,60.08,81,0
1,8,6,64.94,60.08,84,0
1,8,7,64.94,60.08,84,45
1,8,8,71.06,62.96,76,211
1,8,9,75.02,62.96,66,406
1,8,10,77.0,60.98,58,556
1,8,11,78.08,60.98,56,574
1,8,12,78.98,57.02,47,630
1,8,13,80.96,55.94,42,661
1,8,14,80.96,57.92,46,535
1,8,15,80.06,57.92,47,375
1,8,16,78.08,59.0,52,186
1,8,17,73.94,60.98,64,40
1,8,18,71.06,62.06,73,0
1,8,19,68.0,60.98,78,0
1,8,20,66.02,57.02,73,0
1,8,21,64.94,55.04,70,0
1,8,22,62.06,51.98,70,0
1,8,23,60.08,46.94,62,0
1,9,24,57.92,42.08,55,0
1,9,1,55.04,37.94,53,0
1,9,2,53.06,37.04,55,0
1,9,3,51.98,37.04,57,0
1,9,4,51.98,39.02,61,0
1,9,5,51.08,41.0,69,0
1,9,6,51.08,42.98,74,0
1,9,7,51.98,44.96,77,44
1,9,8,57.02,48.02,72,190
1,9,9,66.02,53.06,63,356
1,9,10,71.96,59.0,64,472
1,9,11,75.92,62.96,64,533
1,9,12,77.0,60.98,58,662
1,9,13,78.08,64.94,64,606
1,9,14,80.06,66.02,62,505
1,9,15,77.0,60.08,56,225
1,9,16,75.02,62.06,64,178
1,9,17,73.04,62.06,69,32
1,9,18,71.06,62.06,73,0
1,9,19,69.08,62.06,78,0
1,9,20,69.08,64.04,84,0
1,9,21,69.08,64.94,87,0
1,9,22,69.08,64.94,87,0
1,9,23,69.98,66.02,87,0
1,10,24,69.98,66.92,90,0
1,10,1,71.06,66.92,87,0
1,10,2,69.08,66.92,93,0
1,10,3,71.06,66.92,87,0
1,10,4,69.98,66.02,87,0
1,10,5,69.98,66.02,87,0
1,10,6,69.08,66.02,90,0
1,10,7,69.98,66.92,90,48
1,10,8,73.04,68.0,84,127
1,10,9,75.92,66.02,71,225
1,10,10,78.08,64.94,64,399
1,10,11,78.08,64.94,64,385
1,10,12,77.0,64.94,67,303
1,10,13,78.08,62.96,60,326
1,10,14,78.08,62.96,60,262
1,10,15,75.92,64.04,66,190
1,10,16,75.92,64.04,66,119
1,10,17,73.94,64.94,74,38
1,10,18,71.96,64.94,79,0
1,10,19,71.96,64.94,79,0
1,10,20,71.96,64.94,79,0
1,10,21,69.98,66.02,87,0
1,10,22,69.08,64.04,84,0
1,10,23,69.08,64.04,84,0
1,11,24,66.92,64.04,90,0
1,11,1,64.94,62.96,93,0
1,11,2,64.04,62.06,93,0
1,11,3,62.96,60.98,93,0
1,11,4,62.06,60.08,93,0
1,11,5,62.06,60.98,97,0
1,11,6,62.06,60.98,97,0
1,11,7,62.06,62.06,100,37
1,11,8,60.98,60.08,97,102
1,11,9,62.06,60.98,97,202
1,11,10,64.04,62.06,93,232
1,11,11,66.92,62.06,84,334
1,11,12,71.96,62.96,73,537
1,11,13,75.92,64.94,69,627
1,11,14,78.08,66.02,67,495
1,11,15,77.0,66.02,69,336
1,11,16,75.02,66.02,74,173
1,11,17,73.94,66.92,79,33
1,11,18,73.04,66.92,82,0
1,11,19,69.98,62.06,76,0
1,11,20,66.92,64.94,93,0
1,11,21,64.94,62.96,93,0
1,11,22,64.04,62.06,93,0
1,11,23,62.96,62.06,97,0
1,12,24,62.06,60.98,97,0
1,12,1,60.98,60.08,97,0
1,12,2,60.08,59.0,96,0
1,12,3,59.0,57.92,96,0
1,12,4,59.0,57.92,96,0
1,12,5,57.92,57.02,96,0
1,12,6,55.94,55.04,96,0
1,12,7,53.06,51.98,96,13
1,12,8,51.08,50.0,96,58
1,12,9,50.0,48.02,93,135
1,12,10,48.02,46.94,96,170
1,12,11,48.92,46.94,93,213
1,12,12,50.0,48.02,93,237
1,12,13,51.08,46.94,86,261
1,12,14,51.98,48.02,86,231
1,12,15,53.96,46.94,77,184
1,12,16,53.96,46.94,77,95
1,12,17,53.06,44.96,74,38
1,12,18,51.98,44.06,74,0
1,12,19,51.98,42.08,69,0
1,12,20,50.0,42.08,74,0
1,12,21,48.92,42.08,77,0
1,12,22,50.0,35.06,56,0
1,12,23,48.02,26.96,44,0
1,13,24,46.04,23.0,40,0
1,13,1,44.06,26.06,49,0
1,13,2,42.98,26.96,53,0
1,13,3,42.08,28.04,58,0
1,13,4,41.0,24.98,53,0
1,13,5,39.92,26.06,57,0
1,13,6,39.92,26.96,60,0
1,13,7,39.02,28.94,67,38
1,13,8,42.98,33.08,68,161
1,13,9,50.0,37.94,64,387
1,13,10,55.04,42.08,62,511
1,13,11,59.0,44.96,60,576
1,13,12,62.06,46.94,58,346
1,13,13,62.96,51.08,65,378
1,13,14,66.02,55.04,68,252
1,13,15,66.92,53.96,63,148
1,13,16,66.92,53.96,63,66
1,13,17,66.92,55.94,68,17
1,13,18,66.92,57.02,70,0
1,13,19,66.92,57.02,70,0
1,13,20,66.92,57.02,70,0
1,13,21,66.92,57.92,73,0
1,13,22,66.92,59.0,76,0
1,13,23,68.0,60.98,78,0
1,14,24,69.08,60.98,76,0
1,14,1,69.08,60.98,76,0
1,14,2,69.08,62.06,78,0
1,14,3,69.08,64.04,84,0
1,14,4,68.0,64.94,90,0
1,14,5,66.92,66.02,97,0
1,14,6,68.0,66.02,93,0
1,14,7,69.08,66.02,90,23
1,14,8,71.06,68.0,90,110
1,14,9,73.94,66.92,79,294
1,14,10,75.92,66.92,74,506
1,14,11,78.08,66.92,69,647
1,14,12,78.08,66.92,69,690
1,14,13,77.0,66.02,69,536
1,14,14,78.08,68.0,71,466
1,14,15,75.92,66.02,71,371
1,14,16,73.94,68.0,82,158
1,14,17,73.04,68.0,84,35
1,14,18,73.04,66.92,82,0
1,14,19,73.04,66.92,82,0
1,14,20,71.96,66.92,84,0
1,14,21,71.96,66.92,84,0
1,14,22,73.04,66.92,82,0
1,14,23,73.04,68.0,84,0
1,15,24,71.96,68.0,87,0
1,15,1,71.96,68.0,87,0
1,15,2,71.96,68.0,87,0
1,15,3,71.06,66.92,87,0
1,15,4,69.08,66.02,90,0
1,15,5,69.08,66.02,90,0
1,15,6,68.0,66.02,93,0
1,15,7,68.0,64.94,90,47
1,15,8,75.02,66.92,76,174
1,15,9,77.0,66.92,71,386
1,15,10,78.08,66.92,69,580
1,15,11,78.98,66.02,65,469
1,15,12,78.08,64.94,64,583
1,15,13,78.98,64.94,62,679
1,15,14,78.98,64.04,60,564
1,15,15,78.98,64.94,62,408
1,15,16,77.0,66.02,69,208
1,15,17,75.02,66.92,76,51
1,15,18,73.04,66.92,82,0
1,15,19,71.06,66.92,87,0
1,15,20,71.06,68.0,90,0
1,15,21,71.06,68.0,90,0
1,15,22,71.06,68.0,90,0
1,15,23,69.08,66.92,93,0
1,16,24,69.08,66.02,90,0
1,16,1,66.92,64.04,90,0
1,16,2,66.02,64.04,93,0
1,16,3,64.94,62.96,93,0
1,16,4,62.96,62.96,100,0
1,16,5,62.96,62.06,97,0
1,16,6,62.96,62.06,97,0
1,16,7,64.94,62.96,93,39
1,16,8,69.08,64.04,84,195
1,16,9,73.04,64.94,76,372
1,16,10,78.08,64.04,62,496
1,16,11,78.08,64.04,62,598
1,16,12,80.06,62.96,56,712
1,16,13,80.96,64.94,58,657
1,16,14,78.98,64.04,60,479
1,16,15,78.98,66.02,65,389
1,16,16,77.0,66.92,71,187
1,16,17,75.92,66.92,74,38
1,16,18,75.02,69.08,82,0
1,16,19,73.94,69.08,84,0
1,16,20,71.96,69.08,90,0
1,16,21,71.06,69.08,93,0
1,16,22,66.92,64.94,93,0
1,16,23,66.02,64.04,93,0
1,17,24,64.94,64.04,97,0
1,17,1,64.94,62.96,93,0
1,17,2,64.94,62.96,93,0
1,17,3,62.96,62.06,97,0
1,17,4,62.96,60.98,93,0
1,17,5,62.06,60.08,93,0
1,17,6,60.08,57.92,93,0
1,17,7,60.08,57.02,90,48
1,17,8,64.04,57.92,81,193
1,17,9,68.0,60.08,76,390
1,17,10,73.04,62.06,69,547
1,17,11,77.0,64.04,64,658
1,17,12,77.0,64.94,67,603
1,17,13,78.08,64.04,62,538
1,17,14,75.92,64.04,66,406
1,17,15,75.92,64.04,66,238
1,17,16,73.94,64.04,71,149
1,17,17,73.04,62.96,71,43
1,17,18,71.96,62.96,73,0
1,17,19,71.96,62.96,73,0
1,17,20,71.06,62.06,73,0
1,17,21,71.06,62.96,76,0
1,17,22,71.06,62.96,76,0
1,17,23,71.06,62.96,76,0
1,18,24,71.06,64.04,79,0
1,18,1,69.98,62.96,79,0
1,18,2,64.04,60.98,90,0
1,18,3,62.96,60.08,90,0
1,18,4,62.06,59.0,90,0
1,18,5,62.06,59.0,90,0
1,18,6,62.06,57.92,87,0
1,18,7,62.06,57.92,87,34
1,18,8,69.98,64.94,84,150
1,18,9,73.94,64.04,71,308
1,18,10,75.92,62.06,62,457
1,18,11,75.92,62.06,62,483
1,18,12,77.0,62.06,60,454
1,18,13,75.92,62.06,62,652
1,18,14,77.0,62.96,62,370
1,18,15,75.92,62.96,64,311
1,18,16,75.92,64.04,66,166
1,18,17,73.94,62.06,66,53
1,18,18,73.04,62.96,71,0
1,18,19,71.06,64.04,79,0
1,18,20,69.98,64.94,84,0
1,18,21,69.98,64.94,84,0
1,18,22,71.06,66.02,84,0
1,18,23,71.06,66.02,84,0
1,19,24,69.08,64.94,87,0
1,19,1,68.0,64.94,90,0
1,19,2,69.08,66.02,90,0
1,19,3,68.0,64.94,90,0
1,19,4,68.0,66.02,93,0
1,19,5,68.0,66.02,93,0
1,19,6,69.08,66.92,93,0
1,19,7,66.92,64.94,93,34
1,19,8,71.06,66.92,87,121
1,19,9,73.04,68.0,84,240
1,19,10,75.92,66.92,74,323
1,19,11,78.98,66.02,65,450
1,19,12,80.06,64.04,58,492
1,19,13,78.08,66.92,69,628
1,19,14,78.08,66.02,67,345
1,19,15,77.0,66.02,69,269
1,19,16,77.0,66.92,71,122
1,19,17,75.02,66.92,76,37
1,19,18,73.94,68.0,82,0
1,19,19,73.04,69.08,87,0
1,19,20,73.04,68.0,84,0
1,19,21,71.96,68.0,87,0
1,19,22,71.96,66.92,84,0
1,19,23,71.96,66.92,84,0
1,20,24,69.98,66.02,87,0
1,20,1,69.98,64.94,84,0
1,20,2,69.08,64.04,84,0
1,20,3,68.0,64.94,90,0
1,20,4,68.0,64.04,87,0
1,20,5,66.92,64.04,90,0
1,20,6,66.92,64.04,90,0
1,20,7,68.0,64.04,87,28
1,20,8,71.06,66.02,84,172
1,20,9,75.02,66.02,74,383
1,20,10,78.08,64.94,64,501
1,20,11,78.08,64.94,64,407
1,20,12,80.06,66.02,62,471
1,20,13,78.98,64.94,62,479
1,20,14,78.98,66.92,67,271
1,20,15,78.08,68.0,71,242
1,20,16,77.0,66.92,71,168
1,20,17,75.02,66.92,76,48
1,20,18,75.02,66.92,76,0
1,20,19,73.94,66.02,76,0
1,20,20,73.94,66.02,76,0
1,20,21,73.94,66.92,79,0
1,20,22,73.94,66.02,76,0
1,20,23,73.94,64.94,74,0
1,21,24,73.04,64.94,76,0
1,21,1,73.04,66.02,79,0
1,21,2,73.04,64.04,73,0
1,21,3,73.04,64.94,76,0
1,21,4,73.04,64.04,73,0
1,21,5,73.04,64.04,73,0
1,21,6,73.04,62.96,71,0
1,21,7,73.04,64.94,76,39
1,21,8,75.92,64.94,69,180
1,21,9,77.0,64.94,67,349
1,21,10,78.08,64.94,64,276
1,21,11,77.0,66.02,69,361
1,21,12,75.92,66.92,74,456
1,21,13,71.96,68.0,87,241
1,21,14,73.94,69.08,84,353
1,21,15,71.06,68.0,90,208
1,21,16,71.06,68.0,90,75
1,21,17,71.06,68.0,90,10
1,21,18,71.06,68.0,90,0
1,21,19,73.04,66.92,82,0
1,21,20,73.04,66.92,82,0
1,21,21,73.94,66.92,79,0
1,21,22,73.94,66.02,76,0
1,21,23,73.04,64.94,76,0
1,22,24,73.94,64.94,74,0
1,22,1,73.04,64.94,76,0
1,22,2,73.04,64.94,76,0
1,22,3,73.04,64.94,76,0
1,22,4,73.04,64.94,76,0
1,22,5,73.94,66.02,76,0
1,22,6,73.94,66.02,76,0
1,22,7,73.94,66.92,79,44
1,22,8,75.92,66.92,74,184
1,22,9,77.0,66.92,71,386
1,22,10,78.08,66.92,69,503
1,22,11,78.98,68.0,69,494
1,22,12,78.08,68.0,71,538
1,22,13,78.08,66.92,69,717
1,22,14,78.98,68.0,69,544
1,22,15,78.08,68.0,71,365
1,22,16,77.0,66.92,71,197
1,22,17,75.02,66.92,76,42
1,22,18,75.02,68.0,79,0
1,22,19,75.02,68.0,79,0
1,22,20,73.94,68.0,82,0
1,22,21,73.94,68.0,82,0
1,22,22,73.94,68.0,82,0
1,22,23,73.04,68.0,84,0
1,23,24,73.04,68.0,84,0
1,23,1,73.04,68.0,84,0
1,23,2,73.04,68.0,84,0
1,23,3,73.04,68.0,84,0
1,23,4,71.96,68.0,87,0
1,23,5,71.96,66.92,84,0
1,23,6,73.04,68.0,84,0
1,23,7,73.04,69.08,87,41
1,23,8,75.92,69.08,79,178
1,23,9,78.08,68.0,71,410
1,23,10,78.98,68.0,69,601
1,23,11,78.98,68.0,69,665
1,23,12,80.06,68.0,67,527
1,23,13,78.98,66.92,67,527
1,23,14,78.08,66.92,69,497
1,23,15,78.08,68.0,71,430
1,23,16,77.0,68.0,74,221
1,23,17,75.02,68.0,79,57
1,23,18,73.94,68.0,82,0
1,23,19,73.04,68.0,84,0
1,23,20,73.04,68.0,84,0
1,23,21,73.04,68.0,84,0
1,23,22,73.04,68.0,84,0
1,23,23,73.04,68.0,84,0
1,24,24,71.96,68.0,87,0
1,24,1,69.08,66.02,90,0
1,24,2,68.0,66.02,93,0
1,24,3,68.0,64.94,90,0
1,24,4,69.08,66.02,90,0
1,24,5,66.92,64.94,93,0
1,24,6,66.02,64.04,93,0
1,24,7,68.0,64.94,90,46
1,24,8,73.94,66.92,79,193
1,24,9,77.0,66.02,69,401
1,24,10,78.08,66.92,69,561
1,24,11,78.08,64.94,64,647
1,24,12,78.08,66.02,67,648
1,24,13,80.06,66.02,62,623
1,24,14,77.0,64.94,67,462
1,24,15,77.0,64.94,67,271
1,24,16,75.92,64.94,69,143
1,24,17,75.92,66.92,74,45
1,24,18,73.94,66.02,76,0
1,24,19,73.94,66.02,76,0
1,24,20,73.04,66.92,82,0
1,24,21,73.04,66.92,82,0
1,24,22,73.04,66.92,82,0
1,24,23,73.04,66.92,82,0
1,25,24,71.96,66.02,81,0
1,25,1,73.04,66.92,82,0
1,25,2,73.04,66.02,79,0
1,25,3,73.04,66.02,79,0
1,25,4,73.04,66.92,82,0
1,25,5,69.98,66.02,87,0
1,25,6,69.98,66.02,87,0
1,25,7,69.98,66.02,87,27
1,25,8,75.02,66.02,74,207
1,25,9,75.92,64.04,66,426
1,25,10,77.0,60.98,58,566
1,25,11,78.98,62.96,58,706
1,25,12,78.98,62.96,58,696
1,25,13,78.08,62.96,60,688
1,25,14,78.08,62.06,58,589
1,25,15,77.0,62.06,60,441
1,25,16,75.92,62.06,62,241
1,25,17,73.94,62.96,69,57
1,25,18,73.04,62.96,71,0
1,25,19,71.06,62.96,76,0
1,25,20,71.06,62.06,73,0
1,25,21,69.98,62.96,79,0
1,25,22,71.06,62.96,76,0
1,25,23,71.06,62.96,76,0
1,26,24,71.06,62.96,76,0
1,26,1,71.06,62.06,73,0
1,26,2,69.98,60.08,71,0
1,26,3,69.08,57.92,68,0
1,26,4,68.0,59.0,73,0
1,26,5,68.0,59.0,73,0
1,26,6,68.0,60.08,76,0
1,26,7,69.08,62.06,78,51
1,26,8,75.02,64.94,71,214
1,26,9,75.92,64.04,66,408
1,26,10,77.0,64.94,67,538
1,26,11,78.98,66.02,65,717
1,26,12,78.98,66.02,65,670
1,26,13,78.98,66.92,67,683
1,26,14,77.0,66.02,69,414
1,26,15,77.0,66.02,69,312
1,26,16,75.92,66.02,71,225
1,26,17,75.02,66.92,76,59
1,26,18,73.94,68.0,82,0
1,26,19,73.94,68.0,82,0
1,26,20,73.04,68.0,84,0
1,26,21,73.04,68.0,84,0
1,26,22,73.04,68.0,84,0
1,26,23,73.04,66.92,82,0
1,27,24,73.04,66.92,82,0
1,27,1,73.04,66.02,79,0
1,27,2,71.96,66.02,81,0
1,27,3,71.96,66.02,81,0
1,27,4,73.04,66.92,82,0
1,27,5,73.04,66.92,82,0
1,27,6,73.04,68.0,84,0
1,27,7,73.94,66.02,76,25
1,27,8,73.94,62.96,69,106
1,27,9,77.0,60.98,58,235
1,27,10,75.92,62.96,64,344
1,27,11,77.0,66.92,71,454
1,27,12,78.98,66.92,67,542
1,27,13,80.06,66.92,65,510
1,27,14,78.98,68.0,69,405
1,27,15,77.0,66.92,71,258
1,27,16,77.0,64.04,64,129
1,27,17,75.92,62.96,64,40
1,27,18,73.94,64.04,71,0
1,27,19,73.04,64.94,76,0
1,27,20,71.06,64.94,81,0
1,27,21,69.98,66.02,87,0
1,27,22,69.98,64.94,84,0
1,27,23,69.08,66.02,90,0
1,28,24,68.0,66.02,93,0
1,28,1,69.98,68.0,93,0
1,28,2,69.98,66.92,90,0
1,28,3,69.98,68.0,93,0
1,28,4,69.98,68.0,93,0
1,28,5,69.98,68.0,93,0
1,28,6,71.06,69.08,93,0
1,28,7,69.08,66.02,90,22
1,28,8,69.08,66.02,90,59
1,28,9,69.98,64.94,84,164
1,28,10,71.96,64.94,79,396
1,28,11,75.92,62.96,64,574
1,28,12,75.92,62.96,64,592
1,28,13,78.98,62.96,58,674
1,28,14,78.08,59.0,52,590
1,28,15,77.0,57.02,50,443
1,28,16,75.02,53.06,46,248
1,28,17,71.96,53.06,51,59
1,28,18,69.08,53.06,57,0
1,28,19,64.94,53.96,68,0
1,28,20,64.04,53.96,70,0
1,28,21,62.96,53.06,70,0
1,28,22,60.98,53.06,75,0
1,28,23,62.06,51.98,70,0
1,29,24,59.0,51.98,78,0
1,29,1,57.92,51.98,81,0
1,29,2,55.94,50.0,80,0
1,29,3,55.04,48.02,77,0
1,29,4,57.02,50.0,78,0
1,29,5,55.94,46.94,72,0
1,29,6,55.04,46.94,75,0
1,29,7,53.96,46.94,77,58
1,29,8,57.02,44.06,62,221
1,29,9,60.08,46.94,62,436
1,29,10,62.96,46.04,54,607
1,29,11,66.02,46.94,51,719
1,29,12,68.0,48.02,49,754
1,29,13,69.98,48.92,47,683
1,29,14,71.06,48.92,46,554
1,29,15,71.06,48.02,44,445
1,29,16,69.08,51.98,55,235
1,29,17,66.02,53.06,63,65
1,29,18,64.94,53.96,68,0
1,29,19,62.96,53.06,70,0
1,29,20,60.98,51.98,72,0
1,29,21,59.0,51.98,78,0
1,29,22,57.92,51.08,78,0
1,29,23,55.94,51.08,83,0
1,30,24,55.94,51.98,86,0
1,30,1,55.04,51.98,90,0
1,30,2,55.04,51.98,90,0
1,30,3,55.04,51.08,86,0
1,30,4,55.04,51.08,86,0
1,30,5,53.96,51.08,90,0
1,30,6,53.06,50.0,90,0
1,30,7,53.06,48.92,86,51
1,30,8,57.92,48.02,69,233
1,30,9,64.04,51.98,65,439
1,30,10,66.92,51.08,57,606
1,30,11,71.06,51.08,49,718
1,30,12,73.04,51.08,46,601
1,30,13,75.02,50.0,42,720
1,30,14,73.94,48.92,41,551
1,30,15,73.94,46.94,38,401
1,30,16,71.96,48.92,44,224
1,30,17,69.98,48.92,47,63
1,30,18,66.92,48.92,53,0
1,30,19,66.02,48.92,54,0
1,30,20,62.06,53.06,73,0
1,30,21,59.0,50.0,72,0
1,30,22,59.0,46.94,65,0
1,30,23,57.92,44.06,60,0
1,31,24,55.04,44.06,67,0
1,31,1,53.96,44.06,69,0
1,31,2,51.98,42.98,72,0
1,31,3,51.08,44.06,77,0
1,31,4,48.92,42.08,77,0
1,31,5,48.92,42.08,77,0
1,31,6,50.0,42.98,77,0
1,31,7,51.98,44.96,77,56
1,31,8,57.02,46.04,67,248
1,31,9,62.06,48.92,63,454
1,31,10,66.02,48.02,52,625
1,31,11,69.08,42.08,38,740
1,31,12,71.06,37.04,29,777
1,31,13,71.96,37.04,28,745
1,31,14,73.04,39.92,30,635
1,31,15,71.96,41.0,33,469
1,31,16,69.98,35.96,29,243
1,31,17,68.0,41.0,38,62
1,31,18,63.32,46.94,54,0
1,31,19,61.88,48.38,61,0
1,31,20,60.8,49.1,65,0
1,31,21,59.54,51.08,73,0
1,31,22,58.64,51.98,78,0
1,31,23,59.0,51.98,77,0
2,1,24,59.0,51.98,77,0
2,1,1,58.64,51.98,78,0
2,1,2,58.1,51.98,79,0
2,1,3,58.46,51.98,79,0
2,1,4,59.0,51.98,77,0
2,1,5,59.9,52.88,77,0
2,1,6,57.92,53.06,83,0
2,1,7,57.92,53.06,83,48
2,1,8,64.04,55.04,73,188
2,1,9,71.06,57.02,61,417
2,1,10,73.04,55.04,53,602
2,1,11,73.94,53.96,50,694
2,1,12,75.02,55.94,52,640
2,1,13,73.94,55.04,52,636
2,1,14,73.04,57.02,57,543
2,1,15,73.04,57.02,57,482
2,1,16,71.96,57.92,62,261
2,1,17,69.98,57.02,64,61
2,1,18,69.08,57.92,68,0
2,1,19,68.0,57.92,71,0
2,1,20,66.92,59.0,76,0
2,1,21,66.02,57.92,76,0
2,1,22,64.94,57.92,78,0
2,1,23,64.94,57.02,75,0
2,2,24,62.96,57.92,84,0
2,2,1,62.96,57.02,81,0
2,2,2,62.96,57.02,81,0
2,2,3,64.04,57.02,78,0
2,2,4,62.96,57.02,81,0
2,2,5,60.08,55.94,87,0
2,2,6,59.0,55.04,87,0
2,2,7,60.98,55.04,81,28
2,2,8,66.92,57.02,70,201
2,2,9,71.06,60.08,68,314
2,2,10,75.02,57.92,56,484
2,2,11,75.92,57.92,54,439
2,2,12,75.92,57.92,54,491
2,2,13,75.02,62.06,64,476
2,2,14,75.02,62.96,66,269
2,2,15,73.94,64.04,71,216
2,2,16,73.04,64.94,76,110
2,2,17,73.04,64.94,76,44
2,2,18,71.96,64.94,79,0
2,2,19,71.06,64.94,81,0
2,2,20,68.0,62.96,84,0
2,2,21,66.92,62.06,84,0
2,2,22,68.0,64.04,87,0
2,2,23,68.0,64.04,87,0
2,3,24,68.0,62.96,84,0
2,3,1,69.08,66.02,90,0
2,3,2,69.98,66.92,90,0
2,3,3,69.98,66.92,90,0
2,3,4,71.06,66.02,84,0
2,3,5,71.06,66.92,87,0
2,3,6,71.06,66.92,87,0
2,3,7,69.98,66.02,87,27
2,3,8,71.06,66.02,84,114
2,3,9,73.94,66.92,79,220
2,3,10,73.94,68.0,82,370
2,3,11,75.92,66.92,74,564
2,3,12,78.08,68.0,71,704
2,3,13,77.0,66.92,71,639
2,3,14,77.0,68.0,74,520
2,3,15,75.92,66.02,71,312
2,3,16,75.92,66.02,71,142
2,3,17,75.02,62.96,66,54
2,3,18,73.04,62.96,71,1
2,3,19,71.96,66.02,81,0
2,3,20,69.08,64.94,87,0
2,3,21,68.0,64.94,90,0
2,3,22,66.92,64.94,93,0
2,3,23,66.92,64.04,90,0
2,4,24,66.92,64.04,90,0
2,4,1,66.92,64.04,90,0
2,4,2,66.92,64.04,90,0
2,4,3,66.92,64.94,93,0
2,4,4,66.02,64.04,93,0
2,4,5,66.02,62.96,90,0
2,4,6,64.94,62.96,93,0
2,4,7,64.94,62.96,93,21
2,4,8,64.94,62.96,93,105
2,4,9,64.94,62.06,90,67
2,4,10,62.96,60.08,90,115
2,4,11,64.94,60.98,87,358
2,4,12,68.0,62.06,81,367
2,4,13,71.06,62.06,73,322
2,4,14,71.06,62.06,73,211
2,4,15,69.98,62.06,76,234
2,4,16,69.08,60.98,76,111
2,4,17,69.08,60.98,76,54
2,4,18,68.0,60.98,78,0
2,4,19,66.92,60.08,78,0
2,4,20,64.94,59.0,81,0
2,4,21,62.96,57.92,84,0
2,4,22,62.96,57.02,81,0
2,4,23,62.96,57.02,81,0
2,5,24,62.06,57.02,84,0
2,5,1,62.06,57.02,84,0
2,5,2,62.06,57.02,84,0
2,5,3,60.98,57.02,87,0
2,5,4,62.06,57.02,84,0
2,5,5,62.96,57.92,84,0
2,5,6,62.06,59.0,90,0
2,5,7,66.92,60.08,78,29
2,5,8,69.08,60.08,73,134
2,5,9,69.98,59.0,68,308
2,5,10,71.06,59.0,66,437
2,5,11,71.96,57.92,62,483
2,5,12,71.06,57.02,61,476
2,5,13,69.98,57.02,64,304
2,5,14,71.06,55.94,59,289
2,5,15,69.98,55.94,61,263
2,5,16,69.08,53.96,59,173
2,5,17,69.08,55.04,61,67
2,5,18,69.08,55.94,63,1
2,5,19,68.0,53.96,61,0
2,5,20,66.92,53.96,63,0
2,5,21,66.92,53.06,61,0
2,5,22,66.02,51.98,61,0
2,5,23,66.02,51.98,61,0
2,6,24,66.92,53.06,61,0
2,6,1,66.92,53.06,61,0
2,6,2,66.92,53.96,63,0
2,6,3,66.92,55.04,66,0
2,6,4,66.92,53.96,63,0
2,6,5,66.92,55.04,66,0
2,6,6,66.92,55.04,66,0
2,6,7,66.92,53.96,63,48
2,6,8,69.08,55.04,61,175
2,6,9,69.98,55.94,61,381
2,6,10,71.96,57.02,59,597
2,6,11,73.04,55.94,55,730
2,6,12,71.96,55.94,57,746
2,6,13,73.04,57.92,59,656
2,6,14,71.96,57.92,62,462
2,6,15,73.04,57.92,59,300
2,6,16,71.06,59.0,66,170
2,6,17,71.06,59.0,66,47
2,6,18,69.98,60.08,71,0
2,6,19,69.98,60.08,71,0
2,6,20,69.98,60.98,73,0
2,6,21,69.98,60.98,73,0
2,6,22,71.06,60.98,71,0
2,6,23,71.06,62.06,73,0
2,7,24,69.98,62.96,79,0
2,7,1,71.06,64.04,79,0
2,7,2,71.06,64.94,81,0
2,7,3,71.06,64.94,81,0
2,7,4,71.06,66.02,84,0
2,7,5,71.96,66.02,81,0
2,7,6,71.06,66.02,84,0
2,7,7,71.96,66.92,84,31
2,7,8,73.94,66.92,79,168
2,7,9,75.02,68.0,79,334
2,7,10,77.0,68.0,74,448
2,7,11,78.08,69.98,77,590
2,7,12,80.06,69.08,69,667
2,7,13,80.06,68.0,67,667
2,7,14,78.98,68.0,69,490
2,7,15,80.06,64.94,60,311
2,7,16,78.98,66.92,67,183
2,7,17,77.0,66.92,71,70
2,7,18,75.92,68.0,76,0
2,7,19,73.94,69.08,84,0
2,7,20,73.94,69.08,84,0
2,7,21,69.98,66.92,90,0
2,7,22,69.98,68.0,93,0
2,7,23,69.98,66.92,90,0
2,8,24,69.98,66.92,90,0
2,8,1,69.08,66.02,90,0
2,8,2,69.08,66.02,90,0
2,8,3,69.08,66.02,90,0
2,8,4,69.08,64.94,87,0
2,8,5,66.92,62.06,84,0
2,8,6,66.02,62.06,87,0
2,8,7,66.02,60.98,84,59
2,8,8,66.92,60.08,78,222
2,8,9,66.02,57.02,73,341
2,8,10,66.92,55.04,66,583
2,8,11,68.0,51.98,57,771
2,8,12,69.98,51.08,51,803
2,8,13,71.96,51.08,48,779
2,8,14,73.04,48.02,41,687
2,8,15,73.04,46.94,40,516
2,8,16,73.04,48.92,43,297
2,8,17,69.98,48.02,46,97
2,8,18,66.92,48.02,51,9
2,8,19,64.04,50.0,61,0
2,8,20,62.96,51.98,68,0
2,8,21,60.98,51.98,72,0
2,8,22,59.0,51.08,75,0
2,8,23,57.02,50.0,78,0
2,9,24,57.02,50.0,78,0
2,9,1,55.94,51.08,83,0
2,9,2,55.04,50.0,83,0
2,9,3,55.04,50.0,83,0
2,9,4,55.04,48.92,80,0
2,9,5,53.96,48.92,83,0
2,9,6,53.96,48.02,80,0
2,9,7,53.96,48.02,80,63
2,9,8,57.02,48.02,72,265
2,9,9,60.08,46.04,60,484
2,9,10,60.98,46.94,60,647
2,9,11,62.06,46.94,58,785
2,9,12,64.04,46.04,52,812
2,9,13,66.02,46.04,49,781
2,9,14,66.92,46.04,47,682
2,9,15,68.0,44.96,44,514
2,9,16,68.0,44.96,44,294
2,9,17,66.92,44.96,45,85
2,9,18,64.04,46.04,52,4
2,9,19,60.98,46.04,58,0
2,9,20,59.0,46.94,65,0
2,9,21,57.92,48.02,69,0
2,9,22,57.02,48.92,75,0
2,9,23,55.04,48.02,77,0
2,10,24,53.06,46.04,77,0
2,10,1,51.98,46.04,80,0
2,10,2,51.08,46.04,83,0
2,10,3,50.0,44.96,83,0
2,10,4,50.0,44.06,80,0
2,10,5,48.92,44.96,86,0
2,10,6,48.92,44.96,86,0
2,10,7,48.02,44.96,89,47
2,10,8,51.98,44.06,74,237
2,10,9,55.94,41.0,57,393
2,10,10,59.0,39.02,48,676
2,10,11,62.06,42.08,48,590
2,10,12,62.96,41.0,45,686
2,10,13,62.06,39.92,45,564
2,10,14,62.96,39.02,41,592
2,10,15,62.96,39.92,43,451
2,10,16,62.06,39.02,43,210
2,10,17,59.0,37.94,46,57
2,10,18,57.02,37.04,47,0
2,10,19,55.94,37.04,49,0
2,10,20,53.96,37.04,53,0
2,10,21,53.96,37.94,55,0
2,10,22,55.04,39.02,55,0
2,10,23,55.04,37.94,53,0
2,11,24,55.04,39.02,55,0
2,11,1,55.04,42.98,64,0
2,11,2,53.96,44.06,69,0
2,11,3,53.96,41.0,62,0
2,11,4,53.06,39.92,61,0
2,11,5,53.06,39.92,61,0
2,11,6,53.06,39.92,61,0
2,11,7,53.06,41.0,64,27
2,11,8,53.96,41.0,62,117
2,11,9,57.02,42.98,60,278
2,11,10,59.0,42.08,54,316
2,11,11,60.08,39.02,46,320
2,11,12,60.98,39.92,46,436
2,11,13,62.96,42.08,46,386
2,11,14,62.96,41.0,45,375
2,11,15,62.06,42.98,50,281
2,11,16,62.06,44.06,52,154
2,11,17,60.98,44.96,56,59
2,11,18,60.08,44.96,58,3
2,11,19,59.0,48.92,70,0
2,11,20,55.94,48.02,75,0
2,11,21,55.94,46.94,72,0
2,11,22,55.04,48.02,77,0
2,11,23,53.06,48.92,86,0
2,12,24,53.06,48.92,86,0
2,12,1,53.06,46.94,80,0
2,12,2,53.06,46.94,80,0
2,12,3,51.98,46.04,80,0
2,12,4,48.92,42.08,77,0
2,12,5,48.02,42.08,80,0
2,12,6,48.02,39.92,74,0
2,12,7,48.02,39.92,74,49
2,12,8,53.06,39.92,61,205
2,12,9,59.0,39.92,50,453
2,12,10,64.04,37.94,38,659
2,12,11,69.08,46.94,46,766
2,12,12,69.08,48.02,47,810
2,12,13,71.06,46.94,43,770
2,12,14,71.06,48.02,44,664
2,12,15,71.06,48.02,44,493
2,12,16,69.98,51.98,53,295
2,12,17,68.0,51.98,57,76
2,12,18,66.02,53.96,65,2
2,12,19,64.04,55.04,73,0
2,12,20,60.98,55.94,84,0
2,12,21,60.08,55.04,84,0
2,12,22,59.0,53.96,84,0
2,12,23,57.92,53.96,87,0
2,13,24,57.92,53.06,83,0
2,13,1,55.94,53.06,90,0
2,13,2,55.94,51.98,86,0
2,13,3,55.94,51.08,83,0
2,13,4,55.04,44.96,69,0
2,13,5,53.06,42.08,66,0
2,13,6,53.96,44.06,69,0
2,13,7,55.94,42.08,60,60
2,13,8,62.06,46.94,58,263
2,13,9,66.92,51.08,57,477
2,13,10,71.06,55.04,57,662
2,13,11,73.04,55.04,53,801
2,13,12,73.04,53.06,50,864
2,13,13,73.04,53.96,51,808
2,13,14,73.04,55.04,53,669
2,13,15,71.96,53.96,53,469
2,13,16,71.96,53.96,53,298
2,13,17,69.98,55.04,59,93
2,13,18,68.0,53.96,61,4
2,13,19,66.92,55.94,68,0
2,13,20,66.02,55.94,70,0
2,13,21,66.02,55.04,68,0
2,13,22,64.94,55.04,70,0
2,13,23,64.94,55.94,73,0
2,14,24,64.94,55.94,73,0
2,14,1,66.02,57.02,73,0
2,14,2,64.94,57.02,75,0
2,14,3,64.04,57.02,78,0
2,14,4,62.06,55.94,81,0
2,14,5,59.0,55.04,87,0
2,14,6,60.98,55.94,84,0
2,14,7,62.06,57.02,84,65
2,14,8,69.98,59.0,68,247
2,14,9,71.96,57.02,59,439
2,14,10,73.94,57.02,55,588
2,14,11,73.94,55.94,54,604
2,14,12,73.94,57.02,55,674
2,14,13,75.02,55.04,50,730
2,14,14,75.02,55.94,52,586
2,14,15,73.94,55.94,54,396
2,14,16,73.94,57.02,55,265
2,14,17,71.96,55.94,57,83
2,14,18,69.98,57.02,64,6
2,14,19,69.98,57.92,66,0
2,14,20,69.08,59.0,71,0
2,14,21,69.08,57.92,68,0
2,14,22,69.08,59.0,71,0
2,14,23,69.08,60.08,73,0
2,15,24,66.92,60.08,78,0
2,15,1,66.92,60.98,81,0
2,15,2,66.92,60.98,81,0
2,15,3,66.02,60.98,84,0
2,15,4,64.94,60.08,84,0
2,15,5,62.96,60.08,90,0
2,15,6,64.04,60.08,87,0
2,15,7,66.92,62.06,84,59
2,15,8,73.94,62.06,66,153
2,15,9,75.02,62.06,64,428
2,15,10,75.92,60.08,58,676
2,15,11,75.92,60.98,60,628
2,15,12,75.02,60.08,60,359
2,15,13,75.92,60.98,60,399
2,15,14,75.92,62.06,62,503
2,15,15,75.92,60.98,60,435
2,15,16,75.02,60.98,62,299
2,15,17,73.04,60.98,66,90
2,15,18,71.96,60.98,68,6
2,15,19,71.06,60.98,71,0
2,15,20,69.98,60.98,73,0
2,15,21,69.98,60.98,73,0
2,15,22,69.08,60.98,76,0
2,15,23,68.0,60.98,78,0
2,16,24,66.92,60.98,81,0
2,16,1,66.02,60.98,84,0
2,16,2,66.02,60.98,84,0
2,16,3,64.94,60.08,84,0
2,16,4,64.04,60.08,87,0
2,16,5,64.04,60.08,87,0
2,16,6,64.04,60.08,87,0
2,16,7,64.04,60.08,87,48
2,16,8,69.08,60.08,73,265
2,16,9,73.94,60.08,62,323
2,16,10,75.92,57.92,54,502
2,16,11,77.0,60.08,56,678
2,16,12,77.0,62.96,62,541
2,16,13,75.02,62.06,64,386
2,16,14,75.92,60.98,60,422
2,16,15,75.92,60.98,60,372
2,16,16,73.94,60.08,62,270
2,16,17,73.04,60.08,64,75
2,16,18,71.96,57.92,62,11
2,16,19,69.98,59.0,68,0
2,16,20,69.98,59.0,68,0
2,16,21,71.06,60.08,68,0
2,16,22,71.96,60.08,66,0
2,16,23,71.06,62.06,73,0
2,17,24,71.06,64.04,79,0
2,17,1,71.06,64.94,81,0
2,17,2,71.06,64.04,79,0
2,17,3,71.06,64.94,81,0
2,17,4,71.06,64.94,81,0
2,17,5,71.06,64.94,81,0
2,17,6,71.06,64.94,81,1
2,17,7,71.96,64.94,79,44
2,17,8,73.04,64.04,73,155
2,17,9,75.02,64.04,69,347
2,17,10,75.92,64.04,66,526
2,17,11,77.0,62.96,62,574
2,17,12,75.92,62.06,62,451
2,17,13,77.0,62.06,60,408
2,17,14,73.94,60.98,64,378
2,17,15,75.02,62.06,64,328
2,17,16,73.94,62.06,66,297
2,17,17,73.94,62.96,69,94
2,17,18,71.96,62.06,71,12
2,17,19,71.96,59.0,64,0
2,17,20,71.96,60.98,68,0
2,17,21,71.96,62.06,71,0
2,17,22,71.96,62.06,71,0
2,17,23,71.96,62.96,73,0
2,18,24,71.96,62.96,73,0
2,18,1,71.96,64.94,79,0
2,18,2,73.04,64.94,76,0
2,18,3,71.96,64.94,79,0
2,18,4,71.96,66.02,81,0
2,18,5,71.96,66.02,81,0
2,18,6,71.96,66.02,81,2
2,18,7,73.04,66.02,79,64
2,18,8,75.02,66.02,74,272
2,18,9,77.0,66.02,69,493
2,18,10,78.08,66.92,69,599
2,18,11,78.08,66.92,69,521
2,18,12,78.08,66.92,69,527
2,18,13,80.06,66.02,62,788
2,18,14,78.08,66.02,67,601
2,18,15,77.0,66.02,69,312
2,18,16,77.0,66.02,69,210
2,18,17,75.92,66.92,74,80
2,18,18,75.02,68.0,79,9
2,18,19,73.94,68.0,82,0
2,18,20,73.94,68.0,82,0
2,18,21,73.04,68.0,84,0
2,18,22,73.94,68.0,82,0
2,18,23,73.94,69.08,84,0
2,19,24,73.94,68.0,82,0
2,19,1,73.94,69.08,84,0
2,19,2,73.94,69.08,84,0
2,19,3,73.94,69.08,84,0
2,19,4,73.94,69.08,85,0
2,19,5,73.94,69.08,84,0
2,19,6,73.94,69.08,84,2
2,19,7,75.02,69.08,82,73
2,19,8,77.0,69.08,76,247
2,19,9,78.08,69.08,74,272
2,19,10,78.98,69.98,74,556
2,19,11,80.06,69.98,72,550
2,19,12,78.08,69.08,74,542
2,19,13,78.98,68.0,69,581
2,19,14,80.96,69.08,67,706
2,19,15,80.06,68.0,67,475
2,19,16,78.08,68.0,71,213
2,19,17,78.08,69.08,74,62
2,19,18,77.0,69.08,76,11
2,19,19,75.92,71.06,85,0
2,19,20,75.02,69.98,85,0
2,19,21,75.02,69.98,85,0
2,19,22,75.02,69.98,85,0
2,19,23,75.02,69.98,85,0
2,20,24,73.94,69.08,84,0
2,20,1,75.02,69.08,82,0
2,20,2,73.94,68.0,82,0
2,20,3,75.02,68.0,79,0
2,20,4,73.94,68.0,82,0
2,20,5,73.94,68.0,82,0
2,20,6,73.94,68.0,82,2
2,20,7,75.02,68.0,79,69
2,20,8,77.0,69.08,76,262
2,20,9,78.08,68.0,71,467
2,20,10,78.98,68.0,69,614
2,20,11,78.08,66.92,69,674
2,20,12,78.98,66.92,67,717
2,20,13,78.98,66.92,67,687
2,20,14,78.98,68.0,69,605
2,20,15,78.98,68.0,69,463
2,20,16,77.0,68.0,74,195
2,20,17,75.92,69.08,79,57
2,20,18,75.92,69.98,82,5
2,20,19,75.92,69.98,82,0
2,20,20,75.02,69.08,82,0
2,20,21,75.02,69.08,82,0
2,20,22,75.02,69.08,82,0
2,20,23,75.02,69.08,82,0
2,21,24,75.02,68.0,79,0
2,21,1,75.02,68.0,79,0
2,21,2,73.94,68.0,82,0
2,21,3,73.94,66.92,79,0
2,21,4,73.94,66.92,79,0
2,21,5,73.94,66.92,79,0
2,21,6,73.94,66.92,79,2
2,21,7,75.02,68.0,79,47
2,21,8,75.92,68.0,76,200
2,21,9,78.08,69.98,77,420
2,21,10,78.08,69.08,74,605
2,21,11,78.98,69.08,72,667
2,21,12,78.08,68.0,71,691
2,21,13,80.06,69.08,69,642
2,21,14,78.98,68.0,69,509
2,21,15,78.98,69.08,72,398
2,21,16,78.08,69.08,74,267
2,21,17,77.0,69.08,76,88
2,21,18,75.92,69.98,82,6
2,21,19,75.02,69.08,82,0
2,21,20,75.02,69.08,82,0
2,21,21,75.02,69.98,85,0
2,21,22,75.02,69.98,85,0
2,21,23,73.94,69.08,84,0
2,22,24,75.02,69.08,82,0
2,22,1,75.02,69.08,82,0
2,22,2,73.94,69.08,84,0
2,22,3,73.94,68.0,82,0
2,22,4,73.94,66.92,79,0
2,22,5,73.94,68.0,82,0
2,22,6,73.94,68.0,82,1
2,22,7,75.02,69.08,82,65
2,22,8,77.0,68.0,74,232
2,22,9,78.08,68.0,71,413
2,22,10,78.98,68.0,69,596
2,22,11,80.96,68.0,65,778
2,22,12,80.06,68.0,67,869
2,22,13,82.04,66.92,61,773
2,22,14,80.06,66.92,65,572
2,22,15,80.96,68.0,65,555
2,22,16,78.08,66.92,69,306
2,22,17,77.0,66.92,71,109
2,22,18,75.92,66.92,74,12
2,22,19,75.02,66.02,74,0
2,22,20,75.02,66.92,76,0
2,22,21,73.94,66.92,79,0
2,22,22,73.94,68.0,82,0
2,22,23,73.94,69.08,84,0
2,23,24,75.02,68.0,79,0
2,23,1,75.02,68.0,79,0
2,23,2,75.02,68.0,79,0
2,23,3,75.02,68.0,79,0
2,23,4,75.02,68.0,79,0
2,23,5,75.02,68.0,79,0
2,23,6,75.02,68.0,79,1
2,23,7,75.92,68.0,76,76
2,23,8,78.08,69.08,74,280
2,23,9,80.06,69.08,69,519
2,23,10,80.96,69.98,69,726
2,23,11,82.04,69.98,67,815
2,23,12,80.96,69.98,69,707
2,23,13,80.96,69.08,67,539
2,23,14,78.98,69.08,72,237
2,23,15,80.06,69.08,69,321
2,23,16,78.08,69.08,74,131
2,23,17,77.0,69.08,76,52
2,23,18,75.92,68.0,76,4
2,23,19,75.92,69.08,79,0
2,23,20,75.02,69.08,82,0
2,23,21,73.94,69.08,84,0
2,23,22,71.96,69.08,90,0
2,23,23,73.04,69.08,87,0
2,24,24,71.96,69.08,90,0
2,24,1,71.06,69.08,93,0
2,24,2,73.04,69.08,87,0
2,24,3,73.94,69.98,87,0
2,24,4,73.94,69.08,84,0
2,24,5,73.94,68.0,82,0
2,24,6,73.94,68.0,82,6
2,24,7,75.02,68.0,79,73
2,24,8,77.0,68.0,74,266
2,24,9,77.0,66.92,71,428
2,24,10,80.06,66.02,62,634
2,24,11,82.04,66.92,61,826
2,24,12,82.04,64.94,56,861
2,24,13,80.06,66.02,62,808
2,24,14,80.06,66.92,65,638
2,24,15,78.98,68.0,69,491
2,24,16,78.08,66.92,69,346
2,24,17,77.0,68.0,74,117
2,24,18,75.02,68.0,79,12
2,24,19,73.94,68.0,82,0
2,24,20,75.02,68.0,79,0
2,24,21,73.94,66.92,79,0
2,24,22,73.94,66.92,79,0
2,24,23,73.94,68.0,82,0
2,25,24,73.94,66.92,79,0
2,25,1,75.02,66.92,76,0
2,25,2,73.94,66.92,79,0
2,25,3,75.02,66.92,76,0
2,25,4,75.02,68.0,79,0
2,25,5,75.02,68.0,79,0
2,25,6,75.92,69.08,79,0
2,25,7,75.92,69.98,82,68
2,25,8,78.08,69.08,74,186
2,25,9,80.06,69.08,69,187
2,25,10,80.96,68.0,65,281
2,25,11,82.94,68.0,61,629
2,25,12,84.92,66.02,53,707
2,25,13,86.0,64.04,48,714
2,25,14,80.06,66.02,62,335
2,25,15,77.0,64.04,64,280
2,25,16,73.94,60.98,64,213
2,25,17,71.96,59.0,64,51
2,25,18,71.06,55.04,57,4
2,25,19,69.08,55.04,61,0
2,25,20,66.02,50.0,56,0
2,25,21,64.04,51.08,63,0
2,25,22,62.06,46.94,58,0
2,25,23,59.0,46.94,65,0
2,26,24,57.02,46.04,67,0
2,26,1,55.94,46.94,72,0
2,26,2,55.04,46.94,75,0
2,26,3,55.04,46.04,72,0
2,26,4,53.96,46.04,74,0
2,26,5,51.98,46.04,80,0
2,26,6,51.08,44.96,80,10
2,26,7,53.06,46.04,77,103
2,26,8,57.02,39.02,51,345
2,26,9,60.08,35.96,41,574
2,26,10,62.96,37.94,40,750
2,26,11,66.02,35.96,33,867
2,26,12,69.98,39.02,32,906
2,26,13,71.06,33.08,25,884
2,26,14,73.04,30.02,20,785
2,26,15,71.96,44.06,37,615
2,26,16,71.06,44.96,39,400
2,26,17,69.08,44.96,42,139
2,26,18,66.02,46.04,49,21
2,26,19,64.94,48.02,54,0
2,26,20,62.96,46.94,56,0
2,26,21,62.06,48.92,63,0
2,26,22,62.06,46.94,58,0
2,26,23,60.98,46.94,60,0
2,27,24,59.0,48.02,67,0
2,27,1,57.02,48.92,75,0
2,27,2,55.94,48.92,77,0
2,27,3,55.94,48.92,77,0
2,27,4,55.94,48.92,77,0
2,27,5,55.94,48.92,77,0
2,27,6,55.94,50.0,80,3
2,27,7,60.98,51.98,72,78
2,27,8,69.98,55.94,61,218
2,27,9,73.04,57.02,57,438
2,27,10,73.94,57.02,55,643
2,27,11,73.94,57.02,55,805
2,27,12,75.92,57.92,54,829
2,27,13,75.02,57.92,56,872
2,27,14,75.02,59.0,58,740
2,27,15,75.02,60.98,62,440
2,27,16,73.04,62.96,71,136
2,27,17,73.04,62.96,71,49
2,27,18,73.04,64.04,73,10
2,27,19,73.04,64.94,76,0
2,27,20,73.04,66.02,79,0
2,27,21,73.04,66.02,79,0
2,27,22,73.04,68.0,84,0
2,27,23,73.94,69.08,84,0
2,28,24,73.04,68.0,84,0
2,28,1,73.04,68.0,84,0
2,28,2,73.04,68.0,84,0
2,28,3,71.96,68.0,87,0
2,28,4,71.06,66.92,87,0
2,28,5,71.96,68.0,87,0
2,28,6,71.96,68.0,87,4
2,28,7,73.94,68.0,82,91
2,28,8,77.0,68.0,74,321
2,28,9,78.98,66.02,65,551
2,28,10,80.06,66.02,62,722
2,28,11,80.06,64.94,60,830
2,28,12,80.96,64.94,58,870
2,28,13,80.06,64.94,60,844
2,28,14,78.98,64.94,62,753
2,28,15,80.06,66.02,62,601
2,28,16,78.08,64.04,62,331
2,28,17,78.08,66.02,67,113
2,28,18,74.48,64.94,72,10
2,28,19,71.6,63.68,76,0
2,28,20,69.8,62.6,77,0
2,28,21,68.72,61.52,77,0
2,28,22,67.64,60.26,77,0
2,28,23,66.56,59.18,77,0
3,1,24,64.4,56.84,76,0
3,1,1,63.32,55.76,76,0
3,1,2,61.88,54.5,77,0
3,1,3,60.08,53.42,78,0
3,1,4,58.64,53.06,81,0
3,1,5,56.48,52.16,84,0
3,1,6,55.04,51.98,90,11
3,1,7,57.92,53.96,87,115
3,1,8,62.96,55.04,75,345
3,1,9,66.92,57.02,70,564
3,1,10,68.0,55.94,66,739
3,1,11,73.04,51.98,48,854
3,1,12,73.94,51.08,45,849
3,1,13,73.94,51.08,45,823
3,1,14,75.92,51.08,42,732
3,1,15,77.0,48.92,37,508
3,1,16,75.92,48.92,39,342
3,1,17,73.94,50.0,43,141
3,1,18,69.98,53.06,55,20
3,1,19,69.08,53.06,57,0
3,1,20,66.92,55.04,66,0
3,1,21,64.04,55.04,73,0
3,1,22,62.06,55.04,78,0
3,1,23,64.04,53.06,68,0
3,2,24,62.06,53.06,73,0
3,2,1,59.0,53.96,84,0
3,2,2,59.0,53.96,84,0
3,2,3,59.0,55.04,87,0
3,2,4,57.92,55.04,90,0
3,2,5,59.0,55.94,90,0
3,2,6,59.0,55.04,87,9
3,2,7,60.98,55.04,81,103
3,2,8,71.96,57.02,59,334
3,2,9,75.02,53.96,48,534
3,2,10,75.92,53.06,45,704
3,2,11,75.92,53.06,45,830
3,2,12,77.0,51.98,42,828
3,2,13,78.08,53.96,44,745
3,2,14,75.92,53.96,47,766
3,2,15,73.94,53.96,50,383
3,2,16,73.94,53.06,48,339
3,2,17,71.96,55.04,55,93
3,2,18,71.06,57.02,61,15
3,2,19,69.98,57.92,66,0
3,2,20,69.98,57.92,66,0
3,2,21,69.08,57.02,66,0
3,2,22,69.98,57.02,64,0
3,2,23,69.08,57.02,66,0
3,3,24,69.08,57.02,66,0
3,3,1,69.08,55.94,63,0
3,3,2,69.08,55.04,61,0
3,3,3,69.08,55.04,61,0
3,3,4,69.98,57.92,66,0
3,3,5,69.98,57.92,66,0
3,3,6,69.98,59.0,68,11
3,3,7,71.96,60.08,66,98
3,3,8,75.02,62.06,64,301
3,3,9,75.92,62.96,64,479
3,3,10,77.0,62.96,62,540
3,3,11,78.98,64.04,60,645
3,3,12,78.98,64.94,62,578
3,3,13,78.08,64.94,64,750
3,3,14,78.08,64.94,64,752
3,3,15,78.08,66.02,67,436
3,3,16,75.92,66.92,74,260
3,3,17,75.92,66.92,74,95
3,3,18,75.02,66.92,76,16
3,3,19,73.94,68.0,82,0
3,3,20,73.94,68.0,82,0
3,3,21,73.94,68.0,82,0
3,3,22,73.94,68.0,82,0
3,3,23,73.94,68.0,82,0
3,4,24,73.94,68.0,82,0
3,4,1,73.94,68.0,82,0
3,4,2,73.04,68.0,84,0
3,4,3,73.04,68.0,84,0
3,4,4,73.04,68.0,84,0
3,4,5,73.04,68.0,84,0
3,4,6,73.04,69.08,87,6
3,4,7,75.02,69.98,85,93
3,4,8,75.92,69.98,82,329
3,4,9,78.08,69.98,77,371
3,4,10,80.06,69.98,72,543
3,4,11,80.96,69.98,69,831
3,4,12,80.06,69.98,72,652
3,4,13,82.04,69.98,67,686
3,4,14,82.04,68.0,63,475
3,4,15,82.04,68.0,63,409
3,4,16,78.98,68.0,69,250
3,4,17,78.08,69.08,74,94
3,4,18,75.02,69.98,85,12
3,4,19,75.02,71.06,87,0
3,4,20,73.94,71.06,90,0
3,4,21,73.94,71.06,90,0
3,4,22,73.94,71.06,90,0
3,4,23,73.94,71.06,90,0
3,5,24,73.04,69.98,90,0
3,5,1,73.04,69.98,90,0
3,5,2,73.04,69.98,90,0
3,5,3,73.94,71.06,90,0
3,5,4,73.94,71.06,90,0
3,5,5,73.04,71.06,94,0
3,5,6,73.04,71.06,94,8
3,5,7,75.02,71.96,90,58
3,5,8,75.92,71.96,88,132
3,5,9,77.0,71.06,82,276
3,5,10,80.06,71.06,74,314
3,5,11,82.94,71.06,67,689
3,5,12,82.04,71.06,69,430
3,5,13,82.94,71.06,67,376
3,5,14,82.04,71.06,69,353
3,5,15,80.96,71.96,74,205
3,5,16,80.06,71.06,74,213
3,5,17,77.0,71.06,82,101
3,5,18,75.92,71.06,85,14
3,5,19,75.02,71.06,87,0
3,5,20,75.02,71.06,87,0
3,5,21,73.94,71.06,90,0
3,5,22,73.94,71.06,90,0
3,5,23,73.04,69.08,87,0
3,6,24,71.96,69.98,94,0
3,6,1,73.04,71.06,94,0
3,6,2,73.04,71.06,94,0
3,6,3,71.96,71.06,97,0
3,6,4,73.04,71.06,94,0
3,6,5,73.04,71.06,94,0
3,6,6,73.04,69.98,90,6
3,6,7,73.94,69.98,87,76
3,6,8,75.02,71.06,87,180
3,6,9,75.92,71.06,85,290
3,6,10,77.0,71.06,82,287
3,6,11,75.92,71.96,88,217
3,6,12,75.02,71.06,87,390
3,6,13,77.0,69.98,79,371
3,6,14,75.92,69.08,79,326
3,6,15,78.08,68.0,72,284
3,6,16,77.0,68.0,74,193
3,6,17,73.94,68.0,82,90
3,6,18,73.04,66.92,82,12
3,6,19,73.04,66.02,79,0
3,6,20,73.04,66.92,82,0
3,6,21,71.96,66.92,84,0
3,6,22,71.96,66.92,84,0
3,6,23,71.06,66.92,87,0
3,7,24,69.98,66.92,90,0
3,7,1,69.98,66.92,90,0
3,7,2,69.08,66.02,90,0
3,7,3,69.08,66.02,90,0
3,7,4,69.08,64.94,87,0
3,7,5,68.0,64.94,90,0
3,7,6,68.0,64.94,90,8
3,7,7,69.08,64.94,87,70
3,7,8,69.98,64.94,84,135
3,7,9,71.96,64.94,79,226
3,7,10,73.04,66.02,79,327
3,7,11,73.04,66.02,79,358
3,7,12,75.92,64.94,69,356
3,7,13,75.92,64.94,69,344
3,7,14,77.0,64.04,64,528
3,7,15,75.92,62.96,64,380
3,7,16,75.92,62.96,64,248
3,7,17,75.02,64.04,69,98
3,7,18,73.94,64.04,71,11
3,7,19,73.94,64.04,71,0
3,7,20,73.94,64.04,71,0
3,7,21,73.04,62.96,71,0
3,7,22,73.04,62.96,71,0
3,7,23,71.96,62.96,73,0
3,8,24,71.96,64.04,76,0
3,8,1,71.96,62.96,73,0
3,8,2,71.06,62.96,76,0
3,8,3,71.06,62.96,76,0
3,8,4,71.06,62.06,73,0
3,8,5,71.06,62.06,73,0
3,8,6,71.06,60.98,71,15
3,8,7,73.04,62.06,69,126
3,8,8,73.94,62.06,66,241
3,8,9,75.92,62.06,62,485
3,8,10,75.02,62.96,66,518
3,8,11,75.92,62.06,62,743
3,8,12,75.92,60.98,60,577
3,8,13,77.0,60.98,58,564
3,8,14,77.0,60.98,58,647
3,8,15,77.0,62.06,60,572
3,8,16,75.92,62.96,64,228
3,8,17,73.94,62.96,69,111
3,8,18,73.04,62.06,69,19
3,8,19,73.04,62.06,69,0
3,8,20,73.04,62.06,69,0
3,8,21,71.96,60.98,69,0
3,8,22,71.96,62.96,73,0
3,8,23,71.96,62.96,73,0
3,9,24,71.96,64.04,76,0
3,9,1,71.96,64.04,76,0
3,9,2,71.96,66.02,82,0
3,9,3,73.04,66.02,79,0
3,9,4,73.04,66.02,79,0
3,9,5,73.04,66.92,82,0
3,9,6,73.04,66.02,79,12
3,9,7,73.04,66.92,82,114
3,9,8,75.02,68.0,79,321
3,9,9,77.0,68.0,74,484
3,9,10,77.0,69.98,79,488
3,9,11,78.08,71.06,79,258
3,9,12,78.08,69.08,74,387
3,9,13,80.06,69.98,72,652
3,9,14,80.06,69.98,72,572
3,9,15,80.96,69.98,69,553
3,9,16,80.06,68.0,67,308
3,9,17,78.08,69.08,74,133
3,9,18,75.92,69.98,82,13
3,9,19,75.02,69.98,85,0
3,9,20,75.02,71.06,87,0
3,9,21,73.94,71.06,90,0
3,9,22,73.94,71.06,90,0
3,9,23,73.94,71.06,90,0
3,10,24,73.94,71.06,90,0
3,10,1,75.02,71.06,87,0
3,10,2,73.94,71.06,90,0
3,10,3,73.94,71.06,90,0
3,10,4,73.94,71.06,90,0
3,10,5,73.94,71.06,90,0
3,10,6,73.94,71.06,90,14
3,10,7,75.02,71.06,87,79
3,10,8,75.92,71.06,85,118
3,10,9,75.02,71.96,90,139
3,10,10,71.96,69.08,90,277
3,10,11,68.0,64.04,87,407
3,10,12,66.92,64.04,90,277
3,10,13,69.98,57.92,66,711
3,10,14,73.04,51.08,46,679
3,10,15,75.02,48.02,39,561
3,10,16,73.04,44.06,36,382
3,10,17,69.98,46.94,44,108
3,10,18,66.92,48.02,51,18
3,10,19,66.92,48.02,51,0
3,10,20,64.94,50.0,59,0
3,10,21,64.04,50.0,61,0
3,10,22,62.96,51.08,65,0
3,10,23,62.06,51.98,70,0
3,11,24,60.98,51.08,70,0
3,11,1,59.0,50.0,72,0
3,11,2,57.92,48.92,72,0
3,11,3,57.02,48.92,75,0
3,11,4,55.94,48.02,75,0
3,11,5,55.94,48.02,75,0
3,11,6,55.04,46.94,75,19
3,11,7,57.02,46.94,69,138
3,11,8,59.0,44.06,58,290
3,11,9,60.98,42.08,50,542
3,11,10,64.04,44.06,48,658
3,11,11,68.0,44.96,44,496
3,11,12,71.06,46.94,43,760
3,11,13,71.96,48.92,44,807
3,11,14,73.04,51.98,48,800
3,11,15,73.04,53.06,50,595
3,11,16,71.96,55.94,57,341
3,11,17,71.06,55.04,57,139
3,11,18,71.06,57.02,61,24
3,11,19,71.06,53.06,53,0
3,11,20,71.06,53.96,55,0
3,11,21,71.06,53.96,55,0
3,11,22,69.98,53.06,55,0
3,11,23,69.98,55.04,59,0
3,12,24,71.06,53.96,55,0
3,12,1,69.98,53.96,57,0
3,12,2,69.98,53.06,55,0
3,12,3,69.98,53.96,57,0
3,12,4,69.08,53.06,57,0
3,12,5,66.02,53.96,65,0
3,12,6,64.94,53.96,68,18
3,12,7,69.98,57.02,64,160
3,12,8,71.96,55.94,57,168
3,12,9,73.04,57.02,57,415
3,12,10,73.94,57.02,56,755
3,12,11,75.02,57.02,54,703
3,12,12,75.92,59.0,56,756
3,12,13,77.0,57.92,52,828
3,12,14,75.92,57.92,54,755
3,12,15,75.92,59.0,56,589
3,12,16,75.92,60.08,58,386
3,12,17,73.04,62.06,69,159
3,12,18,71.96,60.98,69,25
3,12,19,71.96,60.98,69,0
3,12,20,71.96,62.06,71,0
3,12,21,71.06,62.06,73,0
3,12,22,71.06,64.04,79,0
3,12,23,71.06,64.04,79,0
3,13,24,71.96,64.94,79,0
3,13,1,71.06,64.94,81,0
3,13,2,71.06,64.94,81,0
3,13,3,71.06,66.02,84,0
3,13,4,71.06,66.02,84,0
3,13,5,71.96,68.0,87,0
3,13,6,71.06,69.08,93,18
3,13,7,73.94,69.08,85,149
3,13,8,77.0,69.98,79,290
3,13,9,73.94,71.96,94,502
3,13,10,80.96,71.06,72,468
3,13,11,82.04,71.06,69,493
3,13,12,82.04,71.96,72,649
3,13,13,82.04,71.06,69,591
3,13,14,84.02,69.98,63,454
3,13,15,84.92,66.92,55,528
3,13,16,84.02,66.02,55,357
3,13,17,82.94,66.92,59,115
3,13,18,78.98,69.98,74,21
3,13,19,78.08,69.98,77,0
3,13,20,77.0,69.98,79,0
3,13,21,77.0,69.98,79,0
3,13,22,75.92,71.96,88,0
3,13,23,75.02,71.96,90,0
3,14,24,75.02,71.96,90,0
3,14,1,75.02,71.96,90,0
3,14,2,75.02,71.06,87,0
3,14,3,75.02,71.96,90,0
3,14,4,73.94,71.06,90,0
3,14,5,73.94,71.96,94,0
3,14,6,73.94,71.96,94,12
3,14,7,75.92,71.96,88,82
3,14,8,77.0,73.04,88,131
3,14,9,80.06,73.04,79,575
3,14,10,80.06,71.96,77,548
3,14,11,73.04,69.08,87,299
3,14,12,73.94,64.94,74,440
3,14,13,75.92,62.96,64,343
3,14,14,77.0,57.92,52,668
3,14,15,78.98,55.04,44,565
3,14,16,78.08,51.98,41,355
3,14,17,75.92,46.04,35,138
3,14,18,73.04,42.08,33,16
3,14,19,69.98,42.08,36,0
3,14,20,69.08,44.06,41,0
3,14,21,64.04,41.0,43,0
3,14,22,60.98,44.06,54,0
3,14,23,57.92,42.08,56,0
3,15,24,57.02,42.08,58,0
3,15,1,55.04,42.98,64,0
3,15,2,53.96,42.08,64,0
3,15,3,53.96,42.08,64,0
3,15,4,53.96,42.08,64,0
3,15,5,53.06,41.0,64,0
3,15,6,51.98,39.92,64,27
3,15,7,53.06,30.92,43,171
3,15,8,53.96,28.94,38,410
3,15,9,55.04,30.02,39,635
3,15,10,55.94,30.92,39,811
3,15,11,57.92,28.04,32,930
3,15,12,60.08,32.0,35,972
3,15,13,62.06,30.92,31,934
3,15,14,62.96,30.92,30,822
3,15,15,64.04,30.92,29,649
3,15,16,64.04,35.06,34,423
3,15,17,62.96,33.08,33,177
3,15,18,60.98,33.08,35,30
3,15,19,59.0,33.08,38,0
3,15,20,57.92,33.98,41,0
3,15,21,55.94,37.94,51,0
3,15,22,53.06,33.98,49,0
3,15,23,51.08,33.08,50,0
3,16,24,48.92,33.08,54,0
3,16,1,46.94,33.98,61,0
3,16,2,46.04,35.06,66,0
3,16,3,46.04,35.06,66,0
3,16,4,44.06,35.06,71,0
3,16,5,44.06,35.06,71,0
3,16,6,44.06,33.98,68,23
3,16,7,46.94,33.08,58,167
3,16,8,51.08,28.94,43,411
3,16,9,55.04,23.0,29,640
3,16,10,57.92,23.0,26,819
3,16,11,60.08,28.04,30,932
3,16,12,62.96,24.98,24,970
3,16,13,64.94,26.06,23,932
3,16,14,64.94,28.04,25,728
3,16,15,66.92,32.0,27,587
3,16,16,66.02,32.0,28,309
3,16,17,64.94,30.92,28,155
3,16,18,64.04,33.08,32,22
3,16,19,62.06,33.98,35,0
3,16,20,60.98,33.98,37,0
3,16,21,60.08,35.06,39,0
3,16,22,60.08,35.06,39,0
3,16,23,59.0,41.0,52,0
3,17,24,59.0,42.98,56,0
3,17,1,57.92,42.08,56,0
3,17,2,57.92,41.0,53,0
3,17,3,57.92,39.92,51,0
3,17,4,55.94,39.92,55,0
3,17,5,55.94,39.92,55,0
3,17,6,55.94,39.02,53,29
3,17,7,57.92,28.04,32,162
3,17,8,62.06,37.94,41,409
3,17,9,66.92,37.94,35,566
3,17,10,69.98,50.0,49,779
3,17,11,69.98,51.08,51,970
3,17,12,69.98,51.08,51,893
3,17,13,71.06,50.0,48,961
3,17,14,71.06,50.0,48,794
3,17,15,69.98,50.0,49,470
3,17,16,69.08,51.98,55,298
3,17,17,68.0,51.08,55,166
3,17,18,66.92,51.08,57,26
3,17,19,66.92,51.08,57,0
3,17,20,66.92,51.08,57,0
3,17,21,66.02,51.98,61,0
3,17,22,66.02,53.06,63,0
3,17,23,66.02,53.96,65,0
3,18,24,66.02,55.04,68,0
3,18,1,66.02,55.94,70,0
3,18,2,66.02,55.94,70,0
3,18,3,66.02,55.94,70,0
3,18,4,66.92,55.94,68,0
3,18,5,66.92,55.94,68,0
3,18,6,68.0,57.02,68,21
3,18,7,69.98,59.0,68,135
3,18,8,71.96,59.0,64,360
3,18,9,73.04,60.98,66,315
3,18,10,73.04,62.96,71,258
3,18,11,73.94,64.04,71,352
3,18,12,73.94,64.94,74,389
3,18,13,75.02,66.02,74,331
3,18,14,75.92,66.92,74,295
3,18,15,77.0,69.08,76,348
3,18,16,77.0,69.08,76,238
3,18,17,75.92,69.98,82,62
3,18,18,75.92,69.08,79,16
3,18,19,73.94,69.98,87,0
3,18,20,73.94,69.98,87,0
3,18,21,73.94,71.06,90,0
3,18,22,73.94,71.06,90,0
3,18,23,73.94,71.06,90,0
3,19,24,73.94,71.06,90,0
3,19,1,73.94,71.06,90,0
3,19,2,73.94,71.06,90,0
3,19,3,75.02,71.06,87,0
3,19,4,75.02,71.06,87,0
3,19,5,75.02,71.06,87,0
3,19,6,75.02,71.06,87,13
3,19,7,69.98,69.08,97,44
3,19,8,69.98,68.0,93,112
3,19,9,66.02,62.06,87,323
3,19,10,64.94,62.06,90,210
3,19,11,62.06,60.98,97,244
3,19,12,60.08,57.92,93,240
3,19,13,60.98,55.04,81,271
3,19,14,62.06,55.94,81,393
3,19,15,62.96,55.94,78,316
3,19,16,64.94,55.94,73,258
3,19,17,66.02,53.96,65,95
3,19,18,64.04,51.98,65,19
3,19,19,62.06,51.98,70,0
3,19,20,60.98,51.98,72,0
3,19,21,60.08,50.0,70,0
3,19,22,59.0,48.92,70,0
3,19,23,57.02,50.0,78,0
3,20,24,55.94,44.96,67,0
3,20,1,55.04,44.96,69,0
3,20,2,55.04,44.06,67,0
3,20,3,53.96,44.06,69,0
3,20,4,53.96,42.98,67,0
3,20,5,51.08,44.06,77,0
3,20,6,50.0,44.06,80,28
3,20,7,51.98,44.06,74,178
3,20,8,53.96,42.08,64,391
3,20,9,57.02,41.0,55,607
3,20,10,60.08,37.94,44,604
3,20,11,62.06,37.94,41,927
3,20,12,64.94,37.04,36,855
3,20,13,66.02,37.04,34,714
3,20,14,66.92,33.08,28,533
3,20,15,66.92,33.08,28,550
3,20,16,69.08,37.94,32,274
3,20,17,66.02,44.06,45,127
3,20,18,64.04,44.06,48,21
3,20,19,62.96,44.96,52,0
3,20,20,60.98,46.94,60,0
3,20,21,59.0,42.98,56,0
3,20,22,57.92,42.98,58,0
3,20,23,55.94,42.98,62,0
3,21,24,55.04,42.98,64,0
3,21,1,53.96,44.06,69,0
3,21,2,53.06,44.96,74,0
3,21,3,53.96,44.96,72,0
3,21,4,53.06,44.96,74,0
3,21,5,51.08,44.96,80,0
3,21,6,51.08,42.98,74,32
3,21,7,53.96,46.04,75,191
3,21,8,57.92,46.94,67,436
3,21,9,62.96,46.94,56,659
3,21,10,66.02,44.96,47,840
3,21,11,69.98,44.06,39,946
3,21,12,71.96,44.96,38,992
3,21,13,73.04,48.02,41,934
3,21,14,73.04,48.92,43,789
3,21,15,73.04,51.08,46,606
3,21,16,71.96,53.06,51,426
3,21,17,69.98,53.96,57,180
3,21,18,69.08,53.06,57,31
3,21,19,66.92,53.06,61,0
3,21,20,64.94,55.04,70,0
3,21,21,64.94,53.06,65,0
3,21,22,64.04,53.06,68,0
3,21,23,62.06,53.06,73,0
3,22,24,60.08,53.06,78,0
3,22,1,60.08,53.96,81,0
3,22,2,57.92,53.06,84,0
3,22,3,57.02,53.06,87,0
3,22,4,57.02,53.06,87,0
3,22,5,55.94,53.96,93,0
3,22,6,55.94,51.08,83,29
3,22,7,60.08,51.98,75,167
3,22,8,64.94,51.08,61,313
3,22,9,69.98,55.04,59,546
3,22,10,71.96,55.94,57,630
3,22,11,73.94,53.96,50,515
3,22,12,73.94,53.96,50,848
3,22,13,73.94,57.92,58,546
3,22,14,73.04,57.92,60,734
3,22,15,73.94,55.04,52,572
3,22,16,73.94,55.94,54,407
3,22,17,71.96,55.04,55,108
3,22,18,71.96,55.04,55,27
3,22,19,69.98,57.02,64,0
3,22,20,69.98,57.02,64,0
3,22,21,69.98,57.92,66,0
3,22,22,69.98,57.92,66,0
3,22,23,69.98,57.92,66,0
3,23,24,69.08,57.92,68,0
3,23,1,69.08,57.92,68,0
3,23,2,69.98,57.02,64,0
3,23,3,69.98,57.92,66,0
3,23,4,69.98,57.92,66,0
3,23,5,71.06,57.02,61,0
3,23,6,71.06,57.02,61,30
3,23,7,71.96,55.94,57,145
3,23,8,73.04,57.02,57,390
3,23,9,75.02,57.92,56,468
3,23,10,75.02,57.92,56,756
3,23,11,75.02,59.0,58,761
3,23,12,77.0,55.94,48,873
3,23,13,77.0,60.08,56,862
3,23,14,78.08,57.92,50,599
3,23,15,77.0,57.92,52,578
3,23,16,75.92,57.02,52,328
3,23,17,75.02,59.0,58,138
3,23,18,73.94,60.98,64,25
3,23,19,73.04,60.98,66,0
3,23,20,73.04,62.06,69,0
3,23,21,73.04,60.98,66,0
3,23,22,73.04,62.96,71,0
3,23,23,71.96,62.06,71,0
3,24,24,71.96,64.04,76,0
3,24,1,71.96,64.04,76,0
3,24,2,71.96,62.96,73,0
3,24,3,71.06,62.96,76,0
3,24,4,71.06,62.96,76,0
3,24,5,71.96,62.06,71,0
3,24,6,71.96,60.98,69,29
3,24,7,73.94,62.96,69,180
3,24,8,73.94,62.96,69,405
3,24,9,75.02,62.96,66,509
3,24,10,78.08,62.96,60,781
3,24,11,78.98,62.96,58,887
3,24,12,78.98,62.06,56,904
3,24,13,78.98,62.06,56,694
3,24,14,77.0,62.96,62,368
3,24,15,77.0,64.04,64,375
3,24,16,75.92,64.94,69,282
3,24,17,75.02,64.04,69,90
3,24,18,73.94,64.94,74,32
3,24,19,73.94,64.04,71,0
3,24,20,73.04,64.94,76,0
3,24,21,73.04,64.04,74,0
3,24,22,73.04,64.04,74,0
3,24,23,71.96,64.04,76,0
3,25,24,71.96,64.04,76,0
3,25,1,71.96,64.04,76,0
3,25,2,71.96,64.04,76,0
3,25,3,71.06,64.04,79,0
3,25,4,71.06,64.04,79,0
3,25,5,71.06,64.04,79,0
3,25,6,71.96,64.04,76,35
3,25,7,73.94,64.04,71,173
3,25,8,75.92,64.94,69,325
3,25,9,77.0,64.04,64,443
3,25,10,77.0,64.94,67,643
3,25,11,78.08,66.02,67,709
3,25,12,78.08,66.02,67,741
3,25,13,78.08,66.02,67,725
3,25,14,80.06,64.94,60,761
3,25,15,78.08,64.04,62,608
3,25,16,78.08,64.94,64,374
3,25,17,75.92,66.02,71,157
3,25,18,75.02,66.92,76,27
3,25,19,73.94,66.92,79,0
3,25,20,73.94,68.0,82,0
3,25,21,73.94,68.0,82,0
3,25,22,73.94,68.0,82,0
3,25,23,73.94,68.0,82,0
3,26,24,73.94,68.0,82,0
3,26,1,73.04,68.0,84,0
3,26,2,73.04,68.0,84,0
3,26,3,73.04,68.0,84,0
3,26,4,71.96,68.0,87,0
3,26,5,71.96,68.0,87,0
3,26,6,73.04,66.92,82,28
3,26,7,75.02,68.0,79,181
3,26,8,75.92,68.0,76,314
3,26,9,78.08,66.92,69,535
3,26,10,78.08,66.92,69,668
3,26,11,78.98,69.08,72,588
3,26,12,80.96,68.0,65,701
3,26,13,82.04,68.0,63,918
3,26,14,82.04,66.02,59,717
3,26,15,78.08,66.92,69,390
3,26,16,77.0,68.0,74,213
3,26,17,75.92,69.08,79,104
3,26,18,75.92,69.08,79,8
3,26,19,75.02,69.98,85,0
3,26,20,73.94,71.06,90,0
3,26,21,73.04,71.06,94,0
3,26,22,71.96,71.06,97,0
3,26,23,71.96,69.98,94,0
3,27,24,71.06,69.98,97,0
3,27,1,71.06,69.98,97,0
3,27,2,71.06,69.98,97,0
3,27,3,69.08,68.0,97,0
3,27,4,69.08,68.0,97,0
3,27,5,68.0,66.92,97,0
3,27,6,69.08,62.96,81,34
3,27,7,71.06,66.02,84,184
3,27,8,75.02,69.08,82,426
3,27,9,77.0,68.0,74,545
3,27,10,80.06,66.92,65,776
3,27,11,78.98,68.0,69,474
3,27,12,82.04,68.0,63,784
3,27,13,80.06,66.92,65,869
3,27,14,82.04,68.0,63,784
3,27,15,80.96,68.0,65,614
3,27,16,80.06,68.0,67,411
3,27,17,78.08,66.92,69,122
3,27,18,78.08,66.92,69,19
3,27,19,75.92,66.92,74,0
3,27,20,77.0,69.08,76,0
3,27,21,75.92,69.08,79,0
3,27,22,75.02,68.0,79,0
3,27,23,73.94,66.92,79,0
3,28,24,73.94,66.92,79,0
3,28,1,73.04,66.92,82,0
3,28,2,73.04,66.92,82,0
3,28,3,73.04,66.92,82,0
3,28,4,71.06,66.02,84,0
3,28,5,69.98,66.92,90,0
3,28,6,69.08,66.02,90,35
3,28,7,73.04,66.92,82,190
3,28,8,75.92,66.02,71,294
3,28,9,78.98,66.02,65,410
3,28,10,78.98,64.94,62,603
3,28,11,80.96,64.94,58,715
3,28,12,80.96,62.96,54,568
3,28,13,80.96,64.04,56,836
3,28,14,80.06,64.04,58,786
3,28,15,78.98,64.94,62,556
3,28,16,78.98,64.94,62,389
3,28,17,77.0,66.02,69,199
3,28,18,75.92,66.02,71,25
3,28,19,75.02,66.92,76,0
3,28,20,75.92,66.92,74,0
3,28,21,75.02,64.94,71,0
3,28,22,73.94,64.94,74,0
3,28,23,73.94,64.94,74,0
3,29,24,73.94,64.04,71,0
3,29,1,73.04,62.96,71,0
3,29,2,73.04,62.96,71,0
3,29,3,73.04,62.96,71,0
3,29,4,73.04,62.06,69,0
3,29,5,71.96,62.96,73,0
3,29,6,73.04,64.04,74,42
3,29,7,75.02,62.96,66,216
3,29,8,75.92,64.04,67,354
3,29,9,78.08,64.04,62,559
3,29,10,78.08,66.02,67,436
3,29,11,77.0,64.94,67,627
3,29,12,78.08,64.94,64,630
3,29,13,80.06,64.04,58,876
3,29,14,80.06,64.04,58,750
3,29,15,78.98,64.04,60,427
3,29,16,78.08,64.94,64,301
3,29,17,77.0,64.94,67,143
3,29,18,75.92,64.94,69,34
3,29,19,75.02,66.02,74,0
3,29,20,75.02,66.02,74,0
3,29,21,75.02,66.02,74,0
3,29,22,73.94,66.02,76,0
3,29,23,73.94,64.94,74,0
3,30,24,73.94,64.94,74,0
3,30,1,73.04,64.94,76,0
3,30,2,73.04,64.04,74,0
3,30,3,73.04,64.04,74,0
3,30,4,73.04,64.04,74,0
3,30,5,73.04,64.04,74,0
3,30,6,73.94,62.96,69,39
3,30,7,75.02,64.94,71,189
3,30,8,75.92,64.04,67,398
3,30,9,77.0,62.96,62,682
3,30,10,78.98,64.04,60,727
3,30,11,78.98,62.96,58,931
3,30,12,80.06,62.06,54,811
3,30,13,80.06,64.04,58,899
3,30,14,78.98,64.04,60,535
3,30,15,78.98,60.98,54,658
3,30,16,77.0,64.04,64,374
3,30,17,77.0,62.06,60,163
3,30,18,75.02,62.96,66,28
3,30,19,75.02,64.04,69,0
3,30,20,75.02,64.04,69,0
3,30,21,75.02,64.94,71,0
3,30,22,73.94,64.04,71,0
3,30,23,73.94,62.96,69,0
3,31,24,73.94,62.06,66,0
3,31,1,73.04,62.96,71,0
3,31,2,73.04,62.96,71,0
3,31,3,73.04,62.96,71,0
3,31,4,71.96,62.96,73,0
3,31,5,71.96,62.96,73,0
3,31,6,73.04,62.96,71,32
3,31,7,73.94,64.04,71,207
3,31,8,75.02,64.04,69,400
3,31,9,75.92,60.98,60,663
3,31,10,77.0,60.08,56,723
3,31,11,77.0,62.06,60,884
3,31,12,78.08,60.98,56,638
3,31,13,77.0,57.92,52,769
3,31,14,78.08,57.02,49,797
3,31,15,80.06,59.0,49,590
3,31,16,75.92,60.98,60,320
3,31,17,75.02,60.98,62,134
3,31,18,73.76,60.26,62,25
3,31,19,73.76,61.16,64,0
3,31,20,73.58,60.08,62,0
3,31,21,73.04,60.98,65,0
3,31,22,73.04,61.16,66,0
3,31,23,73.04,61.34,66,0
4,1,24,73.04,61.7,67,0
4,1,1,72.5,62.24,70,0
4,1,2,71.78,62.96,73,0
4,1,3,71.24,63.5,76,0
4,1,4,70.88,64.76,80,0
4,1,5,70.34,65.3,84,0
4,1,6,71.06,66.92,87,41
4,1,7,75.02,66.92,76,170
4,1,8,78.08,66.92,69,396
4,1,9,80.96,66.92,63,624
4,1,10,82.94,66.92,59,813
4,1,11,84.02,69.08,61,945
4,1,12,84.92,69.98,61,990
4,1,13,84.92,71.06,63,962
4,1,14,84.92,71.06,63,849
4,1,15,84.92,71.06,63,657
4,1,16,84.02,71.06,65,423
4,1,17,82.94,71.06,67,175
4,1,18,80.96,71.06,72,29
4,1,19,80.06,71.06,74,0
4,1,20,78.08,71.06,79,0
4,1,21,78.08,71.96,82,0
4,1,22,78.08,69.98,77,0
4,1,23,78.08,69.98,77,0
4,2,24,77.0,69.98,79,0
4,2,1,77.0,69.98,79,0
4,2,2,77.0,69.98,79,0
4,2,3,77.0,71.06,82,0
4,2,4,77.0,69.98,79,0
4,2,5,77.0,69.98,79,0
4,2,6,77.0,69.98,79,22
4,2,7,78.98,69.98,74,126
4,2,8,80.96,69.98,69,334
4,2,9,80.96,69.08,67,548
4,2,10,82.94,69.98,65,746
4,2,11,84.02,69.98,63,849
4,2,12,84.92,68.0,57,835
4,2,13,86.0,68.0,55,839
4,2,14,86.0,64.94,50,766
4,2,15,84.92,66.02,53,594
4,2,16,84.02,66.92,57,384
4,2,17,82.94,66.92,59,167
4,2,18,82.04,66.92,61,28
4,2,19,80.06,68.0,67,0
4,2,20,78.98,69.08,72,0
4,2,21,78.08,69.98,77,0
4,2,22,78.08,69.98,77,0
4,2,23,78.08,69.98,77,0
4,3,24,78.08,69.98,77,0
4,3,1,78.08,69.98,77,0
4,3,2,78.08,68.0,71,0
4,3,3,77.0,66.92,71,0
4,3,4,77.0,66.02,69,0
4,3,5,77.0,66.02,69,0
4,3,6,77.0,66.02,69,25
4,3,7,78.98,64.94,62,158
4,3,8,80.96,64.04,56,407
4,3,9,82.94,66.02,57,610
4,3,10,84.02,66.92,57,776
4,3,11,84.02,66.02,55,930
4,3,12,84.92,66.92,55,932
4,3,13,84.92,71.06,63,842
4,3,14,84.92,68.0,57,675
4,3,15,84.02,69.08,61,476
4,3,16,84.02,69.08,61,322
4,3,17,82.94,69.98,65,133
4,3,18,80.96,69.98,69,33
4,3,19,80.96,69.98,69,0
4,3,20,80.06,71.06,74,0
4,3,21,78.98,71.06,77,0
4,3,22,78.98,71.06,77,0
4,3,23,78.98,71.96,79,0
4,4,24,78.98,71.06,77,0
4,4,1,77.0,71.06,82,0
4,4,2,77.0,71.06,82,0
4,4,3,77.0,71.06,82,0
4,4,4,77.0,71.06,82,0
4,4,5,77.0,71.06,82,0
4,4,6,75.92,73.04,90,29
4,4,7,78.08,73.04,85,154
4,4,8,80.06,69.98,72,267
4,4,9,80.06,71.96,77,354
4,4,10,82.04,71.06,69,503
4,4,11,82.94,71.06,67,829
4,4,12,84.02,69.08,61,647
4,4,13,84.92,69.08,59,965
4,4,14,82.94,68.0,61,552
4,4,15,84.02,69.08,61,605
4,4,16,84.02,69.98,63,442
4,4,17,82.94,69.98,65,182
4,4,18,80.96,69.98,69,37
4,4,19,80.06,69.98,72,0
4,4,20,80.06,71.06,74,0
4,4,21,78.98,71.06,77,0
4,4,22,78.98,71.06,77,0
4,4,23,78.98,71.06,77,0
4,5,24,78.98,71.06,77,0
4,5,1,78.98,69.98,74,0
4,5,2,78.98,69.98,74,0
4,5,3,78.08,69.08,74,0
4,5,4,78.08,71.96,82,0
4,5,5,78.08,69.98,77,0
4,5,6,78.08,71.06,79,23
4,5,7,78.08,71.06,79,108
4,5,8,80.06,69.98,72,171
4,5,9,80.06,69.98,72,228
4,5,10,80.96,71.06,72,313
4,5,11,82.94,71.96,70,419
4,5,12,82.94,71.96,70,311
4,5,13,82.04,64.94,56,351
4,5,14,80.96,66.02,60,309
4,5,15,80.96,66.02,60,301
4,5,16,80.06,69.98,72,258
4,5,17,78.98,66.92,67,133
4,5,18,78.08,68.0,71,12
4,5,19,77.0,69.08,76,0
4,5,20,77.0,69.98,79,0
4,5,21,77.0,69.98,79,0
4,5,22,75.92,68.0,76,0
4,5,23,73.94,69.08,84,0
4,6,24,71.06,68.0,90,0
4,6,1,69.98,66.92,90,0
4,6,2,66.92,55.94,68,0
4,6,3,64.94,53.96,68,0
4,6,4,64.04,51.98,65,0
4,6,5,62.96,51.98,68,0
4,6,6,60.98,51.08,70,42
4,6,7,60.98,39.92,46,163
4,6,8,64.04,35.06,34,427
4,6,9,64.94,37.04,36,664
4,6,10,66.02,39.92,39,797
4,6,11,68.0,42.08,39,887
4,6,12,69.98,39.02,32,972
4,6,13,71.06,35.96,28,839
4,6,14,73.94,37.94,27,808
4,6,15,73.94,35.96,25,609
4,6,16,73.94,37.04,26,405
4,6,17,69.98,32.0,25,178
4,6,18,68.0,32.0,26,30
4,6,19,66.02,37.04,34,0
4,6,20,64.94,39.92,40,0
4,6,21,62.96,42.08,46,0
4,6,22,64.04,41.0,43,0
4,6,23,62.96,39.92,43,0
4,7,24,62.06,37.94,41,0
4,7,1,62.06,37.04,40,0
4,7,2,60.98,37.04,41,0
4,7,3,60.08,37.04,43,0
4,7,4,59.0,39.92,50,0
4,7,5,57.92,42.98,58,0
4,7,6,59.0,44.06,58,53
4,7,7,60.98,44.06,54,220
4,7,8,66.02,50.0,57,358
4,7,9,71.96,51.08,48,601
4,7,10,73.94,53.96,50,871
4,7,11,73.94,51.98,46,978
4,7,12,71.96,53.96,53,1037
4,7,13,75.92,51.08,42,853
4,7,14,75.02,53.06,46,520
4,7,15,75.02,51.98,45,511
4,7,16,73.94,53.96,50,430
4,7,17,73.04,53.96,51,141
4,7,18,71.06,51.98,51,33
4,7,19,71.06,53.06,53,0
4,7,20,71.06,53.96,55,0
4,7,21,71.06,53.96,55,0
4,7,22,71.06,53.96,55,0
4,7,23,69.98,53.06,55,0
4,8,24,68.0,55.04,63,0
4,8,1,68.0,55.04,63,0
4,8,2,68.0,55.04,63,0
4,8,3,66.92,57.02,70,0
4,8,4,68.0,55.94,66,0
4,8,5,68.0,55.94,66,0
4,8,6,66.02,57.02,73,47
4,8,7,73.04,57.02,57,227
4,8,8,77.0,55.94,48,509
4,8,9,78.08,57.02,49,667
4,8,10,78.98,57.92,49,822
4,8,11,80.96,57.92,46,1000
4,8,12,82.04,59.0,46,1006
4,8,13,80.96,60.08,49,952
4,8,14,80.96,60.98,51,815
4,8,15,80.96,62.06,53,618
4,8,16,80.06,62.96,56,383
4,8,17,78.08,64.04,62,173
4,8,18,75.92,64.04,66,29
4,8,19,73.94,64.04,71,0
4,8,20,73.94,60.98,64,0
4,8,21,73.04,60.08,64,0
4,8,22,71.06,60.08,68,0
4,8,23,68.0,60.08,76,0
4,9,24,66.92,60.08,78,0
4,9,1,66.02,60.08,81,0
4,9,2,66.02,60.08,81,0
4,9,3,64.94,60.08,84,0
4,9,4,64.94,60.08,84,0
4,9,5,64.04,60.08,87,0
4,9,6,66.92,60.08,78,51
4,9,7,73.04,60.08,64,215
4,9,8,75.92,60.08,58,404
4,9,9,78.98,62.06,56,636
4,9,10,82.94,62.96,51,827
4,9,11,84.92,62.06,46,910
4,9,12,86.0,62.06,45,694
4,9,13,82.04,64.04,55,518
4,9,14,86.0,62.96,46,564
4,9,15,84.92,62.96,48,422
4,9,16,86.0,60.98,43,310
4,9,17,82.04,60.98,49,166
4,9,18,80.06,60.08,51,33
4,9,19,75.92,57.02,52,0
4,9,20,71.96,51.08,48,0
4,9,21,68.0,50.0,53,0
4,9,22,64.94,50.0,59,0
4,9,23,62.96,48.92,60,0
4,10,24,62.06,46.94,58,0
4,10,1,59.0,48.02,67,0
4,10,2,57.02,48.92,75,0
4,10,3,55.94,48.92,78,0
4,10,4,55.04,48.92,80,0
4,10,5,55.04,48.92,80,0
4,10,6,55.04,48.92,80,36
4,10,7,60.98,51.98,72,203
4,10,8,66.92,53.96,63,421
4,10,9,73.94,57.92,58,665
4,10,10,78.98,60.98,54,866
4,10,11,80.96,60.08,49,557
4,10,12,82.04,60.08,47,917
4,10,13,82.04,60.08,47,619
4,10,14,80.06,59.0,49,756
4,10,15,78.08,59.0,52,481
4,10,16,77.0,59.0,54,314
4,10,17,75.02,59.0,58,129
4,10,18,75.02,59.0,58,16
4,10,19,73.94,59.0,60,0
4,10,20,73.94,59.0,60,0
4,10,21,73.94,57.92,58,0
4,10,22,73.04,57.02,57,0
4,10,23,73.04,55.94,55,0
4,11,24,73.04,53.96,51,0
4,11,1,73.04,55.94,55,0
4,11,2,73.04,57.92,59,0
4,11,3,73.04,57.02,57,0
4,11,4,73.04,57.02,57,0
4,11,5,73.04,55.94,55,0
4,11,6,73.04,60.08,64,37
4,11,7,75.02,62.96,66,164
4,11,8,77.0,62.06,60,396
4,11,9,78.08,62.96,60,598
4,11,10,78.98,62.96,58,750
4,11,11,78.98,64.04,60,603
4,11,12,80.06,64.04,58,630
4,11,13,80.06,64.04,58,397
4,11,14,78.98,64.94,62,342
4,11,15,78.98,64.94,62,282
4,11,16,78.98,66.02,65,185
4,11,17,78.08,66.92,69,92
4,11,18,78.08,66.92,69,29
4,11,19,77.0,66.92,71,0
4,11,20,77.0,66.02,69,0
4,11,21,77.0,66.02,69,0
4,11,22,77.0,66.02,69,0
4,11,23,77.0,66.02,69,0
4,12,24,77.0,66.02,69,0
4,12,1,75.92,64.94,69,0
4,12,2,75.92,64.94,69,0
4,12,3,75.92,64.94,69,0
4,12,4,75.92,64.94,69,0
4,12,5,75.92,64.04,66,0
4,12,6,75.92,64.94,69,38
4,12,7,77.0,64.94,67,128
4,12,8,77.0,64.94,67,298
4,12,9,80.06,66.02,62,563
4,12,10,80.06,66.02,62,717
4,12,11,80.06,66.92,65,658
4,12,12,80.96,68.0,65,671
4,12,13,80.96,68.0,65,646
4,12,14,82.04,69.08,65,468
4,12,15,82.04,69.08,65,290
4,12,16,80.96,69.08,67,218
4,12,17,80.06,69.08,69,88
4,12,18,78.98,69.08,72,33
4,12,19,78.98,69.98,74,0
4,12,20,78.08,69.98,77,0
4,12,21,78.08,69.98,77,0
4,12,22,78.08,69.98,77,0
4,12,23,78.08,69.08,74,0
4,13,24,77.0,69.08,76,0
4,13,1,77.0,69.08,76,0
4,13,2,77.0,69.08,76,0
4,13,3,77.0,68.0,74,0
4,13,4,77.0,68.0,74,0
4,13,5,77.0,68.0,74,0
4,13,6,77.0,68.0,74,30
4,13,7,78.08,69.08,74,175
4,13,8,80.06,69.08,69,378
4,13,9,80.96,69.08,67,591
4,13,10,82.04,69.08,65,840
4,13,11,82.94,68.0,61,824
4,13,12,84.02,68.0,59,921
4,13,13,84.02,66.92,57,918
4,13,14,84.02,66.92,57,754
4,13,15,84.02,66.92,57,628
4,13,16,82.94,66.92,59,368
4,13,17,82.04,66.92,61,159
4,13,18,80.06,68.0,67,33
4,13,19,78.98,68.0,69,0
4,13,20,78.08,69.08,74,0
4,13,21,78.08,69.08,74,0
4,13,22,77.0,69.08,76,0
4,13,23,77.0,68.0,74,0
4,14,24,77.0,69.98,79,0
4,14,1,77.0,69.98,79,0
4,14,2,75.92,69.98,82,0
4,14,3,75.92,69.98,82,0
4,14,4,75.92,69.98,82,0
4,14,5,75.92,69.98,82,0
4,14,6,75.92,69.98,82,57
4,14,7,78.08,69.98,77,249
4,14,8,80.06,69.08,69,389
4,14,9,80.96,69.08,67,624
4,14,10,82.04,68.0,63,800
4,14,11,82.94,68.0,61,975
4,14,12,82.94,68.0,61,777
4,14,13,82.94,68.0,61,815
4,14,14,82.94,68.0,61,700
4,14,15,82.94,68.0,61,628
4,14,16,82.94,66.92,59,401
4,14,17,82.04,66.92,61,186
4,14,18,80.06,68.0,67,35
4,14,19,78.98,68.0,69,0
4,14,20,78.98,68.0,69,0
4,14,21,78.98,68.0,69,0
4,14,22,78.08,68.0,71,0
4,14,23,77.0,69.08,76,0
4,15,24,77.0,69.08,76,0
4,15,1,75.92,69.98,82,0
4,15,2,75.92,68.0,76,0
4,15,3,75.92,68.0,76,0
4,15,4,75.92,68.0,76,0
4,15,5,75.92,66.92,74,0
4,15,6,75.02,66.92,76,54
4,15,7,78.08,66.92,69,209
4,15,8,80.96,66.92,63,424
4,15,9,82.04,66.02,58,665
4,15,10,82.94,66.02,57,892
4,15,11,84.02,66.02,55,1011
4,15,12,84.92,66.92,55,1010
4,15,13,86.0,68.0,55,968
4,15,14,84.92,68.0,57,859
4,15,15,84.92,69.08,59,670
4,15,16,84.02,69.08,61,440
4,15,17,82.04,68.0,63,188
4,15,18,80.96,68.0,65,32
4,15,19,80.06,69.08,69,0
4,15,20,78.98,69.08,72,0
4,15,21,78.08,69.08,74,0
4,15,22,77.0,69.08,76,0
4,15,23,77.0,69.08,76,0
4,16,24,75.02,69.08,82,0
4,16,1,73.94,68.0,82,0
4,16,2,73.94,68.0,82,0
4,16,3,73.94,68.0,82,0
4,16,4,73.04,68.0,84,0
4,16,5,73.04,68.0,84,0
4,16,6,73.04,69.08,87,42
4,16,7,77.0,69.08,76,222
4,16,8,80.96,69.08,67,377
4,16,9,84.02,66.92,57,649
4,16,10,84.92,64.94,51,705
4,16,11,86.0,69.08,57,789
4,16,12,75.92,68.0,76,396
4,16,13,77.0,69.08,76,205
4,16,14,78.98,66.92,67,359
4,16,15,80.96,71.06,72,394
4,16,16,80.06,66.02,62,274
4,16,17,80.06,64.94,60,148
4,16,18,80.06,66.92,65,24
4,16,19,78.98,68.0,69,0
4,16,20,78.98,69.98,74,0
4,16,21,77.0,69.98,79,0
4,16,22,75.92,69.98,82,0
4,16,23,75.02,69.08,82,0
4,17,24,73.04,68.0,84,0
4,17,1,73.04,68.0,84,0
4,17,2,71.96,66.92,84,0
4,17,3,71.06,66.02,84,0
4,17,4,69.98,66.02,87,0
4,17,5,69.08,66.02,90,0
4,17,6,69.08,66.92,93,28
4,17,7,69.98,66.92,90,173
4,17,8,73.04,69.08,87,484
4,17,9,78.08,69.08,74,643
4,17,10,82.04,66.02,58,841
4,17,11,84.92,62.06,46,939
4,17,12,87.08,69.98,57,598
4,17,13,84.92,66.92,55,439
4,17,14,75.02,68.0,79,358
4,17,15,73.94,69.98,87,152
4,17,16,73.94,68.0,82,159
4,17,17,73.94,64.94,74,140
4,17,18,73.94,69.08,84,32
4,17,19,73.04,68.0,84,0
4,17,20,73.04,69.08,87,0
4,17,21,73.04,69.08,87,0
4,17,22,73.04,69.08,87,0
4,17,23,73.04,66.92,82,0
4,18,24,73.04,66.92,82,0
4,18,1,71.96,66.02,82,0
4,18,2,71.96,64.04,76,0
4,18,3,71.96,62.06,71,0
4,18,4,71.06,57.92,64,0
4,18,5,71.06,59.0,66,0
4,18,6,71.06,59.0,66,45
4,18,7,71.06,59.0,66,259
4,18,8,73.94,59.0,60,425
4,18,9,78.08,60.98,56,633
4,18,10,80.06,60.98,52,805
4,18,11,80.06,60.08,51,958
4,18,12,80.96,60.08,49,876
4,18,13,80.96,60.08,49,875
4,18,14,80.96,59.0,47,829
4,18,15,80.96,57.92,46,648
4,18,16,80.96,57.92,46,396
4,18,17,78.08,57.92,50,162
4,18,18,77.0,57.02,50,36
4,18,19,75.92,57.02,52,0
4,18,20,75.92,57.92,54,0
4,18,21,75.92,57.02,52,0
4,18,22,75.02,57.02,54,0
4,18,23,73.94,57.92,58,0
4,19,24,73.94,57.02,55,0
4,19,1,73.94,57.92,58,0
4,19,2,73.04,59.0,62,0
4,19,3,73.04,59.0,62,0
4,19,4,73.04,59.0,62,0
4,19,5,73.04,59.0,62,3
4,19,6,71.96,57.92,62,70
4,19,7,73.94,57.92,57,240
4,19,8,75.02,57.92,56,419
4,19,9,77.0,55.94,48,660
4,19,10,78.98,57.02,47,881
4,19,11,78.98,55.94,45,996
4,19,12,78.98,55.94,45,1030
4,19,13,78.98,55.94,45,984
4,19,14,80.06,55.04,42,870
4,19,15,78.98,53.96,42,691
4,19,16,78.98,53.06,41,460
4,19,17,77.0,53.96,45,209
4,19,18,75.92,53.06,45,43
4,19,19,75.02,53.96,48,0
4,19,20,73.94,53.96,50,0
4,19,21,73.94,55.94,54,0
4,19,22,73.04,55.94,55,0
4,19,23,73.04,57.02,57,0
4,20,24,69.98,57.02,64,0
4,20,1,68.0,55.94,66,0
4,20,2,68.0,60.08,76,0
4,20,3,66.92,59.0,76,0
4,20,4,66.92,57.92,73,0
4,20,5,66.92,57.92,73,0
4,20,6,71.06,60.08,68,22
4,20,7,71.96,57.92,62,122
4,20,8,75.92,60.08,58,285
4,20,9,78.98,62.06,56,579
4,20,10,80.06,62.06,54,693
4,20,11,80.06,62.06,54,758
4,20,12,80.06,60.98,52,870
4,20,13,80.06,59.0,49,785
4,20,14,80.06,57.92,47,712
4,20,15,80.06,57.92,47,620
4,20,16,80.06,57.92,47,438
4,20,17,78.08,57.92,50,207
4,20,18,77.0,57.92,52,34
4,20,19,75.92,55.94,50,0
4,20,20,75.92,55.94,50,0
4,20,21,75.92,59.0,56,0
4,20,22,75.92,60.08,58,0
4,20,23,75.92,60.08,58,0
4,21,24,75.92,60.08,58,0
4,21,1,75.02,59.0,58,0
4,21,2,75.02,60.08,60,0
4,21,3,75.02,60.98,62,0
4,21,4,73.94,60.98,64,0
4,21,5,73.94,60.08,62,0
4,21,6,75.02,59.0,58,69
4,21,7,75.92,57.92,54,238
4,21,8,78.08,57.02,49,407
4,21,9,80.06,57.02,45,660
4,21,10,80.96,57.92,46,896
4,21,11,80.96,60.08,49,786
4,21,12,78.08,60.98,56,479
4,21,13,80.96,60.98,51,656
4,21,14,80.06,60.08,51,731
4,21,15,78.98,59.0,50,496
4,21,16,78.08,59.0,52,287
4,21,17,78.08,59.0,52,132
4,21,18,75.92,62.06,62,15
4,21,19,73.94,64.04,71,0
4,21,20,73.94,64.04,71,0
4,21,21,73.94,62.96,69,0
4,21,22,73.04,62.96,71,0
4,21,23,73.04,60.08,64,0
4,22,24,73.04,57.02,57,0
4,22,1,71.96,59.0,64,0
4,22,2,73.04,59.0,62,0
4,22,3,73.04,60.98,66,0
4,22,4,71.96,60.98,68,0
4,22,5,71.96,62.96,73,2
4,22,6,73.94,62.96,69,81
4,22,7,75.92,62.06,62,253
4,22,8,78.98,62.96,58,536
4,22,9,78.08,64.04,62,581
4,22,10,80.96,64.94,58,962
4,22,11,80.96,64.94,58,801
4,22,12,82.04,66.02,58,970
4,22,13,80.96,66.02,60,905
4,22,14,80.96,66.92,63,853
4,22,15,80.96,66.92,63,643
4,22,16,80.96,68.0,65,266
4,22,17,78.98,68.0,69,220
4,22,18,78.98,69.08,72,42
4,22,19,78.08,69.08,74,0
4,22,20,78.08,68.0,71,0
4,22,21,78.08,69.08,74,0
4,22,22,77.0,69.08,76,0
4,22,23,77.0,69.08,76,0
4,23,24,77.0,69.98,79,0
4,23,1,77.0,69.08,76,0
4,23,2,77.0,69.08,76,0
4,23,3,77.0,68.0,74,0
4,23,4,75.92,68.0,76,0
4,23,5,75.92,69.08,79,1
4,23,6,75.92,69.08,79,64
4,23,7,78.08,69.08,74,267
4,23,8,78.98,69.08,72,397
4,23,9,80.96,69.08,67,602
4,23,10,80.96,69.08,67,794
4,23,11,82.94,69.08,63,854
4,23,12,84.02,69.08,61,355
4,23,13,82.94,69.08,63,569
4,23,14,82.94,69.08,63,406
4,23,15,80.96,69.08,67,230
4,23,16,80.96,69.98,69,224
4,23,17,75.92,69.08,79,146
4,23,18,75.92,68.0,76,19
4,23,19,75.92,68.0,76,0
4,23,20,75.92,69.08,79,0
4,23,21,75.92,69.08,79,0
4,23,22,75.02,69.08,82,0
4,23,23,75.02,69.98,85,0
4,24,24,75.02,69.98,85,0
4,24,1,73.94,69.98,87,0
4,24,2,73.04,69.98,90,0
4,24,3,73.04,69.98,90,0
4,24,4,71.96,69.98,93,0
4,24,5,71.06,69.98,97,0
4,24,6,71.06,71.06,100,53
4,24,7,71.96,71.06,97,248
4,24,8,75.02,71.06,87,404
4,24,9,78.98,68.0,69,633
4,24,10,82.04,64.04,55,858
4,24,11,84.92,64.04,49,923
4,24,12,87.08,62.96,45,763
4,24,13,87.08,62.96,45,567
4,24,14,82.94,68.0,61,525
4,24,15,82.04,69.98,67,434
4,24,16,80.96,69.98,69,96
4,24,17,80.06,66.92,65,52
4,24,18,78.98,68.0,69,33
4,24,19,78.08,69.98,77,0
4,24,20,75.92,66.92,74,0
4,24,21,75.92,68.0,76,0
4,24,22,73.94,68.0,82,0
4,24,23,71.96,60.08,66,0
4,25,24,69.98,55.94,61,0
4,25,1,68.0,55.04,63,0
4,25,2,66.92,57.92,73,0
4,25,3,66.02,59.0,78,0
4,25,4,64.94,62.06,90,0
4,25,5,64.94,62.96,93,2
4,25,6,73.94,64.94,74,57
4,25,7,75.92,60.98,60,266
4,25,8,77.0,60.98,58,480
4,25,9,78.08,62.06,58,609
4,25,10,78.98,62.06,56,766
4,25,11,78.08,60.98,56,729
4,25,12,78.98,60.98,54,656
4,25,13,78.98,60.08,52,694
4,25,14,78.98,59.0,50,634
4,25,15,78.08,57.92,50,504
4,25,16,77.0,57.92,52,367
4,25,17,77.0,59.0,54,178
4,25,18,75.02,59.0,58,20
4,25,19,73.04,55.94,55,0
4,25,20,71.96,53.06,51,0
4,25,21,71.96,53.96,53,0
4,25,22,71.96,53.96,53,0
4,25,23,71.06,53.06,53,0
4,26,24,71.06,51.98,51,0
4,26,1,69.98,51.98,53,0
4,26,2,69.98,51.98,53,0
4,26,3,69.08,53.06,57,0
4,26,4,69.08,51.98,55,0
4,26,5,69.98,51.98,53,0
4,26,6,69.98,53.06,55,53
4,26,7,71.06,51.08,49,176
4,26,8,73.94,53.06,48,388
4,26,9,75.92,51.08,42,586
4,26,10,75.92,53.06,45,532
4,26,11,75.92,55.04,48,644
4,26,12,78.08,53.96,44,847
4,26,13,78.08,53.06,42,939
4,26,14,78.08,51.98,40,809
4,26,15,77.0,53.96,45,653
4,26,16,75.92,53.96,47,402
4,26,17,75.92,55.94,50,180
4,26,18,75.02,53.06,46,33
4,26,19,73.94,53.06,48,0
4,26,20,73.04,53.96,51,0
4,26,21,73.04,55.94,55,0
4,26,22,73.04,55.94,55,0
4,26,23,73.04,57.92,59,0
4,27,24,73.04,57.92,59,0
4,27,1,69.98,57.92,66,0
4,27,2,69.08,59.0,71,0
4,27,3,69.08,57.92,68,0
4,27,4,64.94,57.92,78,0
4,27,5,64.04,57.92,81,0
4,27,6,64.94,57.92,78,66
4,27,7,73.94,60.08,62,204
4,27,8,75.92,60.08,58,357
4,27,9,75.92,60.08,58,582
4,27,10,77.0,60.08,56,763
4,27,11,78.08,60.08,54,902
4,27,12,80.06,59.0,49,919
4,27,13,78.98,57.92,49,859
4,27,14,78.08,55.04,45,815
4,27,15,78.08,57.92,50,685
4,27,16,77.0,55.94,48,426
4,27,17,75.92,55.04,48,182
4,27,18,75.02,55.04,50,40
4,27,19,75.02,57.02,54,0
4,27,20,75.02,57.92,56,0
4,27,21,75.02,59.0,58,0
4,27,22,75.02,59.0,58,0
4,27,23,73.94,57.92,58,0
4,28,24,73.04,55.94,55,0
4,28,1,73.04,55.04,53,0
4,28,2,73.04,53.96,51,0
4,28,3,73.04,51.98,48,0
4,28,4,73.04,57.92,59,0
4,28,5,71.96,57.92,62,2
4,28,6,71.96,60.08,66,79
4,28,7,75.02,60.08,60,311
4,28,8,75.02,60.08,60,294
4,28,9,78.98,55.94,45,626
4,28,10,78.98,57.02,47,899
4,28,11,78.98,60.08,52,959
4,28,12,80.06,57.92,47,1031
4,28,13,80.06,57.02,45,1031
4,28,14,80.06,53.96,41,857
4,28,15,78.98,53.96,42,685
4,28,16,78.98,55.94,45,435
4,28,17,78.08,55.94,47,182
4,28,18,77.0,57.02,50,36
4,28,19,77.0,60.98,58,0
4,28,20,75.92,62.96,64,0
4,28,21,75.92,62.06,62,0
4,28,22,75.92,62.06,62,0
4,28,23,75.02,60.98,62,0
4,29,24,75.02,57.92,56,0
4,29,1,75.02,57.92,56,0
4,29,2,73.94,57.92,58,0
4,29,3,73.04,55.94,55,0
4,29,4,73.04,55.94,55,0
4,29,5,73.04,55.04,53,3
4,29,6,73.04,57.02,57,73
4,29,7,73.94,59.0,60,209
4,29,8,77.0,59.0,54,445
4,29,9,77.0,59.0,54,663
4,29,10,78.98,60.08,52,738
4,29,11,80.06,59.0,49,939
4,29,12,80.06,59.0,49,866
4,29,13,78.98,59.0,50,812
4,29,14,80.06,60.08,51,716
4,29,15,78.98,60.08,52,547
4,29,16,78.98,59.0,50,392
4,29,17,78.08,55.94,47,202
4,29,18,75.92,57.02,52,37
4,29,19,75.02,55.04,50,0
4,29,20,73.94,55.04,52,0
4,29,21,73.04,57.92,59,0
4,29,22,71.96,57.92,62,0
4,29,23,71.96,59.0,64,0
4,30,24,71.96,59.0,64,0
4,30,1,71.96,59.0,64,0
4,30,2,69.08,57.92,68,0
4,30,3,66.02,57.92,76,0
4,30,4,62.06,57.92,87,0
4,30,5,60.08,57.02,90,3
4,30,6,62.06,59.0,90,67
4,30,7,71.06,60.08,68,260
4,30,8,75.02,59.0,58,457
4,30,9,77.0,57.02,50,743
4,30,10,78.08,57.02,49,934
4,30,11,80.06,57.92,47,1005
4,30,12,80.06,57.92,47,1029
4,30,13,80.06,57.02,45,971
4,30,14,80.06,57.02,45,845
4,30,15,80.06,59.0,49,673
4,30,16,78.98,57.02,47,430
4,30,17,77.0,57.92,52,205
4,30,18,75.2,59.36,58,35
4,30,19,73.76,60.62,63,0
4,30,20,73.04,60.98,65,0
4,30,21,71.96,61.16,68,0
4,30,22,71.24,61.7,71,0
4,30,23,70.7,61.88,73,0
5,1,24,70.34,62.06,75,0
5,1,1,69.8,62.24,76,0
5,1,2,68.9,62.42,79,0
5,1,3,68.0,62.6,82,0
5,1,4,67.28,62.6,85,0
5,1,5,66.74,62.78,87,4
5,1,6,66.92,62.96,87,40
5,1,7,69.98,60.08,71,278
5,1,8,73.04,60.98,66,531
5,1,9,77.0,59.0,54,710
5,1,10,78.08,60.08,54,763
5,1,11,80.06,59.0,49,911
5,1,12,80.06,59.0,49,670
5,1,13,82.04,64.04,55,442
5,1,14,80.06,64.04,58,805
5,1,15,78.98,64.04,60,290
5,1,16,78.08,64.04,62,148
5,1,17,78.08,62.96,60,74
5,1,18,78.98,60.98,54,25
5,1,19,75.02,60.08,60,0
5,1,20,73.94,60.98,64,0
5,1,21,73.94,60.08,62,0
5,1,22,73.94,62.06,66,0
5,1,23,71.96,62.06,71,0
5,2,24,73.04,59.0,62,0
5,2,1,73.04,57.92,59,0
5,2,2,73.04,59.0,62,0
5,2,3,73.04,60.08,64,0
5,2,4,73.04,60.08,64,0
5,2,5,71.96,57.02,59,5
5,2,6,71.96,50.0,46,45
5,2,7,71.96,51.08,48,85
5,2,8,71.96,55.04,55,153
5,2,9,71.96,55.94,57,221
5,2,10,73.94,60.08,62,444
5,2,11,75.92,62.06,62,436
5,2,12,75.02,64.94,71,484
5,2,13,75.92,64.04,66,441
5,2,14,75.02,64.04,69,245
5,2,15,73.94,71.06,90,187
5,2,16,73.04,69.98,90,242
5,2,17,73.04,69.98,90,127
5,2,18,73.04,69.08,87,34
5,2,19,73.04,69.98,90,0
5,2,20,73.04,69.08,87,0
5,2,21,73.04,69.98,90,0
5,2,22,73.04,69.98,90,0
5,2,23,73.04,69.98,90,0
5,3,24,73.04,71.06,93,0
5,3,1,73.04,71.06,93,0
5,3,2,73.04,71.06,93,0
5,3,3,73.04,71.06,93,0
5,3,4,73.04,69.98,90,0
5,3,5,73.04,69.98,90,5
5,3,6,73.04,71.06,93,57
5,3,7,73.94,71.96,94,294
5,3,8,75.02,71.96,90,273
5,3,9,78.98,69.08,72,669
5,3,10,80.96,68.0,65,779
5,3,11,80.96,68.0,65,887
5,3,12,82.04,68.0,63,932
5,3,13,82.04,69.08,65,716
5,3,14,80.96,68.0,65,651
5,3,15,80.06,68.0,67,574
5,3,16,80.06,69.08,69,400
5,3,17,78.08,69.98,77,167
5,3,18,75.92,69.08,79,36
5,3,19,75.02,68.0,79,0
5,3,20,75.02,69.08,82,0
5,3,21,75.02,69.98,85,0
5,3,22,75.02,69.98,85,0
5,3,23,75.02,69.98,85,0
5,4,24,75.02,69.98,85,0
5,4,1,75.02,71.06,87,0
5,4,2,75.02,69.98,85,0
5,4,3,75.02,71.06,87,0
5,4,4,71.96,69.98,93,0
5,4,5,71.96,71.06,97,7
5,4,6,71.96,71.06,97,91
5,4,7,75.92,71.96,87,301
5,4,8,78.08,69.98,77,560
5,4,9,80.96,69.08,67,717
5,4,10,82.94,69.08,63,780
5,4,11,84.02,69.98,63,666
5,4,12,82.04,71.06,69,657
5,4,13,82.94,71.96,70,744
5,4,14,82.04,71.06,69,448
5,4,15,82.04,68.0,63,197
5,4,16,80.96,69.98,69,154
5,4,17,78.98,71.06,77,83
5,4,18,78.98,71.06,77,25
5,4,19,78.08,66.02,67,0
5,4,20,77.0,64.04,64,0
5,4,21,75.02,64.04,69,0
5,4,22,73.94,62.96,69,0
5,4,23,71.96,64.94,79,0
5,5,24,71.06,64.94,81,0
5,5,1,71.06,66.02,84,0
5,5,2,69.98,66.02,87,0
5,5,3,69.98,66.02,87,0
5,5,4,69.08,66.02,90,0
5,5,5,69.08,66.92,93,6
5,5,6,69.08,66.92,93,86
5,5,7,69.98,66.92,90,278
5,5,8,73.94,66.92,79,531
5,5,9,75.92,66.02,71,710
5,5,10,80.06,64.04,58,763
5,5,11,82.04,60.98,49,911
5,5,12,84.92,57.02,39,1013
5,5,13,84.92,57.02,39,961
5,5,14,86.0,57.92,39,805
5,5,15,84.92,64.04,49,617
5,5,16,84.02,62.96,49,450
5,5,17,82.94,55.04,38,225
5,5,18,78.98,53.06,41,44
5,5,19,75.02,62.96,66,0
5,5,20,71.96,66.02,82,0
5,5,21,71.96,66.02,82,0
5,5,22,71.06,62.96,76,0
5,5,23,71.06,62.96,76,0
5,6,24,69.98,62.96,79,0
5,6,1,68.0,62.96,84,0
5,6,2,66.92,62.06,84,0
5,6,3,66.02,62.06,87,0
5,6,4,66.02,60.98,84,0
5,6,5,66.02,60.08,81,8
5,6,6,68.0,60.08,76,93
5,6,7,69.98,60.98,73,308
5,6,8,75.02,57.02,54,485
5,6,9,78.08,57.92,50,664
5,6,10,80.06,57.02,45,881
5,6,11,82.94,53.96,37,980
5,6,12,84.02,53.96,36,959
5,6,13,84.02,53.06,34,887
5,6,14,84.02,53.06,34,771
5,6,15,84.92,53.06,33,572
5,6,16,84.92,53.96,35,389
5,6,17,84.02,51.98,33,204
5,6,18,82.04,53.96,38,47
5,6,19,82.04,64.94,56,0
5,6,20,77.0,64.94,67,0
5,6,21,73.94,66.02,76,0
5,6,22,71.96,66.92,84,0
5,6,23,71.96,66.92,84,0
5,7,24,69.98,66.92,90,0
5,7,1,69.08,66.92,93,0
5,7,2,69.08,66.92,93,0
5,7,3,68.0,66.92,97,0
5,7,4,66.02,64.94,97,0
5,7,5,66.02,66.02,100,9
5,7,6,66.92,66.92,100,111
5,7,7,69.98,68.0,93,330
5,7,8,75.02,64.94,71,576
5,7,9,78.08,62.06,58,760
5,7,10,82.04,55.94,41,921
5,7,11,82.94,53.06,36,1013
5,7,12,84.92,55.04,36,1038
5,7,13,86.0,53.96,33,909
5,7,14,87.08,55.94,35,832
5,7,15,84.02,59.0,43,571
5,7,16,82.94,62.96,51,476
5,7,17,82.04,57.92,44,243
5,7,18,78.98,62.96,58,48
5,7,19,78.08,66.02,67,0
5,7,20,77.0,62.96,62,0
5,7,21,75.92,62.96,64,0
5,7,22,73.94,64.04,71,0
5,7,23,73.04,64.94,76,0
5,8,24,73.04,66.02,79,0
5,8,1,71.96,66.02,82,0
5,8,2,71.06,66.02,84,0
5,8,3,69.98,66.92,90,0
5,8,4,69.08,66.92,93,0
5,8,5,69.08,66.92,93,7
5,8,6,69.98,69.08,97,110
5,8,7,75.02,66.92,76,307
5,8,8,78.08,64.94,64,535
5,8,9,80.06,64.94,60,744
5,8,10,82.94,64.94,55,892
5,8,11,82.04,66.92,61,971
5,8,12,84.02,64.04,51,972
5,8,13,84.92,68.0,57,910
5,8,14,84.02,66.92,57,793
5,8,15,84.92,69.08,59,557
5,8,16,84.92,66.92,55,384
5,8,17,84.02,69.08,61,178
5,8,18,82.94,69.08,63,37
5,8,19,80.96,69.98,69,0
5,8,20,78.98,69.98,74,0
5,8,21,78.08,69.98,77,0
5,8,22,77.0,69.08,76,0
5,8,23,77.0,69.08,76,0
5,9,24,77.0,69.08,76,0
5,9,1,75.92,73.04,90,0
5,9,2,75.92,73.04,90,0
5,9,3,75.02,73.94,97,0
5,9,4,75.92,73.94,94,0
5,9,5,75.92,73.04,90,4
5,9,6,77.0,73.94,91,72
5,9,7,80.06,75.02,85,262
5,9,8,82.94,75.02,77,412
5,9,9,84.02,73.04,70,569
5,9,10,84.92,73.04,67,531
5,9,11,86.0,71.96,63,775
5,9,12,87.08,69.08,55,661
5,9,13,87.98,69.98,55,371
5,9,14,87.08,71.96,61,195
5,9,15,84.02,75.02,74,90
5,9,16,73.94,71.96,94,61
5,9,17,73.94,73.04,97,31
5,9,18,73.94,71.06,90,23
5,9,19,73.94,71.96,94,0
5,9,20,75.02,71.06,87,0
5,9,21,73.04,69.98,90,0
5,9,22,73.04,69.98,90,0
5,9,23,73.04,71.06,93,0
5,10,24,73.04,71.96,97,0
5,10,1,73.94,71.06,90,0
5,10,2,71.96,69.08,90,0
5,10,3,71.06,68.0,90,0
5,10,4,69.08,66.92,93,0
5,10,5,68.0,66.92,97,7
5,10,6,69.08,66.92,93,128
5,10,7,69.98,68.0,93,313
5,10,8,71.96,66.92,84,568
5,10,9,78.08,69.08,74,626
5,10,10,80.96,69.98,69,780
5,10,11,82.04,66.92,61,670
5,10,12,82.94,66.92,59,686
5,10,13,84.02,66.92,57,866
5,10,14,84.02,66.92,57,740
5,10,15,82.94,69.98,65,596
5,10,16,80.96,68.0,65,470
5,10,17,80.06,66.92,65,235
5,10,18,78.08,66.92,69,45
5,10,19,73.94,68.0,82,0
5,10,20,77.0,68.0,74,0
5,10,21,75.92,68.0,76,0
5,10,22,75.92,69.98,82,0
5,10,23,77.0,69.08,76,0
5,11,24,75.92,69.98,82,0
5,11,1,75.92,69.08,79,0
5,11,2,75.02,69.08,82,0
5,11,3,75.02,68.0,79,0
5,11,4,73.04,68.0,84,0
5,11,5,71.06,68.0,90,6
5,11,6,73.04,68.0,84,120
5,11,7,78.08,66.92,69,345
5,11,8,78.98,64.04,60,504
5,11,9,80.06,64.04,58,704
5,11,10,82.04,64.94,56,747
5,11,11,82.94,64.94,55,1032
5,11,12,84.02,62.96,49,968
5,11,13,84.02,62.06,48,876
5,11,14,84.92,64.04,49,844
5,11,15,82.94,62.96,51,669
5,11,16,84.02,64.94,53,461
5,11,17,80.06,64.94,60,210
5,11,18,78.98,66.02,65,46
5,11,19,75.02,66.92,76,0
5,11,20,77.0,66.92,71,0
5,11,21,77.0,66.92,71,0
5,11,22,77.0,66.92,71,0
5,11,23,77.0,69.98,79,0
5,12,24,77.0,69.98,79,0
5,12,1,75.92,68.0,76,0
5,12,2,75.92,66.92,74,0
5,12,3,75.02,66.92,76,0
5,12,4,75.02,68.0,79,0
5,12,5,73.94,68.0,82,7
5,12,6,75.02,68.0,79,108
5,12,7,78.98,66.92,67,249
5,12,8,78.98,66.92,67,379
5,12,9,80.96,66.92,63,652
5,12,10,84.02,66.92,57,911
5,12,11,82.04,66.92,61,729
5,12,12,82.94,66.02,57,684
5,12,13,84.02,66.02,55,754
5,12,14,84.02,66.02,55,804
5,12,15,82.94,66.02,57,473
5,12,16,82.94,66.92,59,287
5,12,17,80.96,64.94,58,223
5,12,18,78.98,66.92,67,56
5,12,19,78.08,66.02,67,0
5,12,20,78.08,66.92,69,0
5,12,21,77.0,66.92,71,0
5,12,22,77.0,66.92,71,0
5,12,23,75.92,69.98,82,0
5,13,24,75.92,69.98,82,0
5,13,1,75.02,69.08,82,0
5,13,2,73.94,69.08,84,0
5,13,3,73.04,68.0,84,0
5,13,4,71.96,69.08,90,0
5,13,5,71.96,68.0,87,8
5,13,6,75.02,69.08,82,133
5,13,7,80.06,66.02,62,297
5,13,8,82.04,66.02,58,469
5,13,9,82.04,66.92,61,785
5,13,10,82.94,66.02,57,887
5,13,11,82.94,69.08,63,948
5,13,12,84.02,69.08,61,804
5,13,13,84.02,71.06,65,516
5,13,14,84.02,71.06,65,773
5,13,15,84.02,71.96,67,526
5,13,16,82.94,73.04,72,365
5,13,17,82.04,73.04,74,114
5,13,18,80.06,73.04,79,39
5,13,19,80.06,73.94,82,0
5,13,20,78.98,73.94,85,0
5,13,21,78.98,73.94,85,0
5,13,22,78.98,73.94,85,0
5,13,23,78.08,75.02,91,0
5,14,24,78.08,75.02,91,0
5,14,1,78.08,75.02,91,0
5,14,2,78.08,75.02,91,0
5,14,3,78.08,75.02,91,0
5,14,4,77.0,75.02,94,0
5,14,5,75.92,73.94,94,8
5,14,6,77.0,75.02,94,123
5,14,7,78.08,73.94,88,173
5,14,8,80.96,75.02,82,416
5,14,9,82.94,73.04,72,302
5,14,10,84.02,71.96,67,808
5,14,11,84.92,73.94,70,994
5,14,12,84.92,73.94,70,1012
5,14,13,84.92,73.04,67,650
5,14,14,84.92,75.02,72,583
5,14,15,82.94,73.94,74,362
5,14,16,82.04,75.02,79,236
5,14,17,82.04,75.02,79,159
5,14,18,80.96,75.02,82,46
5,14,19,80.06,75.02,85,0
5,14,20,80.06,75.02,85,0
5,14,21,80.06,75.02,85,0
5,14,22,80.06,75.02,85,0
5,14,23,80.06,73.94,82,0
5,15,24,80.06,75.02,85,0
5,15,1,78.98,75.02,88,0
5,15,2,78.08,73.94,88,0
5,15,3,78.08,75.02,91,0
5,15,4,77.0,75.92,97,0
5,15,5,77.0,75.92,97,6
5,15,6,78.08,75.92,94,100
5,15,7,78.98,75.02,88,136
5,15,8,80.96,73.04,77,525
5,15,9,82.94,73.04,72,762
5,15,10,84.02,73.94,72,901
5,15,11,84.02,75.02,74,970
5,15,12,84.92,75.02,72,999
5,15,13,84.92,73.94,70,920
5,15,14,84.92,73.94,70,827
5,15,15,84.92,75.02,72,661
5,15,16,84.02,75.02,74,450
5,15,17,82.94,75.02,77,226
5,15,18,80.96,75.02,82,34
5,15,19,80.96,75.02,82,0
5,15,20,80.06,75.02,85,0
5,15,21,80.06,75.02,85,0
5,15,22,80.06,75.92,88,0
5,15,23,80.06,73.94,82,0
5,16,24,80.06,75.02,85,0
5,16,1,80.06,75.02,85,0
5,16,2,80.06,75.02,85,0
5,16,3,80.06,75.02,85,0
5,16,4,80.06,73.94,82,0
5,16,5,80.06,73.94,82,11
5,16,6,80.06,73.04,79,104
5,16,7,80.96,73.04,77,270
5,16,8,82.04,73.94,77,526
5,16,9,82.94,73.04,72,792
5,16,10,84.02,71.96,67,925
5,16,11,84.02,73.04,70,995
5,16,12,84.02,71.96,67,987
5,16,13,86.0,73.04,65,945
5,16,14,84.92,73.94,70,746
5,16,15,84.92,71.06,63,658
5,16,16,84.02,73.94,72,431
5,16,17,82.94,71.96,70,198
5,16,18,80.96,71.96,74,40
5,16,19,80.06,73.94,82,0
5,16,20,80.06,73.94,82,0
5,16,21,80.06,73.94,82,0
5,16,22,80.06,73.04,79,0
5,16,23,80.06,73.04,79,0
5,17,24,80.06,71.96,77,0
5,17,1,80.06,71.96,77,0
5,17,2,80.06,71.96,77,0
5,17,3,80.06,71.96,77,0
5,17,4,80.06,71.96,77,0
5,17,5,80.06,73.04,79,15
5,17,6,80.06,73.94,82,67
5,17,7,80.06,71.96,77,360
5,17,8,82.94,73.04,72,541
5,17,9,82.94,73.94,74,677
5,17,10,84.02,71.96,67,807
5,17,11,82.94,73.04,72,644
5,17,12,84.02,73.94,72,688
5,17,13,84.02,71.96,67,667
5,17,14,84.02,73.04,70,579
5,17,15,84.02,71.96,67,498
5,17,16,84.02,71.06,65,330
5,17,17,82.04,73.04,74,132
5,17,18,80.96,73.04,77,26
5,17,19,80.06,71.96,77,0
5,17,20,80.06,71.96,77,0
5,17,21,80.06,73.04,79,0
5,17,22,80.06,73.94,82,0
5,17,23,80.06,75.02,85,0
5,18,24,80.06,73.94,82,0
5,18,1,80.06,73.04,79,0
5,18,2,78.98,73.04,82,0
5,18,3,78.08,73.04,85,0
5,18,4,78.08,73.04,85,0
5,18,5,78.08,73.04,85,9
5,18,6,78.98,73.94,85,139
5,18,7,80.96,73.94,79,277
5,18,8,82.94,73.94,74,442
5,18,9,82.04,73.94,77,658
5,18,10,82.94,73.04,72,827
5,18,11,84.02,71.96,67,925
5,18,12,84.02,73.04,70,938
5,18,13,86.0,73.94,68,846
5,18,14,84.92,73.94,70,574
5,18,15,84.92,73.94,70,441
5,18,16,84.92,73.94,70,395
5,18,17,84.02,73.94,72,112
5,18,18,82.04,73.94,77,25
5,18,19,80.96,73.94,79,0
5,18,20,80.06,75.02,85,0
5,18,21,80.06,73.94,82,0
5,18,22,80.06,75.02,85,0
5,18,23,78.98,75.02,88,0
5,19,24,78.98,75.02,88,0
5,19,1,78.98,75.02,88,0
5,19,2,78.08,75.02,91,0
5,19,3,78.08,75.02,91,0
5,19,4,77.0,75.02,94,0
5,19,5,77.0,75.02,94,10
5,19,6,80.06,75.02,85,110
5,19,7,80.96,75.02,82,290
5,19,8,82.94,73.94,74,459
5,19,9,84.02,73.94,72,728
5,19,10,84.02,73.94,72,618
5,19,11,84.02,75.02,74,701
5,19,12,84.92,75.02,72,876
5,19,13,86.0,75.02,70,875
5,19,14,86.0,75.02,70,808
5,19,15,84.92,73.94,70,668
5,19,16,84.02,73.94,72,453
5,19,17,82.94,73.94,74,229
5,19,18,82.04,73.94,77,20
5,19,19,80.96,75.02,82,0
5,19,20,80.96,75.02,82,0
5,19,21,80.06,75.02,85,0
5,19,22,80.06,75.02,85,0
5,19,23,80.06,75.02,85,0
5,20,24,80.06,75.92,88,0
5,20,1,80.06,75.92,88,0
5,20,2,78.98,75.92,91,0
5,20,3,78.98,75.92,91,0
5,20,4,78.98,75.92,91,0
5,20,5,78.98,75.92,91,11
5,20,6,80.96,75.92,85,66
5,20,7,82.04,75.02,79,207
5,20,8,82.94,77.0,82,246
5,20,9,82.94,75.92,80,558
5,20,10,84.92,75.92,75,870
5,20,11,86.0,75.92,72,797
5,20,12,87.08,75.02,68,982
5,20,13,87.08,73.94,65,843
5,20,14,86.0,75.02,70,192
5,20,15,80.96,75.92,85,249
5,20,16,80.06,75.02,85,68
5,20,17,80.06,73.94,82,193
5,20,18,80.06,75.92,88,31
5,20,19,80.06,75.92,88,0
5,20,20,80.06,75.92,88,0
5,20,21,80.06,75.92,88,0
5,20,22,80.06,75.92,88,0
5,20,23,80.06,77.0,91,0
5,21,24,80.06,77.0,91,0
5,21,1,78.98,75.92,91,0
5,21,2,78.98,75.92,91,0
5,21,3,77.0,75.92,97,0
5,21,4,77.0,77.0,100,0
5,21,5,78.08,77.0,97,4
5,21,6,78.08,73.94,88,53
5,21,7,80.06,75.02,85,164
5,21,8,82.94,75.92,80,364
5,21,9,84.92,73.94,70,486
5,21,10,86.0,73.04,65,609
5,21,11,86.0,73.04,65,763
5,21,12,82.04,75.92,82,170
5,21,13,84.92,75.02,72,624
5,21,14,78.98,68.0,69,136
5,21,15,77.0,71.06,82,49
5,21,16,78.08,71.06,79,272
5,21,17,80.06,69.98,72,59
5,21,18,78.08,71.06,79,0
5,21,19,77.0,73.94,91,0
5,21,20,75.92,73.94,94,0
5,21,21,78.08,75.92,94,0
5,21,22,78.08,77.0,97,0
5,21,23,78.08,77.0,97,0
5,22,24,78.08,75.02,91,0
5,22,1,78.08,75.92,94,0
5,22,2,78.08,75.92,94,0
5,22,3,78.98,75.92,91,0
5,22,4,78.08,75.92,94,0
5,22,5,78.08,77.0,97,7
5,22,6,78.98,77.0,94,139
5,22,7,78.98,77.0,94,162
5,22,8,80.96,77.0,88,562
5,22,9,84.02,75.92,77,632
5,22,10,84.02,75.92,77,739
5,22,11,82.04,75.92,82,152
5,22,12,84.92,75.92,75,864
5,22,13,86.0,75.02,70,936
5,22,14,84.92,75.92,75,497
5,22,15,82.04,75.92,82,68
5,22,16,73.94,71.96,94,134
5,22,17,73.94,73.04,97,93
5,22,18,73.94,73.04,97,13
5,22,19,73.94,73.04,97,0
5,22,20,75.02,73.04,94,0
5,22,21,73.94,73.04,97,0
5,22,22,75.02,73.94,97,0
5,22,23,75.02,73.94,97,0
5,23,24,75.02,73.94,97,0
5,23,1,75.92,75.02,97,0
5,23,2,75.92,75.02,97,0
5,23,3,75.92,75.02,97,0
5,23,4,75.92,75.02,97,0
5,23,5,73.94,73.04,97,9
5,23,6,78.98,75.92,91,153
5,23,7,82.04,77.0,85,398
5,23,8,80.96,78.08,91,211
5,23,9,82.94,75.92,80,420
5,23,10,84.02,77.0,80,688
5,23,11,86.0,75.02,70,951
5,23,12,86.0,75.02,70,768
5,23,13,82.04,75.92,82,101
5,23,14,80.06,77.0,91,445
5,23,15,75.92,71.06,85,167
5,23,16,75.02,69.98,85,107
5,23,17,78.98,73.04,82,247
5,23,18,78.08,73.94,88,28
5,23,19,78.08,75.02,91,0
5,23,20,78.08,75.92,94,0
5,23,21,78.08,77.0,97,0
5,23,22,78.08,77.0,97,0
5,23,23,78.08,77.0,97,0
5,24,24,75.92,69.98,82,0
5,24,1,75.02,69.98,85,0
5,24,2,73.04,69.98,90,0
5,24,3,73.04,69.98,90,0
5,24,4,73.04,69.98,90,0
5,24,5,73.04,69.98,90,13
5,24,6,75.02,69.98,85,142
5,24,7,80.06,75.92,88,344
5,24,8,82.04,77.0,85,562
5,24,9,84.02,75.92,77,735
5,24,10,86.0,73.94,68,867
5,24,11,87.08,71.96,61,899
5,24,12,89.06,69.98,54,983
5,24,13,89.96,71.06,54,871
5,24,14,91.94,71.06,50,771
5,24,15,82.94,60.08,46,302
5,24,16,77.0,69.08,76,209
5,24,17,78.98,69.98,74,91
5,24,18,77.0,68.0,74,51
5,24,19,75.92,73.04,90,0
5,24,20,75.02,71.96,90,0
5,24,21,75.02,71.96,90,0
5,24,22,75.02,71.06,87,0
5,24,23,75.02,71.06,87,0
5,25,24,75.02,71.96,90,0
5,25,1,75.02,71.96,90,0
5,25,2,75.02,71.96,90,0
5,25,3,73.94,71.96,94,0
5,25,4,73.04,71.96,97,0
5,25,5,71.96,71.96,100,13
5,25,6,77.0,75.02,94,129
5,25,7,80.06,75.92,88,340
5,25,8,82.94,75.92,80,599
5,25,9,82.94,75.92,80,518
5,25,10,82.04,75.02,79,175
5,25,11,69.98,64.94,84,234
5,25,12,69.98,66.02,87,92
5,25,13,75.02,66.02,74,300
5,25,14,75.02,69.08,82,94
5,25,15,73.94,68.0,82,87
5,25,16,78.08,66.92,69,389
5,25,17,78.08,69.08,74,177
5,25,18,78.08,71.06,79,47
5,25,19,78.08,71.06,79,0
5,25,20,78.08,71.96,82,0
5,25,21,73.04,64.04,74,0
5,25,22,71.06,64.04,79,0
5,25,23,68.0,64.94,90,0
5,26,24,66.92,64.04,90,0
5,26,1,66.92,64.94,93,0
5,26,2,68.0,64.94,90,0
5,26,3,66.92,66.02,97,0
5,26,4,69.08,66.02,90,0
5,26,5,69.08,66.02,90,4
5,26,6,69.08,66.92,93,31
5,26,7,69.08,66.92,93,81
5,26,8,69.98,66.02,87,99
5,26,9,73.04,68.0,84,435
5,26,10,77.0,66.92,71,828
5,26,11,78.08,66.02,67,594
5,26,12,82.04,69.98,67,817
5,26,13,78.98,69.98,74,243
5,26,14,75.92,71.06,85,194
5,26,15,77.0,69.98,79,644
5,26,16,75.92,69.08,79,297
5,26,17,75.92,69.98,82,138
5,26,18,73.94,69.98,87,20
5,26,19,73.04,69.98,90,0
5,26,20,73.04,71.96,97,0
5,26,21,73.04,71.96,97,0
5,26,22,73.04,71.06,93,0
5,26,23,73.04,71.06,93,0
5,27,24,71.06,69.98,97,0
5,27,1,69.98,69.98,100,0
5,27,2,69.98,69.98,100,0
5,27,3,69.98,69.08,97,0
5,27,4,69.08,69.08,100,0
5,27,5,69.08,69.08,100,10
5,27,6,71.06,69.98,97,135
5,27,7,75.92,71.96,87,343
5,27,8,80.06,71.96,77,561
5,27,9,82.04,69.98,67,682
5,27,10,82.94,69.98,65,628
5,27,11,84.02,69.98,63,718
5,27,12,84.02,71.06,65,672
5,27,13,84.02,69.98,63,736
5,27,14,84.02,69.98,63,748
5,27,15,84.02,69.08,61,595
5,27,16,84.02,69.98,63,335
5,27,17,82.04,69.98,67,216
5,27,18,80.96,69.98,69,53
5,27,19,80.06,69.98,72,0
5,27,20,80.06,71.06,74,0
5,27,21,78.98,71.96,79,0
5,27,22,82.94,71.96,70,0
5,27,23,77.0,69.98,79,0
5,28,24,78.08,71.06,79,0
5,28,1,78.08,69.98,77,0
5,28,2,77.0,71.06,82,0
5,28,3,75.02,71.96,90,0
5,28,4,75.92,69.98,82,0
5,28,5,75.92,69.98,82,10
5,28,6,77.0,69.08,76,121
5,28,7,78.08,69.98,77,296
5,28,8,78.98,69.98,74,458
5,28,9,80.96,69.98,69,624
5,28,10,80.96,69.98,69,758
5,28,11,80.96,69.98,69,761
5,28,12,82.94,71.06,67,930
5,28,13,82.94,69.98,65,732
5,28,14,82.94,69.98,65,641
5,28,15,82.94,69.08,63,646
5,28,16,82.04,69.98,67,421
5,28,17,80.06,69.08,69,225
5,28,18,78.08,69.08,74,50
5,28,19,78.08,69.98,77,0
5,28,20,78.08,69.98,77,0
5,28,21,78.08,69.98,77,0
5,28,22,78.08,69.08,74,0
5,28,23,78.08,69.08,74,0
5,29,24,75.92,68.0,76,0
5,29,1,75.92,66.02,71,0
5,29,2,75.92,64.04,66,0
5,29,3,75.02,64.04,69,0
5,29,4,75.02,62.96,66,0
5,29,5,75.02,62.06,64,17
5,29,6,75.92,64.04,66,122
5,29,7,78.98,68.0,69,378
5,29,8,80.06,68.0,67,442
5,29,9,80.96,68.0,65,579
5,29,10,82.04,68.0,63,646
5,29,11,82.94,69.08,63,608
5,29,12,82.04,68.0,63,807
5,29,13,82.94,69.08,63,697
5,29,14,82.04,69.08,65,746
5,29,15,82.04,69.08,65,567
5,29,16,80.96,69.08,67,361
5,29,17,80.06,69.08,69,165
5,29,18,80.06,69.98,72,64
5,29,19,78.08,69.98,77,0
5,29,20,78.98,69.98,74,0
5,29,21,78.08,71.06,79,0
5,29,22,78.98,71.06,77,0
5,29,23,78.98,71.06,77,0
5,30,24,78.08,69.98,77,0
5,30,1,78.08,69.98,77,0
5,30,2,77.0,69.98,79,0
5,30,3,77.0,69.98,79,0
5,30,4,77.0,68.0,74,0
5,30,5,78.08,69.08,74,14
5,30,6,78.98,69.08,72,124
5,30,7,80.96,69.08,67,356
5,30,8,80.96,68.0,65,482
5,30,9,82.94,69.08,63,761
5,30,10,82.94,69.08,63,811
5,30,11,84.02,69.08,61,719
5,30,12,82.94,69.08,63,514
5,30,13,84.02,69.08,61,722
5,30,14,82.04,66.92,61,645
5,30,15,82.94,68.0,61,432
5,30,16,80.96,66.02,60,306
5,30,17,80.96,64.94,58,125
5,30,18,80.06,66.02,62,42
5,30,19,78.98,68.0,69,0
5,30,20,78.08,69.08,74,0
5,30,21,78.08,69.98,77,0
5,30,22,78.08,69.98,77,0
5,30,23,78.08,69.98,77,0
5,31,24,78.08,71.96,82,0
5,31,1,78.08,69.98,77,0
5,31,2,78.08,69.98,77,0
5,31,3,78.08,69.98,77,0
5,31,4,78.08,69.98,77,0
5,31,5,78.08,69.98,77,10
5,31,6,78.08,69.98,77,123
5,31,7,78.98,71.06,77,275
5,31,8,80.96,69.98,69,533
5,31,9,82.04,69.98,67,656
5,31,10,82.04,69.98,67,514
5,31,11,82.94,69.98,65,738
5,31,12,84.02,69.98,63,841
5,31,13,82.94,69.98,65,770
5,31,14,84.02,69.98,63,603
5,31,15,84.02,69.98,63,386
5,31,16,84.02,69.98,63,309
5,31,17,82.04,68.0,63,134
5,31,18,81.5,69.98,68,47
5,31,19,79.7,70.88,74,0
5,31,20,79.34,70.16,73,0
5,31,21,79.16,70.34,74,0
5,31,22,78.98,70.7,75,0
5,31,23,78.8,70.52,76,0
6,1,24,78.26,70.52,76,0
6,1,1,78.08,70.34,77,0
6,1,2,77.9,70.34,77,0
6,1,3,77.72,70.16,77,0
6,1,4,77.36,70.16,78,0
6,1,5,77.18,69.98,78,6
6,1,6,77.0,69.98,79,84
6,1,7,80.06,69.98,72,225
6,1,8,82.04,75.02,79,333
6,1,9,82.04,69.98,67,477
6,1,10,82.04,69.98,67,461
6,1,11,82.04,69.98,67,525
6,1,12,82.04,69.08,65,650
6,1,13,82.94,68.0,61,714
6,1,14,82.94,69.08,63,647
6,1,15,82.94,69.08,63,498
6,1,16,82.94,69.08,63,344
6,1,17,82.04,69.08,65,134
6,1,18,80.96,69.08,67,32
6,1,19,80.06,68.0,67,0
6,1,20,80.06,68.0,67,0
6,1,21,80.06,68.0,67,0
6,1,22,78.98,68.0,69,0
6,1,23,78.98,68.0,69,0
6,2,24,78.08,68.0,71,0
6,2,1,78.08,66.92,69,0
6,2,2,77.0,66.02,69,0
6,2,3,77.0,64.94,67,0
6,2,4,77.0,64.04,64,0
6,2,5,77.0,64.04,64,11
6,2,6,77.0,64.04,64,93
6,2,7,78.08,64.04,62,312
6,2,8,80.06,64.04,58,518
6,2,9,80.06,64.04,58,702
6,2,10,82.04,62.06,51,898
6,2,11,82.94,60.98,48,998
6,2,12,82.94,62.06,49,1010
6,2,13,82.94,60.08,46,963
6,2,14,84.02,60.08,44,801
6,2,15,82.04,60.98,49,574
6,2,16,82.04,60.08,47,361
6,2,17,80.96,60.08,49,213
6,2,18,80.06,60.98,52,49
6,2,19,78.98,60.98,54,0
6,2,20,78.08,62.06,58,0
6,2,21,78.08,62.96,60,0
6,2,22,78.08,62.96,60,0
6,2,23,78.08,64.04,62,0
6,3,24,77.0,64.04,64,0
6,3,1,75.92,62.96,64,0
6,3,2,77.0,64.04,64,0
6,3,3,75.92,62.96,64,0
6,3,4,75.92,62.96,64,0
6,3,5,75.92,62.96,64,13
6,3,6,77.0,62.96,62,122
6,3,7,78.98,60.98,54,349
6,3,8,80.06,62.06,54,570
6,3,9,80.06,62.06,54,742
6,3,10,82.04,62.06,51,858
6,3,11,84.02,60.08,44,866
6,3,12,84.02,62.06,48,785
6,3,13,84.02,62.96,49,649
6,3,14,82.94,64.04,53,484
6,3,15,82.94,64.04,53,488
6,3,16,82.04,66.02,58,379
6,3,17,82.04,66.92,61,225
6,3,18,80.06,66.92,65,32
6,3,19,78.98,66.92,67,1
6,3,20,78.98,66.92,67,0
6,3,21,78.98,66.92,67,0
6,3,22,78.98,66.92,67,0
6,3,23,78.98,66.92,67,0
6,4,24,78.08,66.92,69,0
6,4,1,78.08,66.92,69,0
6,4,2,78.08,66.92,69,0
6,4,3,78.08,68.0,71,0
6,4,4,78.08,68.0,71,0
6,4,5,78.08,68.0,71,15
6,4,6,78.08,68.0,71,72
6,4,7,78.98,68.0,69,206
6,4,8,80.06,69.08,69,416
6,4,9,80.96,69.98,69,461
6,4,10,80.96,69.98,69,431
6,4,11,80.96,69.98,69,467
6,4,12,82.04,71.06,69,552
6,4,13,82.94,71.06,67,397
6,4,14,82.04,71.06,69,450
6,4,15,82.04,71.06,69,296
6,4,16,82.04,71.06,69,122
6,4,17,80.96,71.06,72,110
6,4,18,80.06,73.04,79,18
6,4,19,78.98,71.96,79,0
6,4,20,80.06,73.04,79,0
6,4,21,78.08,71.96,82,0
6,4,22,78.08,73.04,85,0
6,4,23,78.08,73.04,85,0
6,5,24,78.08,71.96,82,0
6,5,1,78.08,71.96,82,0
6,5,2,78.08,71.06,79,0
6,5,3,78.08,69.98,77,0
6,5,4,78.08,71.96,82,0
6,5,5,78.08,71.06,79,7
6,5,6,78.08,75.02,91,82
6,5,7,78.98,73.04,82,249
6,5,8,78.98,73.04,82,437
6,5,9,82.04,75.02,79,582
6,5,10,82.04,71.96,72,327
6,5,11,78.08,73.04,85,183
6,5,12,78.08,73.04,85,187
6,5,13,78.08,73.04,85,356
6,5,14,77.0,71.06,82,244
6,5,15,77.0,71.06,82,249
6,5,16,77.0,71.06,82,52
6,5,17,77.0,73.04,88,106
6,5,18,77.0,73.04,88,35
6,5,19,75.92,71.06,85,1
6,5,20,75.02,69.98,85,0
6,5,21,75.02,69.98,85,0
6,5,22,75.02,69.98,85,0
6,5,23,75.02,69.98,85,0
6,6,24,75.02,69.98,85,0
6,6,1,75.02,69.98,85,0
6,6,2,75.02,69.98,85,0
6,6,3,75.02,69.98,85,0
6,6,4,75.02,71.06,87,0
6,6,5,75.02,69.98,85,16
6,6,6,75.02,71.96,90,68
6,6,7,75.02,73.04,94,286
6,6,8,78.98,71.96,79,382
6,6,9,80.06,71.06,74,514
6,6,10,82.04,71.96,72,826
6,6,11,84.02,69.98,63,887
6,6,12,84.92,71.06,63,903
6,6,13,87.08,69.98,57,880
6,6,14,87.98,68.0,52,817
6,6,15,87.98,66.02,48,672
6,6,16,87.98,66.92,50,461
6,6,17,84.92,73.94,70,208
6,6,18,84.02,75.02,74,66
6,6,19,82.94,73.04,72,0
6,6,20,80.96,66.92,63,0
6,6,21,78.98,66.92,67,0
6,6,22,77.0,66.92,71,0
6,6,23,75.92,66.92,74,0
6,7,24,75.92,68.0,76,0
6,7,1,75.02,69.08,82,0
6,7,2,73.94,69.08,84,0
6,7,3,73.94,69.08,84,0
6,7,4,73.94,69.08,84,0
6,7,5,73.94,69.08,84,15
6,7,6,73.94,69.98,87,118
6,7,7,77.0,69.98,79,335
6,7,8,80.06,69.08,69,548
6,7,9,82.94,68.0,61,695
6,7,10,84.92,64.94,51,797
6,7,11,86.0,66.92,53,812
6,7,12,84.92,69.08,59,686
6,7,13,84.92,69.98,61,563
6,7,14,84.92,69.08,59,641
6,7,15,84.92,68.0,57,565
6,7,16,84.92,69.08,59,293
6,7,17,84.02,68.0,59,214
6,7,18,82.94,69.08,63,49
6,7,19,82.04,71.06,69,0
6,7,20,80.96,69.98,69,0
6,7,21,80.06,69.08,69,0
6,7,22,78.08,68.0,71,0
6,7,23,75.92,68.0,76,0
6,8,24,75.92,69.08,79,0
6,8,1,75.02,68.0,79,0
6,8,2,75.02,68.0,79,0
6,8,3,73.94,68.0,82,0
6,8,4,71.96,66.92,84,0
6,8,5,71.96,66.92,84,15
6,8,6,73.04,68.0,84,123
6,8,7,77.0,68.0,74,330
6,8,8,80.06,66.92,65,546
6,8,9,82.94,66.02,57,730
6,8,10,84.92,62.96,48,871
6,8,11,86.0,60.98,43,872
6,8,12,87.08,60.98,42,863
6,8,13,87.98,60.98,40,777
6,8,14,87.98,66.92,50,728
6,8,15,87.08,66.92,52,504
6,8,16,86.0,66.02,51,467
6,8,17,84.92,64.94,51,153
6,8,18,82.94,64.94,55,57
6,8,19,82.94,66.02,57,1
6,8,20,82.04,66.92,61,0
6,8,21,82.04,66.92,61,0
6,8,22,80.06,66.92,65,0
6,8,23,80.06,66.92,65,0
6,9,24,78.98,68.0,69,0
6,9,1,78.08,69.08,74,0
6,9,2,75.92,68.0,76,0
6,9,3,75.02,69.08,82,0
6,9,4,73.94,68.0,82,0
6,9,5,73.94,68.0,82,14
6,9,6,73.94,69.98,87,106
6,9,7,75.02,73.04,94,328
6,9,8,80.96,71.96,74,541
6,9,9,84.92,68.0,57,710
6,9,10,84.92,66.92,55,833
6,9,11,87.08,62.96,45,929
6,9,12,87.08,60.98,42,895
6,9,13,87.98,60.98,40,828
6,9,14,89.96,59.0,35,784
6,9,15,89.96,59.0,35,595
6,9,16,89.06,59.0,36,407
6,9,17,86.0,68.0,55,208
6,9,18,84.92,68.0,57,49
6,9,19,84.02,69.08,61,0
6,9,20,82.94,69.08,63,0
6,9,21,80.96,69.08,67,0
6,9,22,80.06,68.0,67,0
6,9,23,78.08,68.0,71,0
6,10,24,77.0,68.0,74,0
6,10,1,75.92,68.0,76,0
6,10,2,75.92,68.0,76,0
6,10,3,75.02,75.02,100,0
6,10,4,75.02,68.0,79,0
6,10,5,73.94,68.0,82,15
6,10,6,75.02,68.0,79,129
6,10,7,78.98,68.0,69,341
6,10,8,80.96,66.92,63,504
6,10,9,84.92,69.98,61,647
6,10,10,84.92,69.08,59,760
6,10,11,87.08,69.08,55,772
6,10,12,87.98,68.0,52,743
6,10,13,86.0,71.06,61,538
6,10,14,82.04,69.98,67,321
6,10,15,78.08,71.06,79,218
6,10,16,78.08,69.98,77,224
6,10,17,78.08,69.08,74,210
6,10,18,78.08,69.08,74,42
6,10,19,78.08,69.08,74,2
6,10,20,78.08,69.08,74,0
6,10,21,78.08,69.08,74,0
6,10,22,78.08,69.08,74,0
6,10,23,78.08,71.06,79,0
6,11,24,75.02,69.98,85,0
6,11,1,73.94,69.08,84,0
6,11,2,73.94,69.08,84,0
6,11,3,73.94,69.08,84,0
6,11,4,73.94,69.98,87,0
6,11,5,73.94,69.98,87,1
6,11,6,73.94,69.98,87,58
6,11,7,75.02,69.98,85,180
6,11,8,75.92,69.98,82,258
6,11,9,78.98,71.96,79,292
6,11,10,80.96,71.96,74,378
6,11,11,82.94,69.98,65,353
6,11,12,82.94,69.98,65,362
6,11,13,80.06,71.06,74,475
6,11,14,84.02,73.94,72,691
6,11,15,84.02,73.04,70,653
6,11,16,84.02,69.98,63,463
6,11,17,84.02,69.08,61,250
6,11,18,82.04,69.08,65,68
6,11,19,80.06,69.98,72,2
6,11,20,80.06,71.06,74,0
6,11,21,78.98,71.96,79,0
6,11,22,77.0,71.06,82,0
6,11,23,75.92,69.98,82,0
6,12,24,75.02,68.0,79,0
6,12,1,75.02,69.08,82,0
6,12,2,75.02,71.06,87,0
6,12,3,75.02,69.98,85,0
6,12,4,75.02,71.96,90,0
6,12,5,75.02,69.98,85,10
6,12,6,75.92,73.04,90,101
6,12,7,80.96,71.96,74,308
6,12,8,84.02,71.96,67,524
6,12,9,84.92,75.92,75,736
6,12,10,84.92,75.02,72,875
6,12,11,82.04,73.04,74,618
6,12,12,84.02,73.04,70,648
6,12,13,84.02,71.06,65,367
6,12,14,89.06,75.02,63,551
6,12,15,82.94,73.94,74,310
6,12,16,84.02,75.02,74,270
6,12,17,84.02,73.94,72,112
6,12,18,82.94,75.02,77,37
6,12,19,82.04,73.94,77,1
6,12,20,82.04,75.02,79,0
6,12,21,77.0,69.08,76,0
6,12,22,77.0,69.08,76,0
6,12,23,77.0,69.98,79,0
6,13,24,75.92,69.98,82,0
6,13,1,75.02,69.98,85,0
6,13,2,75.02,69.98,85,0
6,13,3,75.02,69.98,85,0
6,13,4,75.02,69.08,82,0
6,13,5,75.02,69.08,82,7
6,13,6,75.02,69.98,85,79
6,13,7,78.98,71.06,77,284
6,13,8,82.04,73.94,77,506
6,13,9,84.02,69.98,63,670
6,13,10,86.0,71.06,61,626
6,13,11,84.92,71.06,63,749
6,13,12,84.92,69.98,61,894
6,13,13,84.92,71.96,65,541
6,13,14,82.94,66.92,59,688
6,13,15,86.0,69.98,59,537
6,13,16,84.92,73.94,70,316
6,13,17,84.02,69.98,63,95
6,13,18,82.94,69.98,65,41
6,13,19,80.96,69.98,69,1
6,13,20,78.08,69.98,77,0
6,13,21,78.08,69.98,77,0
6,13,22,77.0,69.98,79,0
6,13,23,77.0,69.98,79,0
6,14,24,75.92,69.98,82,0
6,14,1,75.02,69.98,85,0
6,14,2,75.02,69.08,82,0
6,14,3,75.02,69.08,82,0
6,14,4,73.94,68.0,82,0
6,14,5,73.94,68.0,82,11
6,14,6,75.02,68.0,79,111
6,14,7,78.98,68.0,69,308
6,14,8,82.04,69.08,65,516
6,14,9,84.02,69.98,63,681
6,14,10,84.92,69.08,59,723
6,14,11,86.0,69.08,57,874
6,14,12,86.0,69.08,57,962
6,14,13,87.08,68.0,53,927
6,14,14,87.98,69.08,53,824
6,14,15,86.0,68.0,55,629
6,14,16,84.92,66.92,55,318
6,14,17,84.02,69.08,61,213
6,14,18,82.94,69.08,63,40
6,14,19,82.04,69.08,65,1
6,14,20,80.96,68.0,65,0
6,14,21,80.06,68.0,67,0
6,14,22,80.06,69.08,69,0
6,14,23,78.98,69.08,72,0
6,15,24,78.08,69.08,74,0
6,15,1,78.08,69.08,74,0
6,15,2,78.08,69.08,74,0
6,15,3,78.08,69.08,74,0
6,15,4,78.08,69.08,74,0
6,15,5,78.08,69.08,74,12
6,15,6,77.0,68.0,74,90
6,15,7,78.08,69.08,74,171
6,15,8,77.0,69.08,76,341
6,15,9,80.96,71.06,72,681
6,15,10,84.02,71.06,65,883
6,15,11,84.02,71.06,65,955
6,15,12,86.0,69.98,59,981
6,15,13,86.0,69.08,57,928
6,15,14,86.0,69.08,57,722
6,15,15,86.0,69.08,57,546
6,15,16,84.92,69.08,59,335
6,15,17,84.02,69.08,61,237
6,15,18,82.94,69.08,63,38
6,15,19,82.04,69.08,65,2
6,15,20,82.04,69.08,65,0
6,15,21,80.96,69.98,69,0
6,15,22,80.06,71.06,74,0
6,15,23,78.98,69.98,74,0
6,16,24,80.06,69.98,72,0
6,16,1,78.08,68.0,71,0
6,16,2,78.08,68.0,71,0
6,16,3,78.08,69.08,74,0
6,16,4,78.08,69.98,77,0
6,16,5,78.08,69.98,77,9
6,16,6,78.08,69.98,77,92
6,16,7,80.96,71.06,72,271
6,16,8,82.94,71.06,67,453
6,16,9,84.92,69.98,61,675
6,16,10,86.0,71.96,63,821
6,16,11,87.08,69.98,57,938
6,16,12,87.08,69.98,57,886
6,16,13,87.08,69.98,57,396
6,16,14,86.0,69.98,59,535
6,16,15,86.0,69.98,59,348
6,16,16,84.92,69.98,61,246
6,16,17,84.92,69.98,61,160
6,16,18,84.02,69.98,63,41
6,16,19,82.94,69.98,65,2
6,16,20,80.96,69.98,69,0
6,16,21,80.96,69.98,69,0
6,16,22,80.96,71.96,74,0
6,16,23,80.96,69.98,69,0
6,17,24,80.96,71.06,72,0
6,17,1,80.96,73.94,79,0
6,17,2,80.96,71.06,72,0
6,17,3,80.96,73.94,79,0
6,17,4,77.0,69.98,79,0
6,17,5,77.0,73.04,88,7
6,17,6,77.0,73.04,88,50
6,17,7,77.0,69.98,79,165
6,17,8,82.94,71.06,67,287
6,17,9,84.02,73.04,70,557
6,17,10,84.02,71.06,65,382
6,17,11,84.02,71.06,65,342
6,17,12,84.92,71.06,63,432
6,17,13,84.02,69.98,63,562
6,17,14,82.94,71.96,70,538
6,17,15,82.94,71.06,67,385
6,17,16,82.94,69.98,65,364
6,17,17,82.04,69.98,67,97
6,17,18,82.04,69.98,67,39
6,17,19,80.96,69.98,69,1
6,17,20,80.06,71.96,77,0
6,17,21,80.06,69.98,72,0
6,17,22,80.06,69.98,72,0
6,17,23,80.06,69.98,72,0
6,18,24,80.06,71.06,74,0
6,18,1,80.06,73.94,82,0
6,18,2,80.06,71.06,74,0
6,18,3,78.98,71.06,77,0
6,18,4,78.98,71.06,77,0
6,18,5,78.08,71.06,79,6
6,18,6,77.0,71.06,82,64
6,18,7,82.04,73.94,77,279
6,18,8,82.94,69.98,65,472
6,18,9,84.92,69.98,61,657
6,18,10,86.0,69.98,59,757
6,18,11,84.92,69.98,61,683
6,18,12,87.08,69.98,57,894
6,18,13,87.98,69.98,55,739
6,18,14,87.98,69.98,55,811
6,18,15,87.08,69.98,57,623
6,18,16,87.08,69.98,57,366
6,18,17,84.92,69.98,61,165
6,18,18,84.92,69.98,61,46
6,18,19,82.94,69.98,65,2
6,18,20,82.04,69.98,67,0
6,18,21,80.96,69.98,69,0
6,18,22,80.96,69.98,69,0
6,18,23,80.06,71.06,74,0
6,19,24,80.06,69.98,72,0
6,19,1,80.06,69.98,72,0
6,19,2,78.08,69.98,77,0
6,19,3,77.0,69.98,79,0
6,19,4,75.92,69.98,82,0
6,19,5,75.92,69.98,82,10
6,19,6,78.08,69.98,77,89
6,19,7,80.96,69.98,69,334
6,19,8,84.02,75.02,74,459
6,19,9,84.92,69.98,61,589
6,19,10,87.08,69.98,57,661
6,19,11,86.0,69.98,59,699
6,19,12,86.0,69.98,59,830
6,19,13,87.08,69.98,57,903
6,19,14,87.08,69.98,57,810
6,19,15,87.08,69.98,57,643
6,19,16,87.08,69.98,57,475
6,19,17,86.0,69.98,59,259
6,19,18,84.92,69.98,61,51
6,19,19,82.94,69.98,65,2
6,19,20,82.04,69.98,67,0
6,19,21,80.96,69.08,67,0
6,19,22,80.96,69.08,67,0
6,19,23,80.96,69.08,67,0
6,20,24,80.96,69.98,69,0
6,20,1,80.96,69.98,69,0
6,20,2,80.96,69.98,69,0
6,20,3,80.06,69.98,72,0
6,20,4,78.98,69.98,74,0
6,20,5,77.0,69.98,79,15
6,20,6,78.98,69.98,74,97
6,20,7,82.04,69.98,67,239
6,20,8,84.92,69.98,61,443
6,20,9,84.92,69.98,61,695
6,20,10,86.0,69.98,59,725
6,20,11,87.08,69.98,57,796
6,20,12,87.98,69.98,55,974
6,20,13,87.98,71.06,57,953
6,20,14,89.06,69.98,54,832
6,20,15,87.98,69.98,55,682
6,20,16,87.98,69.98,55,493
6,20,17,87.08,69.98,57,233
6,20,18,84.92,69.98,61,71
6,20,19,84.92,69.98,61,2
6,20,20,84.02,69.98,63,0
6,20,21,84.02,71.06,65,0
6,20,22,82.94,69.98,65,0
6,20,23,80.96,69.98,69,0
6,21,24,80.96,69.98,69,0
6,21,1,80.96,69.98,69,0
6,21,2,80.96,69.98,69,0
6,21,3,80.96,69.98,69,0
6,21,4,80.96,69.98,69,0
6,21,5,80.96,69.98,69,11
6,21,6,82.04,73.04,74,106
6,21,7,82.94,71.06,67,291
6,21,8,84.92,73.04,67,380
6,21,9,86.0,73.94,68,535
6,21,10,87.08,73.04,63,837
6,21,11,87.98,71.06,57,926
6,21,12,87.98,71.06,57,958
6,21,13,89.06,69.98,54,564
6,21,14,86.0,71.06,61,606
6,21,15,87.08,71.06,59,384
6,21,16,87.08,71.06,59,300
6,21,17,86.0,69.98,59,127
6,21,18,84.92,69.98,61,19
6,21,19,80.96,71.96,74,2
6,21,20,78.98,69.98,74,0
6,21,21,78.98,69.98,74,0
6,21,22,78.98,71.06,77,0
6,21,23,78.98,71.06,77,0
6,22,24,78.98,71.06,77,0
6,22,1,78.98,71.96,79,0
6,22,2,78.98,73.04,82,0
6,22,3,78.98,71.06,77,0
6,22,4,80.06,73.94,82,0
6,22,5,80.06,75.02,85,9
6,22,6,80.96,71.96,74,86
6,22,7,82.94,73.94,74,242
6,22,8,84.92,73.04,67,410
6,22,9,84.92,73.04,67,443
6,22,10,86.0,71.96,63,482
6,22,11,89.06,73.94,61,712
6,22,12,89.06,73.04,59,925
6,22,13,86.0,75.92,72,896
6,22,14,87.08,75.92,70,717
6,22,15,86.0,75.92,72,412
6,22,16,86.0,75.92,72,291
6,22,17,84.92,75.92,75,129
6,22,18,84.02,75.92,77,50
6,22,19,84.02,77.0,80,5
6,22,20,84.02,77.0,80,0
6,22,21,84.02,75.92,77,0
6,22,22,82.94,77.0,82,0
6,22,23,82.94,75.92,80,0
6,23,24,80.96,77.0,88,0
6,23,1,78.98,75.02,88,0
6,23,2,78.08,75.02,91,0
6,23,3,78.08,75.02,91,0
6,23,4,78.08,73.94,88,0
6,23,5,77.0,73.94,91,11
6,23,6,77.0,75.02,94,102
6,23,7,80.96,77.0,88,301
6,23,8,84.02,75.92,77,508
6,23,9,84.92,75.02,72,627
6,23,10,87.98,73.04,61,641
6,23,11,87.08,73.94,65,323
6,23,12,75.92,71.06,85,234
6,23,13,75.92,75.02,97,279
6,23,14,75.92,75.02,97,208
6,23,15,77.0,75.92,97,131
6,23,16,78.08,75.92,94,216
6,23,17,78.08,75.92,94,120
6,23,18,77.0,75.92,97,11
6,23,19,77.0,75.92,97,0
6,23,20,77.0,75.92,97,0
6,23,21,77.0,75.92,97,0
6,23,22,77.0,75.02,94,0
6,23,23,78.08,75.02,91,0
6,24,24,77.0,73.94,91,0
6,24,1,77.0,73.04,88,0
6,24,2,77.0,73.04,88,0
6,24,3,77.0,73.04,88,0
6,24,4,77.0,73.94,91,0
6,24,5,77.0,73.94,91,8
6,24,6,77.0,73.94,91,80
6,24,7,80.06,75.92,88,224
6,24,8,84.02,75.92,77,379
6,24,9,84.92,75.92,75,627
6,24,10,87.08,75.92,70,753
6,24,11,87.98,73.94,63,831
6,24,12,87.98,73.94,63,794
6,24,13,89.06,73.94,61,596
6,24,14,86.0,75.92,72,630
6,24,15,77.0,73.94,91,243
6,24,16,75.92,73.94,94,150
6,24,17,77.0,73.94,91,73
6,24,18,77.0,73.94,91,23
6,24,19,75.92,73.94,94,2
6,24,20,75.02,71.96,90,0
6,24,21,77.0,71.96,85,0
6,24,22,77.0,71.96,85,0
6,24,23,78.08,71.96,82,0
6,25,24,78.08,75.02,91,0
6,25,1,78.08,75.02,91,0
6,25,2,78.08,75.02,91,0
6,25,3,78.08,75.02,91,0
6,25,4,77.0,75.02,94,0
6,25,5,77.0,73.94,91,7
6,25,6,78.08,73.04,85,90
6,25,7,82.04,75.02,79,285
6,25,8,84.92,75.02,72,496
6,25,9,86.0,77.0,75,672
6,25,10,87.08,75.92,70,682
6,25,11,87.98,75.92,68,505
6,25,12,78.98,73.94,85,204
6,25,13,80.96,73.04,77,290
6,25,14,82.04,73.04,74,359
6,25,15,82.94,75.02,77,273
6,25,16,78.08,73.94,88,123
6,25,17,78.08,71.06,79,70
6,25,18,78.08,69.98,77,42
6,25,19,78.08,71.96,82,4
6,25,20,78.08,71.96,82,0
6,25,21,78.08,73.94,88,0
6,25,22,78.08,73.04,85,0
6,25,23,78.08,73.04,85,0
6,26,24,78.08,73.04,85,0
6,26,1,78.08,73.04,85,0
6,26,2,78.08,73.04,85,0
6,26,3,78.08,75.92,94,0
6,26,4,78.08,75.92,94,0
6,26,5,78.08,75.92,94,14
6,26,6,78.08,77.0,97,96
6,26,7,82.04,77.0,85,296
6,26,8,84.02,77.0,80,504
6,26,9,86.0,78.08,77,633
6,26,10,89.06,78.08,70,748
6,26,11,87.98,77.0,70,864
6,26,12,89.06,77.0,68,749
6,26,13,89.06,77.0,68,774
6,26,14,89.06,78.98,72,796
6,26,15,89.06,78.08,70,615
6,26,16,89.06,78.08,70,332
6,26,17,84.92,69.08,59,192
6,26,18,84.92,69.98,61,71
6,26,19,84.92,73.94,70,3
6,26,20,84.92,77.0,77,0
6,26,21,84.02,77.0,80,0
6,26,22,84.02,77.0,80,0
6,26,23,82.94,77.0,82,0
6,27,24,82.04,77.0,85,0
6,27,1,80.96,77.0,88,0
6,27,2,78.98,77.0,94,0
6,27,3,78.98,77.0,94,0
6,27,4,78.98,77.0,94,0
6,27,5,78.98,77.0,94,12
6,27,6,78.98,77.0,94,103
6,27,7,82.04,78.08,88,294
6,27,8,84.92,78.08,80,516
6,27,9,86.0,75.92,72,691
6,27,10,87.98,75.02,65,794
6,27,11,89.06,75.92,66,803
6,27,12,89.06,78.08,70,749
6,27,13,87.08,78.08,75,812
6,27,14,89.96,78.08,68,786
6,27,15,89.06,78.08,70,636
6,27,16,89.06,77.0,68,450
6,27,17,89.06,77.0,68,246
6,27,18,87.98,75.92,68,75
6,27,19,87.08,75.02,68,4
6,27,20,86.0,75.02,70,0
6,27,21,84.92,75.92,75,0
6,27,22,84.02,75.92,77,0
6,27,23,82.94,75.92,80,0
6,28,24,82.04,75.92,82,0
6,28,1,80.96,75.92,85,0
6,28,2,80.96,77.0,88,0
6,28,3,80.06,77.0,91,0
6,28,4,80.06,77.0,91,0
6,28,5,78.98,77.0,94,18
6,28,6,78.98,75.92,91,103
6,28,7,82.94,75.92,80,284
6,28,8,84.92,77.0,77,448
6,28,9,87.98,75.92,68,517
6,28,10,87.98,73.94,63,611
6,28,11,89.96,73.04,57,803
6,28,12,91.04,73.94,58,791
6,28,13,91.04,71.96,54,682
6,28,14,93.02,73.04,52,596
6,28,15,89.96,75.02,61,477
6,28,16,89.06,75.02,63,442
6,28,17,89.06,78.08,70,90
6,28,18,84.02,64.94,53,31
6,28,19,78.98,64.94,62,5
6,28,20,80.06,62.96,56,0
6,28,21,80.96,62.96,54,0
6,28,22,80.06,66.92,65,0
6,28,23,80.06,69.98,72,0
6,29,24,80.06,73.94,82,0
6,29,1,80.06,75.02,85,0
6,29,2,80.06,73.94,82,0
6,29,3,78.08,73.04,85,0
6,29,4,78.08,73.04,85,0
6,29,5,78.08,71.06,79,10
6,29,6,80.06,69.98,72,58
6,29,7,82.94,75.02,77,217
6,29,8,84.92,73.04,67,338
6,29,9,86.0,73.04,65,525
6,29,10,89.06,73.04,59,732
6,29,11,89.96,73.04,57,682
6,29,12,84.92,73.04,67,280
6,29,13,82.04,69.98,67,608
6,29,14,82.04,71.06,69,382
6,29,15,82.94,71.06,67,450
6,29,16,82.04,71.96,72,208
6,29,17,82.94,73.04,72,129
6,29,18,82.04,71.06,69,52
6,29,19,80.96,71.06,72,1
6,29,20,80.06,71.06,74,0
6,29,21,78.98,71.06,77,0
6,29,22,78.98,71.96,79,0
6,29,23,78.98,71.96,79,0
6,30,24,78.98,71.96,79,0
6,30,1,78.98,71.96,79,0
6,30,2,77.0,73.94,91,0
6,30,3,77.0,71.96,85,0
6,30,4,77.0,71.96,85,0
6,30,5,75.92,71.96,87,10
6,30,6,77.0,71.96,85,99
6,30,7,84.02,78.08,82,260
6,30,8,84.92,77.0,77,214
6,30,9,84.02,78.08,82,378
6,30,10,84.92,78.08,80,355
6,30,11,84.92,78.98,82,404
6,30,12,82.04,75.02,79,326
6,30,13,82.04,75.92,82,463
6,30,14,82.94,75.02,77,381
6,30,15,80.06,71.96,77,294
6,30,16,80.06,71.06,74,130
6,30,17,80.06,71.06,74,86
6,30,18,80.78,71.6,73,22
6,30,19,80.78,74.3,80,3
6,30,20,79.52,73.94,83,0
6,30,21,79.16,74.12,84,0
6,30,22,79.52,74.66,85,0
6,30,23,79.7,75.02,85,0
7,1,24,80.42,74.84,83,0
7,1,1,80.6,74.66,82,0
7,1,2,80.96,74.48,80,0
7,1,3,79.52,74.3,84,0
7,1,4,79.34,75.02,86,0
7,1,5,78.44,74.12,86,12
7,1,6,80.96,75.02,82,67
7,1,7,80.06,71.96,77,108
7,1,8,78.08,73.04,85,196
7,1,9,80.96,73.94,79,326
7,1,10,80.96,73.94,79,434
7,1,11,84.02,75.02,74,882
7,1,12,87.08,73.04,63,919
7,1,13,87.08,73.04,63,760
7,1,14,87.08,71.96,61,824
7,1,15,86.0,73.04,65,647
7,1,16,84.92,71.06,63,402
7,1,17,84.92,69.98,61,223
7,1,18,82.94,71.06,67,63
7,1,19,82.94,71.96,70,4
7,1,20,80.06,73.04,79,0
7,1,21,78.98,73.94,85,0
7,1,22,78.98,73.94,85,0
7,1,23,78.08,73.94,88,0
7,2,24,78.08,73.04,85,0
7,2,1,77.0,71.96,85,0
7,2,2,75.92,73.04,90,0
7,2,3,75.92,73.04,90,0
7,2,4,75.92,73.04,90,0
7,2,5,77.0,73.94,90,11
7,2,6,78.08,73.94,88,68
7,2,7,80.96,73.94,79,241
7,2,8,84.02,71.06,65,455
7,2,9,86.0,71.06,61,696
7,2,10,87.08,73.04,63,828
7,2,11,86.0,71.96,63,979
7,2,12,87.08,73.04,63,958
7,2,13,87.08,73.94,65,932
7,2,14,87.98,71.96,59,867
7,2,15,87.08,73.04,63,693
7,2,16,86.0,73.94,68,479
7,2,17,84.92,73.04,67,221
7,2,18,82.94,73.04,72,77
7,2,19,82.04,73.04,74,5
7,2,20,82.04,73.04,74,0
7,2,21,82.04,71.06,69,0
7,2,22,82.04,71.96,72,0
7,2,23,82.04,73.04,74,0
7,3,24,80.06,73.04,79,0
7,3,1,78.98,73.04,82,0
7,3,2,78.98,73.04,82,0
7,3,3,78.08,73.94,88,0
7,3,4,78.08,73.94,88,0
7,3,5,78.98,73.94,85,10
7,3,6,80.96,75.02,82,90
7,3,7,82.94,75.02,77,280
7,3,8,84.92,73.94,70,462
7,3,9,86.0,73.94,68,669
7,3,10,87.08,73.04,63,854
7,3,11,87.98,71.06,57,931
7,3,12,87.98,73.94,63,978
7,3,13,87.98,73.94,63,962
7,3,14,89.06,75.02,64,845
7,3,15,87.98,73.94,63,692
7,3,16,87.98,71.96,59,497
7,3,17,84.92,71.96,65,189
7,3,18,84.02,73.94,72,34
7,3,19,82.94,73.94,74,2
7,3,20,82.94,73.94,74,0
7,3,21,82.94,73.94,74,0
7,3,22,82.04,73.04,74,0
7,3,23,82.04,75.02,79,0
7,4,24,80.96,75.02,82,0
7,4,1,80.06,75.02,85,0
7,4,2,80.96,75.02,82,0
7,4,3,78.08,75.02,91,0
7,4,4,78.08,73.94,88,0
7,4,5,78.08,73.94,88,9
7,4,6,80.06,75.02,85,90
7,4,7,82.94,75.02,77,304
7,4,8,84.92,73.94,70,448
7,4,9,87.08,73.94,65,540
7,4,10,87.98,71.96,59,677
7,4,11,89.96,71.06,54,886
7,4,12,89.96,73.94,60,1012
7,4,13,89.96,73.94,60,999
7,4,14,87.98,75.92,68,828
7,4,15,87.08,71.96,61,538
7,4,16,87.08,73.04,63,404
7,4,17,86.0,73.94,68,219
7,4,18,84.92,73.94,70,46
7,4,19,84.02,75.02,74,5
7,4,20,82.94,73.94,74,0
7,4,21,82.94,73.94,74,0
7,4,22,82.04,75.02,79,0
7,4,23,80.96,75.02,82,0
7,5,24,80.06,75.02,85,0
7,5,1,80.06,75.02,85,0
7,5,2,78.98,75.02,88,0
7,5,3,78.98,75.92,91,0
7,5,4,78.98,75.02,88,0
7,5,5,78.08,75.02,91,6
7,5,6,78.98,75.92,91,80
7,5,7,84.02,75.92,77,302
7,5,8,86.0,73.94,68,530
7,5,9,87.98,71.06,57,685
7,5,10,89.06,73.04,59,697
7,5,11,89.96,71.96,56,602
7,5,12,84.92,71.96,65,684
7,5,13,89.06,75.92,66,617
7,5,14,77.0,71.06,82,246
7,5,15,80.06,75.02,85,310
7,5,16,78.08,71.06,79,104
7,5,17,77.0,71.06,82,145
7,5,18,77.0,73.04,87,51
7,5,19,77.0,73.04,87,1
7,5,20,77.0,73.04,87,0
7,5,21,77.0,73.94,90,0
7,5,22,77.0,73.94,90,0
7,5,23,77.0,73.94,90,0
7,6,24,78.08,71.96,82,0
7,6,1,75.92,73.04,90,0
7,6,2,75.92,71.96,87,0
7,6,3,75.92,71.96,87,0
7,6,4,75.92,71.96,87,0
7,6,5,75.92,71.96,87,9
7,6,6,78.08,71.96,82,108
7,6,7,80.96,73.94,79,241
7,6,8,84.02,73.94,72,504
7,6,9,86.0,73.04,65,442
7,6,10,86.0,73.04,65,574
7,6,11,80.96,73.04,77,366
7,6,12,80.06,73.04,79,222
7,6,13,77.0,73.04,87,423
7,6,14,80.06,73.04,79,309
7,6,15,80.06,73.04,79,362
7,6,16,80.96,73.04,77,175
7,6,17,82.04,73.94,77,117
7,6,18,82.04,73.94,77,27
7,6,19,78.08,73.04,85,3
7,6,20,78.08,73.94,88,0
7,6,21,75.02,73.04,94,0
7,6,22,75.02,73.04,94,0
7,6,23,75.02,73.04,94,0
7,7,24,75.92,73.94,94,0
7,7,1,75.92,73.04,90,0
7,7,2,75.92,73.94,94,0
7,7,3,75.92,73.04,90,0
7,7,4,75.02,73.04,94,0
7,7,5,75.92,73.04,90,11
7,7,6,75.92,73.04,90,82
7,7,7,80.06,73.04,79,274
7,7,8,82.04,73.04,74,495
7,7,9,84.02,73.04,70,698
7,7,10,86.0,71.96,63,539
7,7,11,84.92,73.94,70,392
7,7,12,77.0,71.06,82,226
7,7,13,75.92,71.96,87,573
7,7,14,78.08,73.94,88,590
7,7,15,80.96,73.94,79,553
7,7,16,82.04,75.02,79,260
7,7,17,82.04,75.02,79,139
7,7,18,82.04,75.02,79,64
7,7,19,78.98,73.04,82,3
7,7,20,78.08,71.06,79,0
7,7,21,78.08,73.04,85,0
7,7,22,77.0,73.04,87,0
7,7,23,77.0,75.02,94,0
7,8,24,77.0,73.94,90,0
7,8,1,75.92,73.94,94,0
7,8,2,75.02,73.94,97,0
7,8,3,75.02,73.94,97,0
7,8,4,73.94,73.04,97,0
7,8,5,73.94,73.04,97,12
7,8,6,75.02,73.94,97,87
7,8,7,78.98,75.92,91,292
7,8,8,82.04,75.02,79,516
7,8,9,84.92,73.04,67,708
7,8,10,87.08,73.04,63,868
7,8,11,87.98,71.96,59,973
7,8,12,87.98,71.96,59,1005
7,8,13,89.96,71.06,54,974
7,8,14,89.96,71.06,54,696
7,8,15,82.94,73.04,72,314
7,8,16,82.04,71.96,72,153
7,8,17,75.02,71.96,90,58
7,8,18,77.0,73.94,90,40
7,8,19,75.92,71.96,87,0
7,8,20,75.92,71.06,85,0
7,8,21,75.92,73.04,90,0
7,8,22,75.92,71.96,87,0
7,8,23,75.92,71.96,87,0
7,9,24,75.92,73.04,90,0
7,9,1,75.92,71.96,87,0
7,9,2,75.02,71.06,87,0
7,9,3,77.0,71.06,82,0
7,9,4,75.02,71.06,87,0
7,9,5,75.02,71.06,87,6
7,9,6,77.0,71.96,85,88
7,9,7,80.06,73.94,82,270
7,9,8,82.94,75.92,80,484
7,9,9,77.0,69.98,79,523
7,9,10,84.92,73.94,70,720
7,9,11,82.94,73.04,72,543
7,9,12,80.96,75.02,82,699
7,9,13,82.04,75.02,79,637
7,9,14,84.02,73.94,72,503
7,9,15,87.08,73.94,65,599
7,9,16,87.98,71.96,59,422
7,9,17,87.08,73.04,63,265
7,9,18,82.94,73.04,72,57
7,9,19,80.96,73.94,79,1
7,9,20,82.04,73.04,74,0
7,9,21,80.96,75.02,82,0
7,9,22,80.96,73.94,79,0
7,9,23,80.06,75.02,85,0
7,10,24,78.98,73.94,85,0
7,10,1,78.08,73.94,88,0
7,10,2,78.08,73.94,88,0
7,10,3,77.0,73.04,87,0
7,10,4,77.0,73.94,90,0
7,10,5,75.92,73.94,94,11
7,10,6,78.98,75.02,88,109
7,10,7,82.04,73.94,77,316
7,10,8,84.92,73.04,67,509
7,10,9,87.08,71.96,61,685
7,10,10,87.98,69.98,55,814
7,10,11,89.06,71.96,57,716
7,10,12,89.96,75.92,64,937
7,10,13,89.96,73.94,60,1018
7,10,14,89.06,73.94,61,812
7,10,15,89.06,73.94,61,680
7,10,16,87.98,73.94,63,464
7,10,17,77.0,69.08,76,85
7,10,18,77.0,73.04,87,63
7,10,19,78.08,71.96,82,3
7,10,20,78.98,73.04,82,0
7,10,21,80.06,73.94,82,0
7,10,22,80.06,73.94,82,0
7,10,23,78.98,73.94,85,0
7,11,24,78.98,73.94,85,0
7,11,1,78.98,73.94,85,0
7,11,2,78.08,75.02,91,0
7,11,3,77.0,73.94,90,0
7,11,4,77.0,73.04,87,0
7,11,5,77.0,73.94,90,10
7,11,6,80.06,77.0,91,104
7,11,7,82.94,75.02,77,300
7,11,8,84.92,73.94,70,517
7,11,9,87.08,75.02,68,653
7,11,10,89.06,75.02,64,686
7,11,11,89.06,75.02,64,823
7,11,12,89.06,75.02,64,957
7,11,13,89.06,75.02,64,918
7,11,14,84.02,66.92,57,680
7,11,15,80.96,73.04,77,589
7,11,16,87.08,75.92,70,470
7,11,17,86.0,75.92,72,230
7,11,18,84.92,75.92,75,66
7,11,19,84.02,75.92,77,2
7,11,20,82.94,77.0,82,0
7,11,21,82.04,75.92,82,0
7,11,22,82.04,75.92,82,0
7,11,23,80.06,75.92,88,0
7,12,24,80.06,77.0,91,0
7,12,1,80.06,75.02,85,0
7,12,2,78.98,75.92,91,0
7,12,3,78.98,75.92,91,0
7,12,4,78.98,75.92,91,0
7,12,5,78.98,75.92,91,6
7,12,6,80.96,75.92,85,63
7,12,7,82.94,77.0,82,273
7,12,8,84.92,75.92,75,331
7,12,9,87.98,73.94,63,699
7,12,10,89.06,73.94,61,818
7,12,11,89.96,71.96,56,949
7,12,12,89.96,73.94,60,975
7,12,13,89.96,73.94,60,907
7,12,14,89.96,71.06,54,795
7,12,15,89.06,71.96,57,657
7,12,16,89.06,73.94,61,487
7,12,17,87.08,73.94,65,230
7,12,18,84.92,73.94,70,77
7,12,19,84.02,75.02,74,4
7,12,20,84.02,75.02,74,0
7,12,21,82.94,75.02,77,0
7,12,22,82.04,75.92,82,0
7,12,23,80.96,75.02,82,0
7,13,24,80.06,75.92,88,0
7,13,1,80.06,75.92,88,0
7,13,2,80.96,75.02,82,0
7,13,3,82.04,73.94,77,0
7,13,4,82.04,75.02,79,0
7,13,5,82.94,75.02,77,8
7,13,6,82.94,73.94,74,95
7,13,7,84.92,73.94,70,300
7,13,8,86.0,73.94,68,500
7,13,9,87.08,75.92,70,624
7,13,10,87.98,77.0,70,576
7,13,11,89.06,75.92,66,725
7,13,12,87.98,75.02,66,920
7,13,13,87.98,75.02,66,962
7,13,14,89.06,75.92,66,782
7,13,15,87.98,75.92,68,615
7,13,16,87.98,73.94,63,445
7,13,17,86.0,75.02,70,254
7,13,18,84.02,73.94,72,77
7,13,19,84.02,73.94,72,4
7,13,20,82.94,73.94,74,0
7,13,21,82.94,75.02,77,0
7,13,22,84.02,75.02,74,0
7,13,23,84.02,75.02,74,0
7,14,24,84.02,75.02,74,0
7,14,1,82.94,75.02,77,0
7,14,2,82.94,73.94,74,0
7,14,3,82.94,75.02,77,0
7,14,4,82.04,75.02,79,0
7,14,5,82.94,73.94,74,5
7,14,6,84.02,73.94,72,84
7,14,7,84.92,73.94,70,303
7,14,8,87.08,73.94,65,339
7,14,9,87.08,73.04,63,680
7,14,10,87.08,75.02,68,752
7,14,11,87.08,73.04,63,909
7,14,12,87.98,73.94,63,834
7,14,13,87.98,73.94,63,834
7,14,14,87.98,73.04,61,801
7,14,15,87.98,73.94,63,417
7,14,16,87.08,75.02,68,280
7,14,17,86.0,75.02,70,228
7,14,18,84.92,73.94,70,45
7,14,19,84.02,73.94,72,2
7,14,20,84.02,73.94,72,0
7,14,21,84.02,73.94,72,0
7,14,22,78.08,73.04,85,0
7,14,23,82.04,73.94,77,0
7,15,24,80.96,75.02,82,0
7,15,1,82.04,73.94,77,0
7,15,2,78.98,73.04,82,0
7,15,3,80.96,73.94,79,0
7,15,4,80.06,71.06,74,0
7,15,5,80.96,73.04,77,6
7,15,6,82.04,71.96,72,71
7,15,7,82.94,73.04,72,228
7,15,8,84.02,73.94,72,354
7,15,9,86.0,75.02,70,379
7,15,10,87.08,73.94,65,544
7,15,11,84.02,73.94,72,474
7,15,12,84.92,73.04,67,538
7,15,13,87.08,73.94,65,834
7,15,14,87.08,73.94,65,617
7,15,15,87.08,73.94,65,543
7,15,16,86.0,71.06,61,301
7,15,17,84.92,73.04,67,212
7,15,18,84.02,71.96,67,46
7,15,19,82.94,73.04,72,5
7,15,20,82.94,73.04,72,0
7,15,21,82.04,73.04,74,0
7,15,22,78.98,73.04,82,0
7,15,23,80.06,73.04,79,0
7,16,24,80.06,73.94,82,0
7,16,1,80.06,75.02,85,0
7,16,2,78.98,73.04,82,0
7,16,3,78.08,73.94,88,0
7,16,4,78.08,73.04,85,0
7,16,5,78.08,73.94,88,6
7,16,6,78.98,73.94,85,94
7,16,7,78.98,75.02,88,247
7,16,8,80.96,73.04,77,404
7,16,9,75.92,73.94,94,113
7,16,10,73.94,73.04,97,172
7,16,11,78.08,75.02,91,250
7,16,12,82.94,77.0,82,370
7,16,13,82.94,75.02,77,352
7,16,14,82.04,73.94,77,370
7,16,15,82.94,73.04,72,606
7,16,16,80.96,71.06,72,304
7,16,17,80.96,71.96,74,195
7,16,18,80.96,73.94,79,64
7,16,19,82.04,73.94,77,2
7,16,20,80.96,73.94,79,0
7,16,21,78.08,73.04,85,0
7,16,22,78.98,71.06,77,0
7,16,23,80.06,73.04,79,0
7,17,24,78.98,71.96,79,0
7,17,1,78.98,71.96,79,0
7,17,2,80.06,71.96,77,0
7,17,3,80.06,75.02,85,0
7,17,4,75.92,69.08,79,0
7,17,5,78.08,73.04,85,1
7,17,6,82.04,75.92,82,30
7,17,7,84.02,75.92,77,166
7,17,8,84.02,75.02,74,392
7,17,9,84.92,73.94,70,291
7,17,10,84.92,73.94,70,349
7,17,11,84.92,75.02,72,381
7,17,12,86.0,75.02,70,519
7,17,13,86.0,75.02,70,490
7,17,14,86.0,73.94,68,382
7,17,15,84.92,73.94,70,282
7,17,16,84.92,73.94,70,259
7,17,17,84.02,73.94,72,129
7,17,18,84.02,73.94,72,48
7,17,19,82.94,75.92,80,2
7,17,20,82.94,75.92,80,0
7,17,21,82.94,75.92,80,0
7,17,22,82.94,75.02,77,0
7,17,23,82.04,75.02,79,0
7,18,24,82.04,73.94,77,0
7,18,1,80.96,73.94,79,0
7,18,2,80.96,73.94,79,0
7,18,3,80.96,73.94,79,0
7,18,4,80.96,73.94,79,0
7,18,5,80.96,75.02,82,2
7,18,6,82.04,71.96,72,75
7,18,7,84.02,73.04,70,236
7,18,8,84.02,73.04,70,393
7,18,9,86.0,73.94,68,413
7,18,10,87.08,73.94,65,551
7,18,11,87.08,73.94,65,362
7,18,12,87.08,73.04,63,633
7,18,13,87.08,73.04,63,924
7,18,14,86.0,73.04,65,703
7,18,15,87.08,71.96,61,674
7,18,16,86.0,73.04,65,353
7,18,17,84.92,73.04,67,231
7,18,18,84.02,73.04,70,60
7,18,19,82.94,73.94,74,1
7,18,20,82.94,73.94,74,0
7,18,21,82.94,75.02,77,0
7,18,22,82.94,73.94,74,0
7,18,23,82.04,73.94,77,0
7,19,24,82.04,73.04,74,0
7,19,1,82.04,73.04,74,0
7,19,2,78.98,75.02,88,0
7,19,3,80.06,73.04,79,0
7,19,4,80.06,73.94,82,0
7,19,5,80.06,75.02,85,5
7,19,6,82.04,73.94,77,88
7,19,7,84.02,73.04,70,320
7,19,8,84.92,73.94,70,496
7,19,9,86.0,73.94,68,548
7,19,10,86.0,73.04,65,814
7,19,11,87.08,75.02,68,723
7,19,12,87.08,71.96,61,749
7,19,13,87.08,73.04,63,910
7,19,14,87.08,71.96,61,819
7,19,15,87.08,71.96,61,724
7,19,16,86.0,73.04,65,445
7,19,17,86.0,71.96,63,259
7,19,18,84.02,73.04,70,73
7,19,19,82.94,73.04,72,2
7,19,20,82.94,73.04,72,0
7,19,21,82.94,73.04,72,0
7,19,22,82.94,73.94,74,0
7,19,23,82.94,73.04,72,0
7,20,24,82.04,73.04,74,0
7,20,1,80.96,71.06,72,0
7,20,2,80.96,73.04,77,0
7,20,3,80.96,73.94,79,0
7,20,4,80.06,73.04,79,0
7,20,5,80.06,73.94,82,2
7,20,6,82.04,73.94,77,74
7,20,7,84.02,73.04,70,251
7,20,8,84.02,71.96,67,418
7,20,9,86.0,73.04,65,448
7,20,10,86.0,71.06,61,832
7,20,11,87.08,73.94,65,698
7,20,12,87.98,71.06,57,705
7,20,13,87.08,71.96,61,620
7,20,14,87.08,71.06,59,780
7,20,15,87.08,71.96,61,535
7,20,16,87.08,71.06,59,387
7,20,17,84.92,71.06,63,252
7,20,18,84.02,71.06,65,63
7,20,19,82.04,71.96,72,3
7,20,20,82.04,71.06,69,0
7,20,21,82.04,69.98,67,0
7,20,22,82.04,69.98,67,0
7,20,23,82.04,71.96,72,0
7,21,24,80.96,73.04,77,0
7,21,1,80.96,73.04,77,0
7,21,2,80.96,73.04,77,0
7,21,3,80.96,73.94,79,0
7,21,4,78.98,75.02,88,0
7,21,5,78.98,73.94,85,7
7,21,6,80.06,75.02,85,78
7,21,7,82.04,73.94,77,168
7,21,8,82.04,75.92,82,336
7,21,9,84.92,75.02,72,549
7,21,10,87.08,73.94,65,799
7,21,11,87.08,73.94,65,643
7,21,12,86.0,73.04,65,791
7,21,13,87.08,73.04,63,854
7,21,14,86.0,73.94,68,849
7,21,15,86.0,73.94,68,574
7,21,16,86.0,73.94,68,338
7,21,17,84.02,73.94,72,187
7,21,18,82.94,73.94,74,63
7,21,19,82.04,73.04,74,3
7,21,20,82.04,73.94,77,0
7,21,21,82.04,73.04,74,0
7,21,22,82.04,73.04,74,0
7,21,23,82.04,73.04,74,0
7,22,24,80.96,73.94,79,0
7,22,1,78.08,71.96,82,0
7,22,2,80.96,73.04,77,0
7,22,3,80.96,73.04,77,0
7,22,4,80.96,75.02,82,0
7,22,5,78.08,73.04,85,2
7,22,6,78.98,73.94,85,63
7,22,7,82.04,73.04,74,174
7,22,8,86.0,71.96,63,496
7,22,9,87.08,71.06,59,650
7,22,10,87.08,73.04,63,762
7,22,11,87.98,73.04,61,920
7,22,12,87.98,71.96,59,945
7,22,13,87.08,71.96,61,675
7,22,14,87.98,73.94,63,813
7,22,15,87.08,73.94,65,523
7,22,16,84.92,73.94,70,326
7,22,17,84.02,73.94,72,127
7,22,18,82.94,73.94,74,42
7,22,19,82.94,73.94,74,0
7,22,20,82.04,71.96,72,0
7,22,21,82.04,75.02,79,0
7,22,22,82.04,75.02,79,0
7,22,23,78.98,73.04,82,0
7,23,24,78.98,73.04,82,0
7,23,1,77.0,73.04,87,0
7,23,2,78.98,75.02,88,0
7,23,3,78.98,73.94,85,0
7,23,4,77.0,75.02,94,0
7,23,5,78.08,75.02,91,3
7,23,6,78.98,75.02,88,67
7,23,7,82.94,75.02,77,248
7,23,8,84.92,75.02,72,478
7,23,9,87.08,75.02,68,628
7,23,10,87.98,73.94,63,763
7,23,11,87.98,75.02,66,910
7,23,12,89.06,73.94,61,907
7,23,13,82.94,66.92,59,477
7,23,14,80.96,69.08,67,539
7,23,15,82.04,69.98,67,405
7,23,16,84.92,73.04,67,190
7,23,17,80.96,71.96,74,108
7,23,18,77.0,71.06,82,34
7,23,19,77.0,71.06,82,1
7,23,20,77.0,71.06,82,0
7,23,21,77.0,71.96,85,0
7,23,22,78.98,73.04,82,0
7,23,23,77.0,71.96,85,0
7,24,24,77.0,71.96,85,0
7,24,1,77.0,71.96,85,0
7,24,2,77.0,73.04,87,0
7,24,3,75.92,73.04,90,0
7,24,4,75.92,73.94,94,0
7,24,5,77.0,73.04,87,4
7,24,6,78.08,75.02,91,63
7,24,7,82.04,75.02,79,230
7,24,8,84.02,75.02,74,414
7,24,9,84.92,73.94,70,427
7,24,10,86.0,75.02,70,607
7,24,11,87.08,73.04,63,834
7,24,12,89.06,73.94,61,931
7,24,13,89.06,73.04,59,550
7,24,14,80.06,69.08,69,460
7,24,15,77.0,69.98,79,101
7,24,16,80.96,77.0,88,258
7,24,17,82.94,77.0,82,74
7,24,18,75.02,66.02,74,19
7,24,19,77.0,66.92,71,2
7,24,20,75.92,69.08,79,0
7,24,21,77.0,69.98,79,0
7,24,22,77.0,71.06,82,0
7,24,23,77.0,71.96,85,0
7,25,24,77.0,73.04,87,0
7,25,1,77.0,73.94,90,0
7,25,2,77.0,75.02,94,0
7,25,3,77.0,75.02,94,0
7,25,4,75.92,73.94,94,0
7,25,5,77.0,73.94,90,5
7,25,6,78.08,75.02,91,85
7,25,7,80.96,75.02,82,275
7,25,8,84.02,75.92,77,393
7,25,9,86.0,73.94,68,407
7,25,10,87.08,71.96,61,649
7,25,11,78.08,73.94,88,323
7,25,12,80.06,75.02,85,791
7,25,13,87.08,77.0,72,555
7,25,14,80.06,71.06,74,275
7,25,15,73.94,69.98,87,204
7,25,16,77.0,71.96,85,156
7,25,17,78.08,75.02,91,62
7,25,18,78.98,75.02,88,39
7,25,19,78.98,73.94,85,2
7,25,20,78.98,75.02,88,0
7,25,21,78.98,75.02,88,0
7,25,22,78.08,75.02,91,0
7,25,23,78.08,75.92,94,0
7,26,24,77.0,75.02,94,0
7,26,1,77.0,73.94,90,0
7,26,2,77.0,75.02,94,0
7,26,3,77.0,73.94,90,0
7,26,4,75.92,75.02,97,0
7,26,5,75.92,75.02,97,1
7,26,6,78.08,75.92,94,78
7,26,7,82.04,75.92,82,241
7,26,8,84.02,73.94,72,440
7,26,9,86.0,73.94,68,552
7,26,10,87.08,73.94,65,632
7,26,11,87.08,75.02,68,727
7,26,12,87.98,73.04,61,811
7,26,13,87.98,73.94,63,834
7,26,14,87.98,73.94,63,643
7,26,15,86.0,73.94,68,409
7,26,16,84.92,73.94,70,279
7,26,17,84.92,73.04,67,171
7,26,18,82.94,73.94,74,26
7,26,19,82.04,73.04,74,1
7,26,20,80.96,71.06,72,0
7,26,21,80.06,73.94,82,0
7,26,22,80.06,73.94,82,0
7,26,23,80.06,73.04,79,0
7,27,24,78.98,73.04,82,0
7,27,1,78.98,73.94,85,0
7,27,2,78.98,73.94,85,0
7,27,3,78.98,73.94,85,0
7,27,4,78.98,73.94,85,0
7,27,5,78.08,75.02,91,3
7,27,6,80.96,75.02,82,59
7,27,7,84.02,73.94,72,272
7,27,8,84.92,71.96,65,377
7,27,9,87.08,73.04,63,641
7,27,10,86.0,73.04,65,574
7,27,11,87.08,73.04,63,654
7,27,12,87.98,73.94,63,838
7,27,13,87.08,73.94,65,869
7,27,14,87.98,73.04,61,839
7,27,15,87.08,73.04,63,701
7,27,16,87.08,73.04,63,396
7,27,17,84.92,71.96,65,158
7,27,18,84.92,73.94,70,46
7,27,19,82.94,73.94,74,0
7,27,20,82.04,73.94,77,0
7,27,21,82.94,75.02,77,0
7,27,22,82.04,75.02,79,0
7,27,23,80.96,75.02,82,0
7,28,24,80.96,73.94,79,0
7,28,1,80.96,73.94,79,0
7,28,2,80.96,73.94,79,0
7,28,3,80.96,73.94,79,0
7,28,4,80.96,73.94,79,0
7,28,5,80.96,75.02,82,2
7,28,6,78.08,75.02,91,67
7,28,7,82.94,77.0,82,257
7,28,8,84.92,73.94,70,450
7,28,9,84.92,75.02,72,611
7,28,10,86.0,75.02,70,689
7,28,11,87.08,75.02,68,770
7,28,12,87.08,73.94,65,845
7,28,13,87.08,73.94,65,820
7,28,14,87.08,73.94,65,563
7,28,15,82.94,75.02,77,408
7,28,16,87.08,71.96,61,415
7,28,17,86.0,71.96,63,247
7,28,18,84.02,73.04,70,54
7,28,19,82.94,73.04,72,0
7,28,20,82.94,73.04,72,0
7,28,21,82.04,75.92,82,0
7,28,22,77.0,73.94,90,0
7,28,23,80.06,75.02,85,0
7,29,24,78.98,75.02,88,0
7,29,1,78.08,75.02,91,0
7,29,2,78.08,75.02,91,0
7,29,3,78.98,75.02,88,0
7,29,4,78.08,75.02,91,0
7,29,5,78.98,75.02,88,1
7,29,6,80.96,75.92,85,72
7,29,7,84.02,75.92,77,226
7,29,8,84.02,77.0,80,389
7,29,9,84.02,75.02,74,555
7,29,10,84.92,77.0,77,647
7,29,11,84.92,78.98,82,810
7,29,12,86.0,75.92,72,962
7,29,13,87.08,77.0,72,973
7,29,14,87.08,75.92,70,744
7,29,15,86.0,75.02,70,560
7,29,16,86.0,75.02,70,406
7,29,17,84.92,73.94,70,188
7,29,18,84.02,73.94,72,52
7,29,19,82.94,75.02,77,1
7,29,20,82.04,75.02,79,0
7,29,21,82.04,73.94,77,0
7,29,22,82.04,73.94,77,0
7,29,23,80.96,75.02,82,0
7,30,24,80.06,75.02,85,0
7,30,1,80.06,75.02,85,0
7,30,2,80.06,75.02,85,0
7,30,3,78.98,75.02,88,0
7,30,4,80.06,75.02,85,0
7,30,5,80.06,73.94,82,1
7,30,6,80.06,75.02,85,67
7,30,7,80.96,71.06,72,245
7,30,8,84.02,73.94,72,367
7,30,9,84.92,73.94,70,486
7,30,10,84.92,73.94,70,778
7,30,11,84.92,75.02,72,818
7,30,12,87.08,73.04,63,748
7,30,13,87.08,71.06,59,807
7,30,14,87.08,73.04,63,736
7,30,15,87.08,73.04,63,568
7,30,16,87.08,71.96,61,450
7,30,17,84.92,71.06,63,199
7,30,18,84.02,73.04,70,41
7,30,19,82.94,73.04,72,0
7,30,20,82.94,73.04,72,0
7,30,21,82.94,73.04,72,0
7,30,22,82.04,71.96,72,0
7,30,23,82.04,73.04,74,0
7,31,24,80.96,73.94,79,0
7,31,1,80.96,73.04,77,0
7,31,2,80.96,73.94,79,0
7,31,3,80.06,71.96,77,0
7,31,4,80.06,73.04,79,0
7,31,5,80.06,73.94,82,2
7,31,6,80.96,73.94,79,79
7,31,7,84.02,73.04,70,246
7,31,8,84.92,71.96,65,480
7,31,9,87.08,73.94,65,722
7,31,10,87.08,73.04,63,819
7,31,11,87.08,73.04,63,652
7,31,12,87.08,75.02,68,765
7,31,13,87.98,73.04,61,889
7,31,14,87.08,73.94,65,613
7,31,15,87.08,73.94,65,550
7,31,16,87.08,71.96,61,386
7,31,17,87.08,73.04,63,244
7,31,18,83.3,74.66,75,61
7,31,19,82.4,74.12,76,0
7,31,20,81.68,74.3,78,0
7,31,21,80.42,73.22,78,0
7,31,22,79.88,72.5,78,0
7,31,23,78.98,72.32,79,0
8,1,24,78.08,71.6,80,0
8,1,1,77.72,71.78,81,0
8,1,2,77.36,71.6,82,0
8,1,3,77.0,71.42,82,0
8,1,4,77.36,71.24,81,0
8,1,5,78.08,71.24,79,1
8,1,6,80.06,71.96,77,27
8,1,7,80.96,73.94,79,196
8,1,8,82.04,75.02,79,361
8,1,9,84.02,75.02,74,479
8,1,10,86.0,75.02,70,777
8,1,11,80.06,64.94,60,347
8,1,12,78.08,71.96,82,401
8,1,13,78.08,73.04,85,251
8,1,14,80.06,75.02,85,505
8,1,15,84.02,71.06,65,489
8,1,16,84.02,73.94,72,252
8,1,17,82.04,73.94,77,200
8,1,18,78.08,68.0,71,27
8,1,19,77.0,69.08,76,1
8,1,20,77.0,69.08,76,0
8,1,21,77.0,69.98,79,0
8,1,22,77.0,71.06,82,0
8,1,23,77.0,71.06,82,0
8,2,24,77.0,71.96,85,0
8,2,1,75.92,71.96,87,0
8,2,2,77.0,71.96,85,0
8,2,3,75.92,71.96,87,0
8,2,4,75.92,69.98,82,0
8,2,5,75.92,71.06,85,0
8,2,6,75.92,71.96,87,69
8,2,7,80.06,73.04,79,265
8,2,8,82.94,73.04,72,483
8,2,9,84.02,73.04,70,420
8,2,10,84.92,71.96,65,726
8,2,11,84.92,71.96,65,675
8,2,12,75.92,69.08,79,328
8,2,13,73.04,69.98,90,480
8,2,14,73.04,71.06,93,348
8,2,15,73.04,71.96,97,244
8,2,16,75.02,71.96,90,237
8,2,17,73.94,71.96,94,144
8,2,18,73.94,71.96,94,57
8,2,19,73.94,71.96,94,0
8,2,20,73.94,71.96,94,0
8,2,21,73.94,71.96,94,0
8,2,22,73.94,71.06,90,0
8,2,23,73.94,71.06,90,0
8,3,24,73.94,71.96,94,0
8,3,1,73.94,71.96,94,0
8,3,2,73.94,71.96,94,0
8,3,3,73.94,71.96,94,0
8,3,4,73.04,71.96,97,0
8,3,5,73.04,71.96,97,0
8,3,6,73.94,71.96,94,59
8,3,7,78.08,73.94,88,264
8,3,8,82.94,73.94,74,453
8,3,9,84.92,71.96,65,690
8,3,10,86.0,73.04,65,661
8,3,11,86.0,73.94,68,499
8,3,12,87.08,71.06,59,649
8,3,13,87.08,71.96,61,726
8,3,14,87.08,73.04,63,559
8,3,15,87.08,73.94,65,502
8,3,16,86.0,71.96,63,440
8,3,17,86.0,73.04,65,207
8,3,18,84.92,71.96,65,44
8,3,19,84.02,71.96,67,0
8,3,20,84.02,71.96,67,0
8,3,21,84.02,71.96,67,0
8,3,22,78.08,69.08,74,0
8,3,23,78.98,75.02,88,0
8,4,24,80.06,73.94,82,0
8,4,1,78.98,73.94,85,0
8,4,2,78.08,73.94,88,0
8,4,3,78.08,73.94,88,0
8,4,4,78.08,73.94,88,0
8,4,5,78.08,73.94,88,1
8,4,6,78.08,73.04,85,66
8,4,7,78.08,73.94,88,160
8,4,8,78.98,75.02,88,203
8,4,9,82.94,73.04,72,402
8,4,10,84.02,73.04,70,845
8,4,11,86.0,73.04,65,915
8,4,12,86.0,71.96,63,792
8,4,13,86.0,71.96,63,691
8,4,14,86.0,71.96,63,852
8,4,15,86.0,71.06,61,671
8,4,16,86.0,71.96,63,427
8,4,17,84.92,71.06,63,242
8,4,18,84.92,69.98,61,63
8,4,19,84.02,69.98,63,1
8,4,20,84.02,71.06,65,0
8,4,21,82.04,71.96,72,0
8,4,22,82.04,71.96,72,0
8,4,23,82.04,71.96,72,0
8,5,24,78.98,73.04,82,0
8,5,1,78.08,73.04,85,0
8,5,2,78.08,73.04,85,0
8,5,3,77.0,73.04,88,0
8,5,4,75.92,73.04,90,0
8,5,5,75.92,73.04,90,0
8,5,6,75.92,73.04,90,67
8,5,7,77.0,73.94,91,177
8,5,8,80.06,73.04,79,372
8,5,9,84.02,73.04,70,568
8,5,10,86.0,73.04,65,580
8,5,11,86.0,71.96,63,962
8,5,12,87.98,73.04,61,809
8,5,13,87.98,71.96,59,785
8,5,14,84.02,69.08,61,461
8,5,15,78.08,71.06,79,387
8,5,16,80.06,73.04,79,463
8,5,17,82.94,71.96,70,180
8,5,18,82.94,71.96,70,33
8,5,19,82.94,73.04,72,0
8,5,20,82.94,73.04,72,0
8,5,21,82.94,73.94,74,0
8,5,22,78.08,71.96,82,0
8,5,23,77.0,71.96,85,0
8,6,24,75.92,73.04,90,0
8,6,1,75.92,73.04,90,0
8,6,2,75.92,73.94,94,0
8,6,3,75.92,75.02,97,0
8,6,4,75.92,75.02,97,0
8,6,5,75.92,75.02,97,0
8,6,6,75.92,73.94,94,58
8,6,7,78.98,73.94,85,236
8,6,8,82.04,73.94,77,392
8,6,9,82.94,73.94,74,496
8,6,10,84.92,73.04,67,517
8,6,11,82.94,75.92,80,591
8,6,12,82.94,71.06,67,733
8,6,13,84.02,71.96,67,582
8,6,14,82.94,73.94,74,495
8,6,15,82.94,71.06,67,439
8,6,16,82.94,71.06,67,312
8,6,17,82.94,71.06,67,211
8,6,18,82.94,71.96,70,43
8,6,19,80.96,73.04,77,0
8,6,20,80.96,71.96,74,0
8,6,21,80.96,71.96,74,0
8,6,22,80.96,71.96,74,0
8,6,23,80.96,73.04,77,0
8,7,24,80.96,73.94,79,0
8,7,1,80.96,73.94,79,0
8,7,2,80.06,73.04,79,0
8,7,3,80.06,73.94,82,0
8,7,4,78.08,69.98,77,0
8,7,5,78.08,73.04,85,0
8,7,6,78.08,71.96,82,57
8,7,7,80.06,73.94,82,170
8,7,8,86.0,75.02,70,380
8,7,9,84.92,69.98,61,636
8,7,10,84.92,73.04,67,801
8,7,11,84.92,71.96,65,775
8,7,12,87.08,71.06,59,947
8,7,13,87.08,71.06,59,968
8,7,14,87.08,71.96,61,841
8,7,15,86.0,71.96,63,589
8,7,16,84.92,71.06,63,374
8,7,17,84.02,71.96,67,195
8,7,18,82.94,71.06,67,43
8,7,19,82.04,71.96,72,0
8,7,20,82.04,73.04,74,0
8,7,21,80.96,71.96,74,0
8,7,22,80.96,71.96,74,0
8,7,23,82.04,71.96,72,0
8,8,24,80.96,71.96,74,0
8,8,1,80.96,73.04,77,0
8,8,2,80.96,73.04,77,0
8,8,3,80.96,73.04,77,0
8,8,4,80.96,73.04,77,0
8,8,5,78.98,73.04,82,0
8,8,6,80.06,73.94,82,62
8,8,7,80.96,73.04,77,211
8,8,8,80.96,73.04,77,451
8,8,9,80.96,73.04,77,661
8,8,10,84.02,73.94,72,462
8,8,11,84.92,71.06,63,857
8,8,12,87.08,71.96,61,764
8,8,13,87.08,71.96,61,764
8,8,14,87.08,71.96,61,518
8,8,15,86.0,73.04,65,379
8,8,16,86.0,71.06,61,419
8,8,17,86.0,71.06,61,244
8,8,18,84.02,73.04,70,46
8,8,19,82.94,71.96,70,0
8,8,20,82.94,71.96,70,0
8,8,21,82.94,71.96,70,0
8,8,22,82.94,71.96,70,0
8,8,23,82.94,73.04,72,0
8,9,24,82.94,73.04,72,0
8,9,1,82.04,73.04,74,0
8,9,2,82.04,73.04,74,0
8,9,3,80.06,71.96,77,0
8,9,4,78.98,71.96,79,0
8,9,5,78.98,73.04,82,1
8,9,6,80.06,73.94,82,65
8,9,7,82.04,73.94,77,250
8,9,8,84.02,73.94,72,346
8,9,9,84.92,73.04,67,506
8,9,10,86.0,73.04,65,657
8,9,11,87.08,73.04,63,735
8,9,12,87.08,71.06,59,520
8,9,13,87.08,73.04,63,713
8,9,14,87.08,71.06,59,654
8,9,15,87.08,71.96,61,664
8,9,16,87.08,73.04,63,388
8,9,17,86.0,71.06,61,140
8,9,18,84.92,71.96,65,23
8,9,19,84.02,73.94,72,0
8,9,20,84.02,73.04,70,0
8,9,21,84.02,73.04,70,0
8,9,22,82.94,73.04,72,0
8,9,23,82.04,75.92,82,0
8,10,24,82.04,75.92,82,0
8,10,1,82.04,75.02,79,0
8,10,2,80.96,75.02,82,0
8,10,3,80.96,75.02,82,0
8,10,4,80.96,73.94,79,0
8,10,5,80.96,73.94,79,0
8,10,6,80.96,73.94,79,57
8,10,7,82.94,73.04,72,274
8,10,8,84.02,73.04,70,485
8,10,9,84.92,71.96,65,683
8,10,10,86.0,73.94,68,728
8,10,11,86.0,73.94,68,787
8,10,12,87.08,73.94,65,905
8,10,13,87.08,73.04,63,902
8,10,14,87.08,73.94,65,735
8,10,15,87.08,73.04,63,538
8,10,16,86.0,73.94,68,414
8,10,17,86.0,73.04,65,159
8,10,18,84.92,73.04,67,45
8,10,19,84.02,73.94,72,0
8,10,20,84.02,73.94,72,0
8,10,21,82.94,73.94,74,0
8,10,22,84.02,71.96,67,0
8,10,23,82.94,73.04,72,0
8,11,24,82.94,73.94,74,0
8,11,1,82.94,73.04,72,0
8,11,2,82.94,73.04,72,0
8,11,3,82.94,73.04,72,0
8,11,4,82.94,73.04,72,0
8,11,5,82.94,71.96,70,0
8,11,6,82.94,71.96,70,72
8,11,7,82.94,73.94,74,201
8,11,8,84.02,73.04,70,316
8,11,9,84.92,73.04,67,546
8,11,10,86.0,71.06,61,666
8,11,11,86.0,75.02,70,673
8,11,12,86.0,75.02,70,696
8,11,13,86.0,73.94,68,650
8,11,14,86.0,75.02,70,779
8,11,15,75.92,71.06,85,112
8,11,16,75.92,71.96,87,304
8,11,17,77.0,71.96,85,153
8,11,18,78.08,71.06,79,53
8,11,19,78.98,71.06,77,0
8,11,20,78.98,71.06,77,0
8,11,21,80.06,71.96,77,0
8,11,22,80.06,75.02,85,0
8,11,23,80.06,75.02,85,0
8,12,24,78.08,75.02,91,0
8,12,1,78.08,75.02,91,0
8,12,2,78.08,75.92,94,0
8,12,3,78.08,75.92,94,0
8,12,4,78.08,75.02,91,0
8,12,5,78.08,75.02,91,0
8,12,6,78.08,75.92,94,60
8,12,7,82.04,75.02,79,246
8,12,8,84.02,75.02,74,342
8,12,9,84.92,73.94,70,402
8,12,10,86.0,73.94,68,889
8,12,11,87.08,71.06,59,969
8,12,12,87.08,71.06,59,953
8,12,13,87.08,75.02,68,744
8,12,14,87.08,73.94,65,867
8,12,15,87.08,73.94,65,717
8,12,16,84.02,73.94,72,137
8,12,17,82.94,73.04,72,39
8,12,18,80.96,71.96,74,15
8,12,19,78.98,71.96,79,0
8,12,20,78.08,71.96,82,0
8,12,21,78.08,73.04,85,0
8,12,22,78.08,73.04,85,0
8,12,23,78.08,73.04,85,0
8,13,24,78.08,73.04,85,0
8,13,1,78.08,73.04,85,0
8,13,2,78.08,73.04,85,0
8,13,3,77.0,73.94,91,0
8,13,4,78.08,73.94,88,0
8,13,5,77.0,73.94,91,0
8,13,6,78.08,75.02,91,39
8,13,7,80.06,75.92,88,134
8,13,8,84.02,73.94,72,287
8,13,9,86.0,71.96,63,542
8,13,10,87.08,71.96,61,643
8,13,11,87.08,71.06,59,889
8,13,12,87.98,71.96,59,1005
8,13,13,87.98,69.98,55,974
8,13,14,87.98,71.96,59,822
8,13,15,87.08,71.96,61,679
8,13,16,87.08,71.96,61,468
8,13,17,86.0,71.06,61,219
8,13,18,84.92,69.98,61,40
8,13,19,84.02,73.04,70,0
8,13,20,84.02,73.04,70,0
8,13,21,84.02,73.94,72,0
8,13,22,84.02,73.94,72,0
8,13,23,84.02,75.02,74,0
8,14,24,84.02,75.02,74,0
8,14,1,84.02,75.02,74,0
8,14,2,82.94,75.02,77,0
8,14,3,82.94,75.02,77,0
8,14,4,82.04,73.94,77,0
8,14,5,82.04,73.94,77,0
8,14,6,82.04,73.94,77,61
8,14,7,82.94,73.94,74,179
8,14,8,86.0,69.98,59,509
8,14,9,86.0,71.96,63,620
8,14,10,87.08,73.04,63,762
8,14,11,87.08,73.04,63,904
8,14,12,87.98,73.04,61,687
8,14,13,87.98,69.98,55,919
8,14,14,89.06,71.96,57,821
8,14,15,87.98,71.96,59,521
8,14,16,87.98,71.96,59,476
8,14,17,87.08,71.96,61,247
8,14,18,84.92,71.06,63,43
8,14,19,84.02,73.04,70,0
8,14,20,84.02,73.04,70,0
8,14,21,84.02,73.04,70,0
8,14,22,84.02,73.94,72,0
8,14,23,84.02,73.94,72,0
8,15,24,84.02,71.06,65,0
8,15,1,84.02,73.94,72,0
8,15,2,82.94,73.04,72,0
8,15,3,82.94,73.04,72,0
8,15,4,82.94,73.04,72,0
8,15,5,82.94,73.94,74,0
8,15,6,82.94,73.04,72,67
8,15,7,84.02,71.96,67,259
8,15,8,84.92,71.96,65,479
8,15,9,86.0,73.04,65,543
8,15,10,87.08,73.04,63,706
8,15,11,87.98,71.96,59,903
8,15,12,86.0,73.04,65,957
8,15,13,87.98,71.06,57,892
8,15,14,87.08,73.04,63,669
8,15,15,87.08,71.96,61,488
8,15,16,87.08,71.06,59,486
8,15,17,86.0,71.06,61,246
8,15,18,84.92,71.96,65,67
8,15,19,84.92,71.96,65,0
8,15,20,84.92,73.04,67,0
8,15,21,84.02,73.04,70,0
8,15,22,84.02,73.04,70,0
8,15,23,84.02,73.04,70,0
8,16,24,82.94,73.94,74,0
8,16,1,82.94,71.96,70,0
8,16,2,82.94,73.94,74,0
8,16,3,82.04,73.04,74,0
8,16,4,82.04,73.04,74,0
8,16,5,82.04,73.94,77,0
8,16,6,82.04,73.94,77,61
8,16,7,84.02,73.04,70,273
8,16,8,84.92,73.94,70,356
8,16,9,86.0,73.94,68,511
8,16,10,87.08,73.04,63,673
8,16,11,87.08,73.94,65,894
8,16,12,87.98,71.96,59,851
8,16,13,87.98,71.96,59,718
8,16,14,87.98,73.94,63,781
8,16,15,87.98,73.04,61,573
8,16,16,87.98,73.04,61,313
8,16,17,86.0,73.04,65,124
8,16,18,84.92,73.04,67,17
8,16,19,84.92,71.96,65,0
8,16,20,84.02,73.04,70,0
8,16,21,84.02,73.94,72,0
8,16,22,84.02,73.04,70,0
8,16,23,84.02,73.04,70,0
8,17,24,84.02,73.94,72,0
8,17,1,84.02,73.04,70,0
8,17,2,84.02,73.94,72,0
8,17,3,82.94,73.94,74,0
8,17,4,82.94,73.04,72,0
8,17,5,82.94,73.04,72,0
8,17,6,82.94,73.04,72,63
8,17,7,84.02,73.04,70,264
8,17,8,84.92,73.04,67,420
8,17,9,86.0,73.04,65,700
8,17,10,87.08,71.96,61,824
8,17,11,87.08,73.04,63,916
8,17,12,87.98,73.04,61,1002
8,17,13,87.98,71.96,59,948
8,17,14,87.98,71.96,59,837
8,17,15,87.98,71.06,57,682
8,17,16,87.98,73.04,61,454
8,17,17,87.08,73.04,63,216
8,17,18,84.92,73.04,67,11
8,17,19,84.92,71.96,65,0
8,17,20,84.92,73.04,67,0
8,17,21,84.92,73.94,70,0
8,17,22,84.92,73.94,70,0
8,17,23,84.92,75.02,72,0
8,18,24,84.92,75.02,72,0
8,18,1,84.02,73.04,70,0
8,18,2,84.02,73.94,72,0
8,18,3,84.02,73.04,70,0
8,18,4,82.94,73.04,72,0
8,18,5,82.04,73.04,74,0
8,18,6,82.04,73.94,77,70
8,18,7,84.02,73.94,72,189
8,18,8,84.92,73.04,67,428
8,18,9,86.0,73.04,65,495
8,18,10,87.08,71.96,61,562
8,18,11,87.98,73.04,61,1007
8,18,12,89.96,71.06,54,953
8,18,13,89.96,71.96,56,926
8,18,14,89.96,71.06,54,791
8,18,15,87.98,69.08,53,427
8,18,16,84.92,69.98,61,229
8,18,17,84.92,75.02,72,209
8,18,18,84.92,75.02,72,49
8,18,19,84.92,75.02,72,0
8,18,20,84.92,73.94,70,0
8,18,21,84.02,73.94,72,0
8,18,22,82.94,73.94,74,0
8,18,23,82.04,73.94,77,0
8,19,24,82.04,73.94,77,0
8,19,1,78.98,73.94,85,0
8,19,2,78.98,73.94,85,0
8,19,3,78.98,73.94,85,0
8,19,4,78.98,75.02,88,0
8,19,5,78.98,75.02,88,0
8,19,6,78.98,75.02,88,70
8,19,7,82.04,73.94,77,252
8,19,8,84.02,71.96,67,474
8,19,9,86.0,71.96,63,595
8,19,10,87.98,71.06,57,652
8,19,11,87.98,71.06,57,818
8,19,12,84.92,71.06,63,550
8,19,13,80.96,71.96,74,150
8,19,14,86.0,71.96,63,411
8,19,15,87.08,71.06,59,577
8,19,16,82.04,71.96,72,418
8,19,17,80.06,75.02,85,71
8,19,18,78.08,71.06,79,11
8,19,19,78.08,71.06,79,0
8,19,20,77.0,71.06,82,0
8,19,21,77.0,71.06,82,0
8,19,22,77.0,71.06,82,0
8,19,23,75.92,69.98,82,0
8,20,24,75.92,69.98,82,0
8,20,1,75.92,71.06,85,0
8,20,2,75.92,71.96,87,0
8,20,3,75.92,73.04,90,0
8,20,4,75.92,73.04,90,0
8,20,5,75.92,71.96,87,0
8,20,6,75.92,71.96,87,57
8,20,7,80.06,73.94,82,250
8,20,8,84.02,73.94,72,479
8,20,9,84.92,73.94,70,524
8,20,10,86.0,73.04,65,548
8,20,11,87.98,73.94,63,835
8,20,12,87.98,73.04,61,723
8,20,13,87.98,73.04,61,863
8,20,14,87.08,71.96,61,374
8,20,15,87.08,73.04,63,237
8,20,16,86.0,73.04,65,176
8,20,17,84.92,73.04,67,77
8,20,18,84.92,73.04,67,19
8,20,19,84.02,73.04,70,0
8,20,20,84.02,73.04,70,0
8,20,21,84.02,73.04,70,0
8,20,22,82.94,73.04,72,0
8,20,23,80.96,73.04,77,0
8,21,24,80.06,73.04,79,0
8,21,1,78.98,73.94,85,0
8,21,2,78.08,73.94,88,0
8,21,3,77.0,73.94,91,0
8,21,4,77.0,73.04,88,0
8,21,5,77.0,73.04,88,0
8,21,6,77.0,73.94,91,38
8,21,7,80.96,75.02,82,220
8,21,8,82.94,75.02,77,344
8,21,9,87.08,73.94,65,343
8,21,10,87.08,73.04,63,591
8,21,11,87.08,71.96,61,856
8,21,12,91.94,75.02,58,815
8,21,13,91.94,77.0,62,915
8,21,14,91.94,75.92,60,713
8,21,15,91.94,73.94,56,577
8,21,16,89.96,73.94,59,434
8,21,17,89.06,75.02,63,221
8,21,18,86.0,75.02,70,39
8,21,19,84.02,73.94,72,0
8,21,20,84.02,75.02,74,0
8,21,21,84.02,75.92,77,0
8,21,22,82.94,75.02,77,0
8,21,23,80.96,73.94,79,0
8,22,24,80.96,73.94,79,0
8,22,1,80.96,75.02,82,0
8,22,2,82.04,75.02,79,0
8,22,3,78.98,75.92,91,0
8,22,4,78.98,78.08,97,0
8,22,5,78.98,78.08,97,0
8,22,6,80.06,78.08,94,33
8,22,7,80.06,77.0,91,46
8,22,8,75.92,75.92,100,37
8,22,9,75.92,73.94,94,65
8,22,10,77.0,73.04,88,75
8,22,11,78.98,73.94,85,149
8,22,12,80.96,75.02,82,390
8,22,13,82.04,73.94,77,485
8,22,14,82.04,73.04,74,290
8,22,15,82.94,71.96,70,443
8,22,16,84.92,73.04,67,465
8,22,17,84.92,73.94,70,212
8,22,18,82.94,75.02,77,36
8,22,19,82.04,75.02,79,0
8,22,20,80.96,75.02,82,0
8,22,21,78.08,75.02,91,0
8,22,22,78.08,75.02,91,0
8,22,23,78.08,75.02,91,0
8,23,24,78.08,75.92,94,0
8,23,1,78.08,75.92,94,0
8,23,2,78.08,75.92,94,0
8,23,3,78.08,75.02,91,0
8,23,4,78.08,75.02,91,0
8,23,5,78.08,75.02,91,0
8,23,6,78.08,75.02,91,25
8,23,7,78.08,75.92,94,110
8,23,8,82.94,75.92,80,426
8,23,9,78.08,73.94,88,175
8,23,10,78.98,73.94,85,296
8,23,11,82.04,73.94,77,235
8,23,12,82.94,75.02,77,659
8,23,13,86.0,73.94,68,828
8,23,14,80.06,71.96,77,80
8,23,15,75.92,71.96,87,143
8,23,16,77.0,73.04,88,113
8,23,17,77.0,73.94,91,23
8,23,18,75.92,73.94,94,9
8,23,19,75.92,73.94,94,0
8,23,20,75.92,75.02,97,0
8,23,21,75.92,73.04,90,0
8,23,22,75.92,73.94,94,0
8,23,23,75.92,71.96,87,0
8,24,24,75.92,71.96,87,0
8,24,1,75.92,73.04,90,0
8,24,2,75.92,73.04,90,0
8,24,3,75.92,73.04,90,0
8,24,4,75.92,73.04,90,0
8,24,5,75.02,71.96,90,0
8,24,6,73.04,69.98,90,15
8,24,7,73.94,71.06,90,55
8,24,8,73.94,71.06,90,101
8,24,9,75.02,71.96,90,83
8,24,10,75.02,71.96,90,158
8,24,11,75.92,71.96,87,312
8,24,12,78.08,69.98,77,512
8,24,13,80.96,69.08,67,548
8,24,14,82.94,68.0,61,692
8,24,15,82.94,68.0,61,439
8,24,16,82.04,69.98,67,310
8,24,17,82.04,69.98,67,233
8,24,18,80.06,69.08,69,22
8,24,19,78.98,69.08,72,0
8,24,20,78.98,69.98,74,0
8,24,21,78.98,69.98,74,0
8,24,22,73.94,68.0,82,0
8,24,23,73.94,71.06,90,0
8,25,24,73.94,73.04,97,0
8,25,1,73.94,73.04,97,0
8,25,2,73.94,73.04,97,0
8,25,3,73.94,73.04,97,0
8,25,4,73.94,71.96,94,0
8,25,5,73.94,71.96,94,0
8,25,6,73.94,71.96,94,61
8,25,7,75.92,73.04,90,215
8,25,8,80.06,73.04,79,383
8,25,9,82.04,71.06,69,685
8,25,10,84.92,69.98,61,745
8,25,11,86.0,71.96,63,969
8,25,12,86.0,71.06,61,812
8,25,13,86.0,69.08,57,931
8,25,14,86.0,69.98,59,795
8,25,15,86.0,69.98,59,567
8,25,16,84.92,69.98,61,401
8,25,17,84.92,69.98,61,187
8,25,18,84.02,69.98,63,35
8,25,19,82.94,69.98,65,0
8,25,20,82.94,71.06,67,0
8,25,21,82.94,71.06,67,0
8,25,22,82.94,71.06,67,0
8,25,23,80.06,71.96,77,0
8,26,24,78.98,71.96,79,0
8,26,1,78.08,73.04,85,0
8,26,2,78.08,73.04,85,0
8,26,3,78.08,73.04,85,0
8,26,4,78.08,71.96,82,0
8,26,5,77.0,71.96,85,0
8,26,6,78.08,71.96,82,67
8,26,7,80.06,73.04,79,232
8,26,8,80.96,73.94,79,238
8,26,9,82.94,73.94,74,400
8,26,10,84.92,73.04,67,614
8,26,11,84.92,73.94,70,459
8,26,12,86.0,73.94,68,693
8,26,13,86.0,73.04,65,460
8,26,14,87.08,73.94,65,662
8,26,15,87.08,73.04,63,620
8,26,16,86.0,73.04,65,431
8,26,17,84.92,71.96,65,189
8,26,18,84.02,71.96,67,26
8,26,19,82.94,73.04,72,0
8,26,20,82.94,73.04,72,0
8,26,21,82.04,73.04,74,0
8,26,22,82.04,73.04,74,0
8,26,23,82.04,73.94,77,0
8,27,24,82.04,73.94,77,0
8,27,1,78.08,73.94,88,0
8,27,2,78.08,73.94,88,0
8,27,3,77.0,73.94,91,0
8,27,4,77.0,73.94,91,0
8,27,5,77.0,73.94,91,0
8,27,6,77.0,73.94,91,39
8,27,7,80.06,75.02,85,186
8,27,8,82.04,71.96,72,401
8,27,9,84.92,71.96,65,619
8,27,10,87.08,69.98,57,805
8,27,11,87.08,71.96,61,864
8,27,12,89.06,69.98,54,904
8,27,13,87.98,73.94,63,813
8,27,14,87.08,73.04,63,786
8,27,15,84.92,69.98,61,524
8,27,16,84.92,66.92,55,414
8,27,17,84.92,64.94,51,184
8,27,18,82.94,66.92,59,13
8,27,19,82.04,69.08,65,0
8,27,20,82.04,71.06,69,0
8,27,21,82.04,69.08,65,0
8,27,22,82.04,69.08,65,0
8,27,23,82.04,69.08,65,0
8,28,24,80.96,69.08,67,0
8,28,1,80.96,69.98,69,0
8,28,2,80.96,69.08,67,0
8,28,3,80.06,69.08,69,0
8,28,4,78.98,69.08,72,0
8,28,5,78.08,69.98,77,0
8,28,6,77.0,71.06,82,41
8,28,7,82.04,69.98,67,244
8,28,8,84.92,71.06,63,431
8,28,9,84.92,69.98,61,589
8,28,10,87.08,71.06,59,565
8,28,11,87.08,71.96,61,765
8,28,12,87.08,71.96,61,820
8,28,13,87.98,71.96,59,881
8,28,14,87.98,69.98,55,795
8,28,15,87.08,68.0,53,562
8,28,16,87.08,69.08,55,425
8,28,17,84.92,71.06,63,185
8,28,18,84.02,69.98,63,27
8,28,19,82.94,69.98,65,0
8,28,20,82.94,71.06,67,0
8,28,21,82.94,71.96,70,0
8,28,22,82.94,73.04,72,0
8,28,23,82.94,73.04,72,0
8,29,24,82.04,73.94,77,0
8,29,1,80.96,73.94,79,0
8,29,2,80.96,73.94,79,0
8,29,3,80.96,73.94,79,0
8,29,4,80.96,75.02,82,0
8,29,5,80.96,75.02,82,0
8,29,6,82.04,73.94,77,45
8,29,7,82.94,73.94,74,229
8,29,8,86.0,73.94,68,267
8,29,9,86.0,73.94,68,558
8,29,10,86.0,73.94,68,753
8,29,11,87.98,71.96,59,797
8,29,12,87.08,73.04,63,734
8,29,13,87.98,73.04,61,822
8,29,14,87.98,73.04,61,725
8,29,15,87.98,71.06,57,586
8,29,16,87.08,71.06,59,373
8,29,17,86.0,69.08,57,149
8,29,18,84.92,71.06,63,21
8,29,19,84.02,71.06,65,0
8,29,20,84.02,71.96,67,0
8,29,21,82.94,71.06,67,0
8,29,22,82.94,71.06,67,0
8,29,23,82.04,71.96,72,0
8,30,24,80.06,71.96,77,0
8,30,1,80.06,73.04,79,0
8,30,2,80.06,73.04,79,0
8,30,3,78.98,73.94,85,0
8,30,4,80.06,73.94,82,0
8,30,5,80.06,71.96,77,0
8,30,6,80.96,73.04,77,39
8,30,7,84.92,73.94,70,157
8,30,8,84.92,73.94,70,268
8,30,9,86.0,73.94,68,513
8,30,10,87.98,71.96,59,545
8,30,11,89.06,71.06,55,818
8,30,12,87.08,71.96,61,646
8,30,13,87.08,73.04,63,679
8,30,14,87.08,73.04,63,435
8,30,15,78.98,73.04,82,225
8,30,16,84.02,71.06,65,223
8,30,17,84.02,69.98,63,128
8,30,18,80.06,71.06,74,16
8,30,19,78.98,71.06,77,0
8,30,20,78.98,71.06,77,0
8,30,21,78.98,71.96,79,0
8,30,22,78.98,73.04,82,0
8,30,23,78.08,73.04,85,0
8,31,24,78.08,73.94,88,0
8,31,1,75.92,71.06,85,0
8,31,2,75.92,69.98,82,0
8,31,3,75.92,73.04,90,0
8,31,4,77.0,73.94,91,0
8,31,5,75.92,73.94,94,0
8,31,6,78.08,75.02,91,44
8,31,7,80.06,75.02,85,133
8,31,8,78.98,73.94,85,258
8,31,9,84.02,75.02,74,555
8,31,10,87.08,73.94,65,722
8,31,11,87.08,69.08,55,817
8,31,12,87.08,69.98,57,938
8,31,13,87.98,71.06,57,827
8,31,14,87.08,69.98,57,714
8,31,15,87.08,69.08,55,603
8,31,16,86.0,71.96,63,326
8,31,17,86.0,71.96,63,152
8,31,18,84.56,73.04,68,27
8,31,19,83.48,73.22,71,0
8,31,20,83.12,73.22,72,0
8,31,21,82.76,73.22,73,0
8,31,22,82.58,73.4,73,0
8,31,23,82.04,73.4,75,0
9,1,24,81.86,73.58,76,0
9,1,1,81.5,73.58,77,0
9,1,2,81.5,73.76,77,0
9,1,3,79.7,73.76,81,0
9,1,4,79.16,72.32,79,0
9,1,5,79.34,73.04,81,0
9,1,6,78.98,73.94,85,44
9,1,7,82.94,75.92,79,115
9,1,8,84.02,73.94,72,243
9,1,9,84.02,75.02,74,520
9,1,10,86.0,75.02,70,453
9,1,11,89.06,73.04,59,721
9,1,12,87.98,73.94,63,811
9,1,13,87.98,73.94,63,743
9,1,14,89.06,73.94,61,743
9,1,15,86.0,73.94,67,440
9,1,16,84.02,75.02,74,203
9,1,17,84.02,75.02,74,110
9,1,18,82.94,73.94,74,17
9,1,19,82.94,75.02,77,0
9,1,20,82.94,75.02,77,0
9,1,21,82.94,75.02,77,0
9,1,22,82.04,75.02,79,0
9,1,23,80.96,75.02,82,0
9,2,24,80.96,73.94,79,0
9,2,1,80.06,73.94,82,0
9,2,2,80.06,75.02,85,0
9,2,3,78.98,73.94,85,0
9,2,4,80.06,73.94,82,0
9,2,5,80.06,75.02,85,0
9,2,6,80.96,73.94,79,50
9,2,7,84.92,73.04,67,238
9,2,8,84.92,73.94,70,291
9,2,9,77.0,73.04,87,133
9,2,10,77.0,73.94,91,229
9,2,11,80.06,75.92,88,489
9,2,12,82.04,77.0,85,789
9,2,13,84.92,75.92,75,447
9,2,14,78.98,73.04,82,212
9,2,15,82.94,73.04,72,333
9,2,16,84.02,75.92,77,217
9,2,17,82.94,75.92,79,104
9,2,18,82.04,75.92,82,15
9,2,19,82.04,75.92,82,0
9,2,20,80.06,73.94,82,0
9,2,21,78.08,75.02,91,0
9,2,22,78.08,73.04,85,0
9,2,23,78.98,73.04,82,0
9,3,24,78.08,73.94,88,0
9,3,1,78.08,73.94,88,0
9,3,2,78.08,75.02,91,0
9,3,3,78.08,75.02,91,0
9,3,4,78.08,75.02,91,0
9,3,5,78.08,75.02,91,0
9,3,6,78.08,75.92,94,45
9,3,7,82.94,75.92,79,207
9,3,8,84.92,73.94,70,448
9,3,9,86.0,73.94,67,634
9,3,10,87.08,73.94,65,732
9,3,11,87.98,73.04,61,891
9,3,12,87.08,73.94,65,795
9,3,13,87.08,73.94,65,866
9,3,14,87.08,73.04,63,822
9,3,15,87.08,73.04,63,631
9,3,16,86.0,73.94,67,382
9,3,17,84.92,75.02,72,159
9,3,18,82.94,73.04,72,22
9,3,19,82.04,73.94,77,0
9,3,20,82.04,73.94,77,0
9,3,21,82.04,73.04,74,0
9,3,22,80.96,73.04,77,0
9,3,23,80.96,73.04,77,0
9,4,24,82.04,75.02,79,0
9,4,1,80.96,73.04,77,0
9,4,2,80.96,71.96,74,0
9,4,3,80.06,71.96,77,0
9,4,4,80.06,71.96,77,0
9,4,5,78.98,71.96,79,0
9,4,6,78.98,71.96,79,31
9,4,7,84.02,73.04,70,233
9,4,8,86.0,73.04,65,427
9,4,9,84.92,73.04,67,526
9,4,10,86.0,73.04,65,675
9,4,11,87.08,71.96,61,844
9,4,12,87.98,71.06,57,954
9,4,13,87.98,69.98,55,816
9,4,14,87.08,71.96,61,750
9,4,15,86.0,73.94,67,562
9,4,16,82.94,73.94,74,161
9,4,17,84.92,73.94,70,124
9,4,18,82.94,73.04,72,16
9,4,19,82.94,73.94,74,0
9,4,20,82.04,71.96,72,0
9,4,21,82.04,71.06,69,0
9,4,22,80.96,71.06,72,0
9,4,23,80.96,71.06,72,0
9,5,24,80.96,71.06,72,0
9,5,1,80.96,71.06,72,0
9,5,2,80.06,71.96,77,0
9,5,3,78.98,73.04,82,0
9,5,4,78.08,71.96,82,0
9,5,5,78.98,73.04,82,0
9,5,6,80.06,73.04,79,39
9,5,7,84.02,75.02,74,219
9,5,8,84.02,73.04,70,331
9,5,9,86.0,71.96,63,554
9,5,10,87.08,71.06,59,657
9,5,11,87.98,73.04,61,764
9,5,12,89.06,73.04,59,935
9,5,13,89.06,73.94,61,725
9,5,14,80.06,73.04,79,500
9,5,15,82.94,73.94,74,323
9,5,16,84.92,73.94,70,235
9,5,17,84.02,73.94,72,118
9,5,18,82.04,73.94,77,11
9,5,19,82.04,75.02,79,0
9,5,20,80.96,73.94,79,0
9,5,21,80.96,73.94,79,0
9,5,22,80.06,73.94,82,0
9,5,23,80.06,73.94,82,0
9,6,24,80.06,75.02,85,0
9,6,1,78.98,73.94,85,0
9,6,2,78.08,73.94,88,0
9,6,3,78.08,71.96,82,0
9,6,4,77.0,73.04,87,0
9,6,5,75.92,71.96,87,0
9,6,6,77.0,73.94,91,38
9,6,7,80.96,73.94,79,194
9,6,8,84.02,73.94,72,446
9,6,9,87.08,71.96,61,669
9,6,10,87.98,71.06,57,787
9,6,11,89.06,73.94,61,772
9,6,12,89.06,73.94,61,914
9,6,13,84.92,71.06,63,435
9,6,14,77.0,73.04,87,609
9,6,15,82.04,75.02,79,524
9,6,16,84.02,73.04,70,287
9,6,17,80.96,73.04,77,121
9,6,18,80.96,71.96,74,14
9,6,19,80.06,71.96,77,0
9,6,20,78.98,73.94,85,0
9,6,21,80.06,73.04,79,0
9,6,22,78.08,73.94,88,0
9,6,23,78.98,73.94,85,0
9,7,24,78.08,73.94,88,0
9,7,1,77.0,73.04,87,0
9,7,2,77.0,73.94,91,0
9,7,3,75.92,73.94,94,0
9,7,4,77.0,73.04,87,0
9,7,5,75.92,71.96,87,0
9,7,6,75.92,73.04,90,49
9,7,7,80.06,73.04,79,233
9,7,8,82.94,73.04,72,467
9,7,9,86.0,73.94,67,680
9,7,10,87.08,73.04,63,840
9,7,11,87.98,73.04,61,955
9,7,12,89.06,71.06,55,740
9,7,13,89.06,75.02,63,810
9,7,14,82.94,69.98,65,406
9,7,15,80.06,69.08,69,261
9,7,16,77.0,66.92,71,125
9,7,17,77.0,66.92,71,100
9,7,18,77.0,66.92,71,10
9,7,19,77.0,68.0,74,0
9,7,20,78.08,69.08,74,0
9,7,21,77.0,66.92,71,0
9,7,22,77.0,69.98,79,0
9,7,23,75.92,69.98,82,0
9,8,24,75.92,69.08,79,0
9,8,1,75.02,69.08,82,0
9,8,2,73.94,69.98,87,0
9,8,3,73.94,69.98,87,0
9,8,4,73.94,69.98,87,0
9,8,5,73.94,69.98,87,0
9,8,6,77.0,71.06,82,54
9,8,7,82.04,73.94,77,241
9,8,8,84.02,73.94,72,485
9,8,9,84.92,71.96,65,656
9,8,10,87.08,73.94,65,771
9,8,11,87.98,73.04,61,909
9,8,12,87.98,71.96,59,787
9,8,13,87.98,71.06,57,817
9,8,14,86.0,68.0,55,770
9,8,15,86.0,71.06,61,616
9,8,16,82.94,71.06,67,384
9,8,17,84.02,69.08,61,147
9,8,18,82.94,69.08,63,28
9,8,19,82.04,68.0,63,0
9,8,20,82.04,71.06,69,0
9,8,21,80.06,71.96,77,0
9,8,22,80.06,71.96,77,0
9,8,23,78.98,71.96,79,0
9,9,24,78.98,71.96,79,0
9,9,1,78.98,71.96,79,0
9,9,2,77.0,73.04,87,0
9,9,3,78.98,71.96,79,0
9,9,4,75.92,73.04,90,0
9,9,5,77.0,71.96,85,0
9,9,6,78.08,73.04,85,45
9,9,7,80.96,73.94,79,146
9,9,8,84.02,73.94,72,386
9,9,9,86.0,73.04,65,582
9,9,10,87.98,71.06,57,809
9,9,11,87.98,69.98,55,937
9,9,12,89.06,71.96,57,956
9,9,13,89.06,71.06,55,695
9,9,14,87.98,71.06,57,757
9,9,15,87.98,71.06,57,594
9,9,16,87.08,73.04,63,353
9,9,17,84.92,71.96,65,123
9,9,18,84.02,71.06,65,24
9,9,19,82.94,71.96,69,0
9,9,20,82.94,71.96,69,0
9,9,21,82.04,71.96,72,0
9,9,22,78.08,71.96,82,0
9,9,23,78.98,71.96,79,0
9,10,24,78.08,73.94,88,0
9,10,1,78.08,75.02,91,0
9,10,2,77.0,73.04,87,0
9,10,3,77.0,73.04,87,0
9,10,4,77.0,73.04,87,0
9,10,5,77.0,73.04,87,0
9,10,6,77.0,73.04,87,26
9,10,7,78.08,73.04,85,205
9,10,8,82.94,73.94,74,363
9,10,9,86.0,78.08,77,609
9,10,10,87.08,71.06,59,512
9,10,11,87.98,71.06,57,909
9,10,12,87.98,71.96,59,744
9,10,13,87.98,71.06,57,679
9,10,14,87.08,71.06,59,586
9,10,15,87.08,71.96,61,498
9,10,16,86.0,71.06,61,319
9,10,17,84.92,73.04,67,80
9,10,18,84.02,73.04,70,19
9,10,19,82.94,73.04,72,0
9,10,20,75.92,73.04,90,0
9,10,21,77.0,73.04,87,0
9,10,22,77.0,73.94,91,0
9,10,23,77.0,73.94,91,0
9,11,24,77.0,73.94,91,0
9,11,1,77.0,73.94,91,0
9,11,2,75.92,73.04,90,0
9,11,3,75.92,71.96,87,0
9,11,4,75.92,73.04,90,0
9,11,5,75.92,73.04,90,0
9,11,6,77.0,73.94,91,47
9,11,7,80.06,75.02,85,182
9,11,8,82.94,75.02,77,317
9,11,9,84.92,75.92,75,557
9,11,10,87.08,73.04,63,675
9,11,11,87.08,73.94,65,862
9,11,12,87.08,73.94,65,794
9,11,13,87.98,73.94,63,811
9,11,14,89.06,73.04,59,689
9,11,15,87.98,71.96,59,582
9,11,16,86.0,71.96,63,277
9,11,17,84.02,73.04,70,92
9,11,18,82.94,73.04,72,13
9,11,19,82.04,73.94,77,0
9,11,20,82.04,71.96,72,0
9,11,21,82.04,73.04,74,0
9,11,22,82.04,73.94,77,0
9,11,23,82.04,73.94,77,0
9,12,24,80.96,75.02,82,0
9,12,1,80.06,75.92,88,0
9,12,2,80.06,75.02,85,0
9,12,3,77.0,73.04,87,0
9,12,4,77.0,75.02,94,0
9,12,5,78.08,75.92,94,0
9,12,6,78.98,73.04,82,32
9,12,7,82.04,75.02,79,139
9,12,8,82.94,75.02,77,295
9,12,9,86.0,75.92,72,477
9,12,10,84.92,75.92,75,524
9,12,11,87.08,73.94,65,706
9,12,12,87.08,73.94,65,806
9,12,13,87.08,75.02,68,661
9,12,14,82.94,73.94,74,515
9,12,15,86.0,75.92,72,472
9,12,16,84.92,75.02,72,309
9,12,17,82.94,73.94,74,96
9,12,18,78.08,73.04,85,15
9,12,19,80.96,73.94,79,0
9,12,20,82.04,73.04,74,0
9,12,21,82.04,73.04,74,0
9,12,22,80.96,73.04,77,0
9,12,23,82.04,73.94,77,0
9,13,24,80.96,73.04,77,0
9,13,1,80.96,71.96,74,0
9,13,2,80.96,71.96,74,0
9,13,3,80.96,71.96,74,0
9,13,4,80.96,71.96,74,0
9,13,5,80.96,71.96,74,0
9,13,6,82.04,73.04,74,33
9,13,7,82.94,73.94,74,184
9,13,8,86.0,73.94,67,367
9,13,9,87.08,73.94,65,569
9,13,10,87.08,73.04,63,700
9,13,11,87.08,73.04,63,708
9,13,12,87.08,73.04,63,823
9,13,13,89.06,69.98,54,810
9,13,14,87.98,73.94,63,643
9,13,15,86.0,71.96,63,463
9,13,16,86.0,73.04,65,298
9,13,17,84.92,71.96,65,105
9,13,18,82.94,71.06,67,11
9,13,19,82.94,71.06,67,0
9,13,20,82.04,71.96,72,0
9,13,21,82.04,71.96,72,0
9,13,22,82.04,71.96,72,0
9,13,23,80.96,71.96,74,0
9,14,24,80.96,71.06,72,0
9,14,1,78.98,71.96,79,0
9,14,2,77.0,71.96,85,0
9,14,3,77.0,71.96,85,0
9,14,4,75.92,71.96,87,0
9,14,5,77.0,71.96,85,0
9,14,6,77.0,71.96,85,33
9,14,7,80.96,71.96,74,195
9,14,8,84.02,69.98,63,389
9,14,9,84.02,71.96,67,684
9,14,10,86.0,71.96,63,669
9,14,11,87.08,73.04,63,610
9,14,12,84.92,71.96,65,540
9,14,13,84.92,71.96,65,287
9,14,14,78.08,71.06,79,196
9,14,15,75.02,73.04,93,153
9,14,16,75.92,73.04,90,63
9,14,17,77.0,73.04,87,44
9,14,18,75.92,73.04,90,14
9,14,19,75.92,73.04,90,0
9,14,20,75.92,73.04,90,0
9,14,21,75.02,73.04,93,0
9,14,22,75.92,73.04,90,0
9,14,23,75.92,71.96,87,0
9,15,24,75.02,71.96,90,0
9,15,1,75.92,71.96,87,0
9,15,2,75.02,71.96,90,0
9,15,3,73.94,71.96,93,0
9,15,4,73.94,71.96,93,0
9,15,5,73.94,71.96,93,0
9,15,6,73.94,71.96,93,25
9,15,7,75.02,71.06,87,158
9,15,8,75.92,71.06,85,105
9,15,9,82.04,69.98,67,552
9,15,10,84.92,71.96,65,705
9,15,11,87.08,69.98,57,928
9,15,12,86.0,71.96,63,835
9,15,13,84.92,69.98,61,770
9,15,14,86.0,71.06,61,602
9,15,15,84.92,69.98,61,340
9,15,16,84.02,71.96,67,312
9,15,17,82.94,71.96,69,87
9,15,18,80.96,73.04,77,14
9,15,19,80.06,71.96,77,0
9,15,20,80.96,71.96,74,0
9,15,21,80.06,71.96,77,0
9,15,22,77.0,69.98,79,0
9,15,23,77.0,69.98,79,0
9,16,24,78.08,71.96,82,0
9,16,1,78.08,71.96,82,0
9,16,2,75.92,71.96,87,0
9,16,3,75.92,71.96,87,0
9,16,4,75.02,71.96,90,0
9,16,5,75.02,73.04,93,0
9,16,6,75.92,71.96,87,44
9,16,7,80.06,71.96,77,215
9,16,8,80.96,73.04,77,269
9,16,9,84.02,73.04,70,439
9,16,10,86.0,73.04,65,452
9,16,11,87.08,71.96,61,632
9,16,12,87.08,71.96,61,557
9,16,13,86.0,71.96,63,735
9,16,14,86.0,71.96,63,648
9,16,15,84.92,69.98,61,571
9,16,16,84.92,71.06,63,307
9,16,17,80.96,71.96,74,109
9,16,18,78.98,68.0,69,17
9,16,19,78.08,69.08,74,0
9,16,20,78.08,71.96,82,0
9,16,21,78.08,73.04,85,0
9,16,22,78.08,71.96,82,0
9,16,23,78.08,71.06,79,0
9,17,24,77.0,71.96,85,0
9,17,1,77.0,71.96,85,0
9,17,2,75.92,71.06,85,0
9,17,3,75.02,71.06,87,0
9,17,4,73.94,71.06,90,0
9,17,5,75.02,71.06,87,0
9,17,6,75.02,71.96,90,35
9,17,7,80.96,73.04,77,190
9,17,8,84.92,73.94,70,453
9,17,9,86.0,71.96,63,646
9,17,10,87.08,73.04,63,750
9,17,11,87.08,73.04,63,899
9,17,12,87.08,73.04,63,920
9,17,13,87.98,73.04,61,865
9,17,14,87.98,73.94,63,755
9,17,15,84.92,73.04,67,479
9,17,16,80.06,69.08,69,260
9,17,17,80.06,69.98,72,103
9,17,18,80.96,69.08,67,10
9,17,19,80.06,71.06,74,0
9,17,20,78.98,73.04,82,0
9,17,21,78.08,73.04,85,0
9,17,22,78.08,73.04,85,0
9,17,23,78.08,73.04,85,0
9,18,24,78.08,73.94,88,0
9,18,1,78.08,73.94,88,0
9,18,2,78.08,73.04,85,0
9,18,3,77.0,73.94,91,0
9,18,4,77.0,73.94,91,0
9,18,5,77.0,73.04,87,0
9,18,6,77.0,73.94,91,29
9,18,7,80.96,73.94,79,148
9,18,8,84.92,75.02,72,390
9,18,9,84.92,75.02,72,430
9,18,10,87.08,71.96,61,378
9,18,11,87.98,73.94,63,737
9,18,12,84.92,73.94,70,351
9,18,13,84.92,75.02,72,200
9,18,14,84.02,73.94,72,200
9,18,15,84.02,73.94,72,128
9,18,16,84.02,73.94,72,101
9,18,17,80.96,69.08,67,52
9,18,18,80.96,71.06,72,9
9,18,19,78.98,73.04,82,0
9,18,20,73.04,71.06,93,0
9,18,21,73.94,71.96,93,0
9,18,22,73.94,71.96,93,0
9,18,23,75.02,73.04,93,0
9,19,24,75.02,73.94,97,0
9,19,1,75.92,73.94,94,0
9,19,2,77.0,75.02,94,0
9,19,3,77.0,73.94,91,0
9,19,4,77.0,73.94,91,0
9,19,5,77.0,75.02,94,0
9,19,6,78.08,75.02,91,20
9,19,7,77.0,73.94,91,89
9,19,8,80.06,75.92,88,177
9,19,9,82.04,78.08,88,267
9,19,10,77.0,71.06,82,189
9,19,11,75.02,71.06,87,314
9,19,12,77.0,73.04,87,522
9,19,13,75.92,73.04,90,159
9,19,14,75.02,71.06,87,124
9,19,15,78.08,73.94,88,236
9,19,16,75.92,73.94,94,81
9,19,17,75.92,73.04,90,32
9,19,18,75.02,73.04,93,2
9,19,19,73.04,71.96,97,0
9,19,20,73.94,71.96,93,0
9,19,21,75.02,73.04,93,0
9,19,22,75.02,73.94,97,0
9,19,23,75.02,73.94,97,0
9,20,24,75.02,73.94,97,0
9,20,1,75.02,73.04,93,0
9,20,2,73.04,71.06,93,0
9,20,3,73.04,69.98,90,0
9,20,4,73.94,69.98,87,0
9,20,5,73.94,71.06,90,0
9,20,6,75.92,71.06,85,15
9,20,7,78.98,73.04,82,104
9,20,8,80.96,73.94,79,222
9,20,9,82.04,73.94,77,274
9,20,10,82.04,75.02,79,298
9,20,11,82.04,77.0,85,351
9,20,12,77.0,73.94,91,192
9,20,13,75.92,73.04,90,209
9,20,14,77.0,73.94,91,175
9,20,15,78.98,75.02,88,163
9,20,16,80.06,73.94,82,168
9,20,17,80.06,75.02,85,29
9,20,18,80.06,75.92,88,8
9,20,19,73.04,69.98,90,0
9,20,20,73.04,71.06,93,0
9,20,21,73.04,71.06,93,0
9,20,22,73.04,71.06,93,0
9,20,23,73.94,71.96,93,0
9,21,24,73.94,71.96,93,0
9,21,1,75.02,71.96,90,0
9,21,2,77.0,73.04,87,0
9,21,3,78.08,75.02,90,0
9,21,4,78.08,75.02,90,0
9,21,5,78.98,75.02,87,0
9,21,6,80.06,75.02,84,34
9,21,7,80.06,75.92,87,104
9,21,8,75.02,66.92,76,54
9,21,9,73.04,62.96,71,193
9,21,10,75.02,66.92,76,235
9,21,11,73.04,69.08,87,244
9,21,12,73.04,69.98,90,281
9,21,13,75.02,69.98,84,232
9,21,14,75.02,69.98,84,212
9,21,15,77.0,71.06,81,147
9,21,16,78.08,71.96,81,84
9,21,17,78.08,73.04,84,37
9,21,18,77.0,73.04,87,2
9,21,19,78.08,73.04,84,0
9,21,20,78.08,75.02,90,0
9,21,21,73.04,69.98,90,0
9,21,22,73.04,66.92,81,0
9,21,23,73.94,69.98,87,0
9,22,24,73.04,69.98,90,0
9,22,1,73.94,71.06,90,0
9,22,2,73.94,71.96,93,0
9,22,3,77.0,73.94,90,0
9,22,4,78.98,73.04,81,0
9,22,5,80.06,75.02,84,0
9,22,6,80.06,73.94,81,31
9,22,7,80.96,75.02,82,105
9,22,8,82.04,75.02,79,393
9,22,9,84.02,75.02,74,600
9,22,10,84.92,75.02,72,684
9,22,11,84.92,73.94,69,897
9,22,12,84.92,73.94,69,878
9,22,13,86.0,73.94,67,757
9,22,14,84.92,73.04,67,605
9,22,15,84.92,73.94,69,483
9,22,16,84.02,73.04,69,212
9,22,17,82.94,73.94,74,69
9,22,18,80.96,73.04,76,7
9,22,19,80.96,73.94,79,0
9,22,20,80.96,75.02,82,0
9,22,21,80.06,73.94,81,0
9,22,22,80.06,73.94,81,0
9,22,23,78.98,75.02,87,0
9,23,24,78.98,73.94,84,0
9,23,1,78.08,73.94,87,0
9,23,2,78.98,73.94,84,0
9,23,3,77.0,73.94,90,0
9,23,4,75.92,73.94,93,0
9,23,5,75.92,73.94,93,0
9,23,6,75.02,73.04,93,33
9,23,7,78.08,73.04,84,86
9,23,8,82.94,73.94,74,357
9,23,9,82.94,75.02,76,583
9,23,10,86.0,73.94,67,734
9,23,11,86.0,73.94,67,811
9,23,12,86.0,73.04,65,584
9,23,13,78.08,71.96,81,139
9,23,14,78.98,71.96,79,442
9,23,15,80.96,71.06,71,416
9,23,16,78.98,73.04,81,154
9,23,17,78.08,71.96,81,53
9,23,18,77.0,71.96,84,5
9,23,19,77.0,71.96,84,0
9,23,20,75.92,71.96,87,0
9,23,21,71.96,71.06,96,0
9,23,22,73.04,71.06,93,0
9,23,23,75.02,73.04,93,0
9,24,24,75.02,73.04,93,0
9,24,1,75.02,73.94,96,0
9,24,2,75.02,73.04,93,0
9,24,3,75.02,71.96,90,0
9,24,4,73.94,71.96,93,0
9,24,5,73.04,71.06,93,0
9,24,6,73.94,71.06,90,29
9,24,7,75.02,71.96,90,77
9,24,8,78.08,71.96,81,303
9,24,9,80.96,71.96,74,521
9,24,10,82.94,71.96,69,614
9,24,11,84.92,71.96,65,879
9,24,12,84.02,71.96,67,784
9,24,13,84.92,69.98,60,819
9,24,14,84.02,69.98,62,567
9,24,15,84.02,69.98,62,315
9,24,16,82.94,71.96,69,198
9,24,17,82.04,71.06,69,53
9,24,18,80.96,71.06,71,2
9,24,19,80.06,71.96,76,0
9,24,20,78.98,71.06,76,0
9,24,21,78.08,71.96,81,0
9,24,22,77.0,71.96,84,0
9,24,23,77.0,71.96,84,0
9,25,24,77.0,71.96,84,0
9,25,1,75.92,69.98,81,0
9,25,2,75.02,71.06,87,0
9,25,3,75.02,71.06,89,0
9,25,4,75.02,71.06,87,0
9,25,5,73.94,71.06,90,0
9,25,6,75.02,71.06,87,45
9,25,7,78.98,71.96,79,169
9,25,8,82.04,73.04,74,380
9,25,9,84.92,69.98,60,658
9,25,10,86.0,69.98,58,683
9,25,11,86.0,71.06,61,905
9,25,12,87.08,69.98,57,857
9,25,13,86.0,71.06,61,801
9,25,14,86.0,71.06,61,722
9,25,15,84.92,69.98,60,412
9,25,16,84.02,71.96,67,312
9,25,17,82.94,71.96,69,75
9,25,18,82.04,71.06,69,4
9,25,19,80.96,71.06,71,0
9,25,20,80.96,73.04,76,0
9,25,21,78.98,73.04,81,0
9,25,22,77.0,71.96,84,0
9,25,23,77.0,71.96,84,0
9,26,24,75.92,71.96,87,0
9,26,1,75.92,73.04,90,0
9,26,2,75.02,71.96,90,0
9,26,3,73.94,71.06,90,0
9,26,4,73.94,71.06,90,0
9,26,5,73.94,71.96,93,0
9,26,6,73.94,71.96,93,17
9,26,7,78.08,73.04,84,138
9,26,8,82.04,73.04,74,379
9,26,9,84.92,73.04,67,609
9,26,10,87.98,71.96,59,788
9,26,11,89.96,69.98,51,864
9,26,12,89.96,71.06,53,659
9,26,13,86.0,69.98,58,652
9,26,14,87.08,71.96,61,466
9,26,15,89.06,73.94,61,473
9,26,16,84.92,73.04,67,228
9,26,17,82.94,73.04,71,55
9,26,18,82.04,73.94,76,3
9,26,19,80.96,73.94,79,0
9,26,20,80.96,73.04,76,0
9,26,21,78.98,73.94,84,0
9,26,22,78.08,75.02,90,0
9,26,23,78.08,75.02,90,0
9,27,24,77.0,75.02,93,0
9,27,1,75.92,73.94,93,0
9,27,2,75.92,73.94,93,0
9,27,3,75.02,73.94,96,0
9,27,4,75.02,73.04,93,0
9,27,5,73.94,73.04,96,0
9,27,6,75.02,73.94,96,44
9,27,7,78.08,75.02,90,208
9,27,8,82.04,73.94,76,466
9,27,9,84.92,71.96,65,568
9,27,10,87.08,73.04,63,818
9,27,11,87.08,69.98,57,868
9,27,12,89.06,69.08,51,917
9,27,13,89.06,68.0,50,849
9,27,14,89.06,68.0,50,721
9,27,15,89.06,69.08,51,470
9,27,16,87.08,69.08,55,270
9,27,17,84.92,69.98,60,83
9,27,18,82.04,71.06,69,3
9,27,19,80.96,71.96,74,0
9,27,20,80.06,73.04,79,0
9,27,21,78.08,73.04,84,0
9,27,22,77.0,73.04,87,0
9,27,23,77.0,73.94,90,0
9,28,24,75.92,73.94,93,0
9,28,1,75.92,73.94,93,0
9,28,2,75.92,73.94,93,0
9,28,3,75.02,75.02,100,0
9,28,4,75.02,73.94,96,0
9,28,5,75.02,73.94,96,0
9,28,6,75.92,73.94,93,33
9,28,7,78.98,75.02,87,173
9,28,8,82.04,73.04,74,381
9,28,9,84.02,64.94,52,543
9,28,10,82.94,71.06,67,364
9,28,11,78.98,71.96,79,590
9,28,12,78.08,71.06,79,488
9,28,13,75.92,73.94,93,207
9,28,14,77.0,71.96,84,260
9,28,15,80.96,73.04,76,345
9,28,16,78.98,73.04,81,217
9,28,17,78.08,71.06,79,66
9,28,18,77.0,73.04,87,0
9,28,19,77.0,73.04,87,0
9,28,20,75.92,71.06,84,0
9,28,21,75.02,69.98,84,0
9,28,22,73.94,69.98,87,0
9,28,23,73.94,71.06,90,0
9,29,24,73.04,71.06,93,0
9,29,1,73.04,71.06,93,0
9,29,2,73.04,71.06,93,0
9,29,3,73.04,71.06,93,0
9,29,4,73.04,71.06,93,0
9,29,5,73.04,71.96,96,0
9,29,6,73.04,71.06,93,29
9,29,7,75.02,71.96,90,146
9,29,8,78.98,75.02,87,294
9,29,9,80.96,75.02,82,347
9,29,10,82.04,73.94,76,269
9,29,11,80.06,71.96,76,320
9,29,12,82.04,73.04,74,135
9,29,13,78.98,68.0,69,555
9,29,14,78.98,73.04,81,431
9,29,15,80.06,73.94,81,315
9,29,16,78.98,71.96,79,152
9,29,17,78.98,73.04,81,62
9,29,18,78.08,73.04,84,2
9,29,19,78.08,75.02,90,0
9,29,20,78.08,73.94,87,0
9,29,21,77.0,73.94,90,0
9,29,22,77.0,73.04,87,0
9,29,23,77.0,73.04,87,0
9,30,24,77.0,73.04,87,0
9,30,1,77.0,73.94,90,0
9,30,2,75.92,73.04,90,0
9,30,3,75.92,73.04,90,0
9,30,4,75.92,73.04,90,0
9,30,5,75.02,73.04,93,0
9,30,6,75.92,73.94,93,42
9,30,7,80.96,73.94,79,213
9,30,8,82.94,75.02,76,381
9,30,9,84.92,75.02,72,533
9,30,10,84.92,73.04,67,539
9,30,11,86.0,75.02,69,609
9,30,12,84.02,73.04,69,349
9,30,13,82.94,75.02,76,480
9,30,14,82.94,71.96,69,537
9,30,15,82.94,73.04,71,199
9,30,16,78.98,69.98,74,129
9,30,17,78.98,71.06,76,52
9,30,18,77.9,71.24,80,2
9,30,19,77.72,72.14,82,0
9,30,20,77.54,71.6,81,0
9,30,21,77.0,71.96,84,0
9,30,22,77.0,72.14,84,0
9,30,23,76.82,72.32,85,0
10,1,24,77.18,72.68,86,0
10,1,1,77.36,73.04,86,0
10,1,2,77.72,73.58,86,0
10,1,3,78.08,73.94,86,0
10,1,4,78.08,74.48,88,0
10,1,5,78.26,75.38,91,0
10,1,6,78.08,75.92,94,44
10,1,7,78.8,76.28,92,176
10,1,8,79.34,76.1,90,256
10,1,9,80.06,75.92,88,434
10,1,10,80.96,75.38,83,540
10,1,11,82.04,74.84,79,696
10,1,12,82.94,73.94,74,693
10,1,13,82.58,73.94,75,575
10,1,14,82.4,74.12,76,502
10,1,15,82.04,73.94,77,370
10,1,16,81.32,74.12,79,257
10,1,17,80.78,74.12,80,56
10,1,18,80.06,73.94,82,1
10,1,19,79.34,73.76,83,0
10,1,20,78.8,73.58,84,0
10,1,21,78.08,73.04,85,0
10,1,22,77.72,73.22,86,0
10,1,23,77.36,72.86,86,0
10,2,24,77.0,73.04,87,0
10,2,1,76.64,72.86,88,0
10,2,2,76.28,72.86,89,0
10,2,3,75.92,73.04,90,0
10,2,4,75.56,72.68,91,0
10,2,5,75.38,73.22,93,0
10,2,6,75.02,73.04,94,38
10,2,7,76.28,73.76,92,148
10,2,8,77.72,74.48,90,245
10,2,9,78.98,75.02,88,237
10,2,10,80.6,75.02,83,365
10,2,11,82.4,75.2,79,659
10,2,12,84.02,75.02,74,767
10,2,13,84.02,73.94,72,683
10,2,14,84.02,72.68,69,620
10,2,15,84.02,71.96,67,462
10,2,16,82.4,71.6,70,273
10,2,17,80.6,71.6,74,70
10,2,18,78.98,71.06,77,0
10,2,19,77.9,70.88,79,0
10,2,20,77.0,70.34,80,0
10,2,21,75.92,69.98,82,0
10,2,22,75.2,70.34,85,0
10,2,23,74.66,70.52,87,0
10,3,24,73.94,71.06,90,0
10,3,1,73.58,70.88,91,0
10,3,2,73.4,70.88,92,0
10,3,3,73.04,71.06,93,0
10,3,4,73.04,70.88,93,0
10,3,5,73.04,70.88,93,0
10,3,6,73.04,71.06,93,26
10,3,7,75.74,71.24,86,169
10,3,8,78.26,71.24,79,427
10,3,9,80.96,71.06,72,616
10,3,10,82.22,71.42,70,783
10,3,11,83.66,71.6,67,543
10,3,12,84.92,71.96,65,618
10,3,13,84.02,71.96,67,621
10,3,14,82.94,72.14,70,589
10,3,15,82.04,71.96,72,344
10,3,16,81.32,72.32,74,219
10,3,17,80.78,72.14,75,52
10,3,18,80.06,71.96,77,0
10,3,19,78.62,72.32,81,0
10,3,20,77.36,72.86,86,0
10,3,21,75.92,73.04,90,0
10,3,22,75.2,72.68,92,0
10,3,23,74.66,73.22,95,0
10,4,24,73.94,73.04,97,0
10,4,1,74.3,73.04,96,0
10,4,2,74.66,73.22,95,0
10,4,3,75.02,73.04,94,0
10,4,4,74.3,72.86,95,0
10,4,5,73.76,72.5,96,0
10,4,6,73.04,71.96,97,38
10,4,7,75.38,71.96,89,203
10,4,8,77.72,71.06,80,424
10,4,9,80.06,69.98,72,610
10,4,10,81.68,69.62,67,750
10,4,11,83.3,68.9,62,835
10,4,12,84.92,68.0,57,854
10,4,13,84.92,68.54,58,795
10,4,14,84.92,68.54,58,689
10,4,15,84.92,69.08,59,385
10,4,16,83.66,68.36,60,223
10,4,17,82.22,68.0,62,59
10,4,18,80.96,66.92,63,1
10,4,19,80.24,68.72,68,0
10,4,20,79.7,70.7,74,0
10,4,21,78.98,71.96,79,0
10,4,22,77.72,71.78,82,0
10,4,23,76.28,71.06,84,0
10,5,24,75.02,71.06,87,0
10,5,1,75.02,71.6,89,0
10,5,2,75.02,72.5,92,0
10,5,3,75.02,73.04,94,0
10,5,4,75.38,72.86,92,0
10,5,5,75.56,72.14,89,0
10,5,6,75.92,71.96,87,37
10,5,7,78.98,72.32,80,185
10,5,8,81.86,71.96,72,308
10,5,9,84.92,71.96,65,414
10,5,10,84.92,71.78,65,537
10,5,11,84.92,71.78,65,832
10,5,12,84.92,71.96,65,670
10,5,13,84.56,72.32,67,501
10,5,14,84.38,72.68,68,555
10,5,15,84.02,73.04,70,232
10,5,16,82.04,74.12,77,105
10,5,17,80.06,74.84,84,41
10,5,18,78.08,75.02,91,0
10,5,19,77.72,74.84,91,0
10,5,20,77.36,74.12,90,0
10,5,21,77.0,73.94,90,0
10,5,22,77.36,73.58,88,0
10,5,23,77.72,73.58,87,0
10,6,24,78.08,73.04,85,0
10,6,1,78.08,73.58,86,0
10,6,2,78.08,73.94,87,0
10,6,3,78.08,73.94,88,0
10,6,4,78.08,74.66,89,0
10,6,5,78.08,74.84,90,0
10,6,6,78.08,75.02,91,29
10,6,7,80.42,75.56,85,195
10,6,8,82.58,75.02,78,350
10,6,9,84.92,75.02,72,588
10,6,10,85.64,74.3,69,644
10,6,11,86.36,73.58,66,691
10,6,12,87.08,73.04,63,722
10,6,13,86.72,73.58,65,819
10,6,14,86.36,73.58,66,678
10,6,15,86.0,73.94,68,491
10,6,16,84.92,74.12,70,274
10,6,17,84.02,73.94,72,65
10,6,18,82.94,73.94,74,0
10,6,19,82.04,73.76,76,0
10,6,20,80.96,73.04,77,0
10,6,21,80.06,73.04,79,0
10,6,22,80.78,72.86,77,0
10,6,23,81.32,73.04,76,0
10,7,24,82.04,73.04,74,0
10,7,1,82.04,72.86,74,0
10,7,2,82.04,72.86,74,0
10,7,3,82.04,73.04,74,0
10,7,4,81.68,73.4,76,0
10,7,5,81.32,73.4,77,0
10,7,6,80.96,73.94,79,29
10,7,7,82.94,73.76,74,148
10,7,8,85.1,74.3,70,316
10,7,9,87.08,73.94,65,553
10,7,10,87.08,73.4,64,666
10,7,11,87.08,73.4,64,537
10,7,12,87.08,73.04,63,482
10,7,13,87.44,72.86,62,575
10,7,14,87.62,73.04,62,529
10,7,15,87.98,73.04,61,392
10,7,16,86.0,72.86,65,226
10,7,17,84.02,73.22,70,53
10,7,18,82.04,73.04,74,0
10,7,19,81.68,73.04,75,0
10,7,20,81.32,73.04,76,0
10,7,21,80.96,73.04,77,0
10,7,22,80.24,73.22,79,0
10,7,23,79.7,73.04,80,0
10,8,24,78.98,73.04,82,0
10,8,1,78.98,73.04,82,0
10,8,2,78.98,73.04,82,0
10,8,3,78.98,73.04,82,0
10,8,4,79.34,73.04,81,0
10,8,5,79.7,73.04,80,0
10,8,6,80.06,73.04,79,21
10,8,7,81.68,73.04,75,143
10,8,8,83.3,72.86,71,308
10,8,9,84.92,73.04,67,323
10,8,10,86.36,72.32,63,526
10,8,11,87.62,71.06,58,570
10,8,12,89.06,69.98,54,809
10,8,13,87.98,70.34,56,723
10,8,14,87.08,71.06,59,487
10,8,15,86.0,71.06,61,423
10,8,16,84.74,71.6,65,229
10,8,17,83.3,71.6,68,53
10,8,18,82.04,71.96,72,0
10,8,19,80.96,72.32,75,0
10,8,20,80.06,73.04,79,0
10,8,21,78.98,73.04,82,0
10,8,22,78.26,72.32,82,0
10,8,23,77.72,71.78,82,0
10,9,24,77.0,71.06,82,0
10,9,1,75.92,70.7,84,0
10,9,2,75.02,70.16,85,0
10,9,3,73.94,69.98,87,0
10,9,4,73.94,69.08,85,0
10,9,5,73.94,68.9,84,0
10,9,6,73.94,68.0,82,25
10,9,7,76.64,68.18,75,138
10,9,8,79.34,67.82,68,365
10,9,9,82.04,66.92,61,642
10,9,10,82.94,66.2,57,673
10,9,11,84.02,65.12,53,769
10,9,12,84.92,64.04,49,816
10,9,13,84.92,63.14,48,749
10,9,14,84.92,62.42,47,626
10,9,15,84.92,62.06,46,494
10,9,16,83.3,64.94,54,210
10,9,17,81.68,66.92,61,47
10,9,18,80.06,69.08,69,0
10,9,19,79.34,69.08,71,0
10,9,20,78.8,69.08,72,0
10,9,21,78.08,69.08,74,0
10,9,22,76.64,68.9,77,0
10,9,23,75.38,69.08,81,0
10,10,24,73.94,69.08,84,0
10,10,1,73.58,68.18,83,0
10,10,2,73.4,67.64,82,0
10,10,3,73.04,66.92,81,0
10,10,4,72.68,67.28,83,0
10,10,5,72.32,67.64,85,0
10,10,6,71.96,68.0,87,40
10,10,7,75.38,67.64,77,198
10,10,8,78.62,67.28,68,441
10,10,9,82.04,66.02,58,636
10,10,10,83.3,66.02,56,773
10,10,11,84.74,65.84,53,848
10,10,12,86.0,66.02,51,853
10,10,13,85.64,66.02,52,796
10,10,14,85.28,66.74,54,669
10,10,15,84.92,66.92,55,480
10,10,16,83.3,67.1,58,264
10,10,17,81.68,67.46,62,58
10,10,18,80.06,66.92,65,0
10,10,19,79.34,67.82,68,0
10,10,20,78.8,68.54,71,0
10,10,21,78.08,69.08,74,0
10,10,22,77.0,68.9,76,0
10,10,23,76.1,68.36,77,0
10,11,24,75.02,68.0,79,0
10,11,1,73.94,67.82,81,0
10,11,2,73.04,67.28,82,0
10,11,3,71.96,66.92,84,0
10,11,4,72.32,67.28,84,0
10,11,5,72.68,67.64,84,0
10,11,6,73.04,68.0,84,41
10,11,7,76.64,68.9,77,215
10,11,8,80.42,69.8,70,447
10,11,9,84.02,69.98,63,639
10,11,10,84.74,68.9,59,753
10,11,11,85.28,67.28,55,864
10,11,12,86.0,66.02,51,885
10,11,13,85.64,66.56,53,828
10,11,14,85.28,67.28,55,695
10,11,15,84.92,68.0,57,499
10,11,16,83.3,68.54,61,274
10,11,17,81.68,68.72,65,66
10,11,18,80.06,69.08,69,0
10,11,19,79.34,69.08,71,0
10,11,20,78.8,69.8,74,0
10,11,21,78.08,69.98,76,0
10,11,22,77.72,69.26,75,0
10,11,23,77.36,68.9,75,0
10,12,24,77.0,68.0,74,0
10,12,1,75.38,67.64,77,0
10,12,2,73.58,67.46,81,0
10,12,3,71.96,66.92,84,0
10,12,4,72.32,67.28,84,0
10,12,5,72.68,67.64,84,0
10,12,6,73.04,68.0,84,33
10,12,7,76.64,68.9,77,177
10,12,8,80.42,69.8,70,427
10,12,9,84.02,69.98,63,550
10,12,10,84.38,70.34,63,685
10,12,11,84.56,70.52,63,748
10,12,12,84.92,71.06,63,709
10,12,13,84.02,70.52,64,748
10,12,14,82.94,69.62,64,332
10,12,15,82.04,69.08,65,222
10,12,16,81.68,69.62,67,113
10,12,17,81.32,70.7,70,41
10,12,18,80.96,71.06,72,0
10,12,19,80.06,70.7,73,0
10,12,20,78.98,70.34,75,0
10,12,21,78.08,69.98,76,0
10,12,22,77.72,70.34,78,0
10,12,23,77.36,70.7,80,0
10,13,24,77.0,71.06,82,0
10,13,1,76.64,71.06,83,0
10,13,2,76.28,71.06,84,0
10,13,3,75.92,71.06,85,0
10,13,4,76.28,71.06,84,0
10,13,5,76.64,71.06,83,0
10,13,6,77.0,71.06,82,14
10,13,7,75.92,70.7,84,72
10,13,8,75.02,70.16,85,141
10,13,9,73.94,69.98,87,135
10,13,10,73.94,70.16,88,311
10,13,11,73.94,70.52,89,385
10,13,12,73.94,71.06,90,201
10,13,13,74.3,70.88,89,361
10,13,14,74.66,70.88,88,297
10,13,15,75.02,71.06,87,209
10,13,16,75.74,70.52,84,113
10,13,17,76.28,70.34,82,20
10,13,18,77.0,69.98,79,0
10,13,19,77.72,70.34,78,0
10,13,20,78.26,70.88,78,0
10,13,21,78.98,71.06,77,0
10,13,22,77.9,70.88,79,0
10,13,23,77.0,70.34,80,0
10,14,24,75.92,69.98,82,0
10,14,1,76.28,69.98,81,0
10,14,2,76.64,69.98,80,0
10,14,3,77.0,69.98,79,0
10,14,4,75.74,70.52,84,0
10,14,5,74.3,70.52,88,0
10,14,6,73.04,71.06,93,7
10,14,7,73.76,71.6,93,104
10,14,8,74.3,72.5,94,199
10,14,9,75.02,73.04,94,284
10,14,10,74.3,72.86,95,373
10,14,11,73.76,72.5,96,433
10,14,12,73.04,71.96,97,230
10,14,13,73.04,71.78,96,399
10,14,14,73.04,71.24,94,303
10,14,15,73.04,71.06,93,134
10,14,16,73.4,71.24,93,137
10,14,17,73.58,71.42,93,36
10,14,18,73.94,71.96,93,0
10,14,19,73.58,71.42,93,0
10,14,20,73.4,71.24,93,0
10,14,21,73.04,71.06,93,0
10,14,22,73.4,71.24,93,0
10,14,23,73.58,71.42,93,0
10,15,24,73.94,71.96,93,0
10,15,1,74.3,72.14,93,0
10,15,2,74.66,72.86,94,0
10,15,3,75.02,73.04,94,0
10,15,4,74.66,72.5,93,0
10,15,5,74.3,71.6,91,0
10,15,6,73.94,71.06,90,15
10,15,7,75.56,71.78,88,105
10,15,8,77.36,73.22,87,278
10,15,9,78.98,73.94,85,340
10,15,10,78.98,73.76,84,653
10,15,11,78.98,73.4,83,554
10,15,12,78.98,73.04,82,351
10,15,13,80.24,73.22,79,479
10,15,14,81.68,73.04,75,370
10,15,15,82.94,73.04,72,396
10,15,16,81.68,73.04,75,219
10,15,17,80.24,73.22,79,45
10,15,18,78.98,73.04,82,0
10,15,19,78.26,73.04,84,0
10,15,20,77.72,72.86,85,0
10,15,21,77.0,73.04,87,0
10,15,22,75.92,72.5,89,0
10,15,23,75.02,72.14,91,0
10,16,24,73.94,71.96,93,0
10,16,1,73.58,71.78,94,0
10,16,2,73.4,72.14,96,0
10,16,3,73.04,71.96,97,0
10,16,4,72.68,71.42,96,0
10,16,5,72.32,70.52,94,0
10,16,6,71.96,69.98,93,27
10,16,7,73.94,70.52,89,102
10,16,8,76.1,71.6,86,240
10,16,9,78.08,71.96,82,448
10,16,10,79.34,72.32,79,544
10,16,11,80.78,72.86,77,699
10,16,12,82.04,73.04,74,773
10,16,13,82.76,72.86,72,760
10,16,14,83.3,72.14,69,546
10,16,15,84.02,71.96,67,293
10,16,16,82.76,71.6,69,88
10,16,17,81.32,71.42,72,30
10,16,18,80.06,71.06,74,0
10,16,19,78.98,71.24,77,0
10,16,20,78.08,71.06,79,0
10,16,21,77.0,71.06,82,0
10,16,22,75.92,71.06,85,0
10,16,23,75.02,70.88,87,0
10,17,24,73.94,71.06,90,0
10,17,1,73.58,70.88,91,0
10,17,2,73.4,70.88,92,0
10,17,3,73.04,71.06,93,0
10,17,4,73.04,70.52,92,0
10,17,5,73.04,70.34,91,0
10,17,6,73.04,69.98,90,26
10,17,7,75.38,70.88,86,128
10,17,8,77.72,71.42,81,340
10,17,9,80.06,71.96,77,610
10,17,10,81.68,71.78,72,690
10,17,11,83.3,70.7,66,786
10,17,12,84.92,69.98,61,718
10,17,13,84.2,69.8,62,676
10,17,14,83.66,70.16,64,555
10,17,15,82.94,69.98,65,442
10,17,16,81.68,69.62,67,168
10,17,17,80.24,69.62,70,35
10,17,18,78.98,69.08,72,0
10,17,19,77.72,69.26,75,0
10,17,20,76.28,69.26,79,0
10,17,21,75.02,69.08,82,0
10,17,22,74.3,69.44,85,0
10,17,23,73.76,69.62,87,0
10,18,24,73.04,69.98,90,0
10,18,1,72.32,69.26,90,0
10,18,2,71.78,68.72,90,0
10,18,3,71.06,68.0,90,0
10,18,4,70.7,67.28,89,0
10,18,5,70.34,66.56,88,0
10,18,6,69.98,66.02,87,26
10,18,7,72.32,66.92,83,152
10,18,8,74.66,67.46,78,374
10,18,9,77.0,68.0,74,599
10,18,10,78.62,67.64,69,739
10,18,11,80.42,66.74,63,593
10,18,12,82.04,66.02,58,657
10,18,13,81.68,66.92,61,517
10,18,14,81.32,68.0,64,547
10,18,15,80.96,69.08,67,347
10,18,16,80.24,69.08,69,127
10,18,17,79.7,69.08,70,37
10,18,18,78.98,69.08,72,0
10,18,19,78.62,69.26,73,0
10,18,20,78.44,69.08,73,0
10,18,21,78.08,69.08,74,0
10,18,22,76.64,69.26,78,0
10,18,23,75.38,69.8,83,0
10,19,24,73.94,69.98,87,0
10,19,1,73.04,68.9,87,0
10,19,2,71.96,67.82,87,0
10,19,3,71.06,66.92,87,0
10,19,4,70.7,66.92,88,0
10,19,5,70.34,66.92,89,0
10,19,6,69.98,66.92,90,33
10,19,7,73.4,68.36,84,176
10,19,8,76.64,69.26,78,413
10,19,9,80.06,69.98,72,604
10,19,10,81.68,69.62,67,759
10,19,11,83.3,68.9,62,628
10,19,12,84.92,68.0,57,400
10,19,13,84.56,68.18,58,374
10,19,14,84.38,69.08,60,558
10,19,15,84.02,69.08,61,320
10,19,16,82.76,69.8,65,205
10,19,17,81.32,69.8,68,44
10,19,18,80.06,69.98,72,0
10,19,19,78.08,69.98,76,0
10,19,20,75.92,69.26,80,0
10,19,21,73.94,69.08,84,0
10,19,22,73.94,69.44,86,0
10,19,23,73.94,70.16,88,0
10,20,24,73.94,71.06,90,0
10,20,1,73.94,71.24,91,0
10,20,2,73.94,71.42,92,0
10,20,3,73.94,71.96,93,0
10,20,4,73.58,71.42,93,0
10,20,5,73.4,71.24,93,0
10,20,6,73.04,71.06,93,25
10,20,7,76.28,71.06,84,123
10,20,8,79.7,71.42,76,373
10,20,9,82.94,71.06,67,594
10,20,10,83.3,70.7,66,607
10,20,11,83.66,71.06,66,658
10,20,12,84.02,71.06,65,574
10,20,13,81.68,71.42,71,402
10,20,14,79.34,71.06,76,416
10,20,15,77.0,71.06,82,186
10,20,16,76.28,70.7,83,71
10,20,17,75.74,70.16,83,31
10,20,18,75.02,69.98,84,0
10,20,19,75.38,70.16,84,0
10,20,20,75.56,70.7,85,0
10,20,21,75.92,71.06,85,0
10,20,22,76.28,71.42,85,0
10,20,23,76.64,71.78,85,0
10,21,24,77.0,71.96,85,0
10,21,1,76.64,72.5,87,0
10,21,2,76.28,72.5,88,0
10,21,3,75.92,73.04,90,0
10,21,4,75.56,72.14,89,0
10,21,5,75.38,71.6,88,0
10,21,6,75.02,71.06,87,31
10,21,7,77.36,71.78,83,131
10,21,8,79.7,72.32,78,325
10,21,9,82.04,73.04,74,553
10,21,10,81.68,73.4,76,538
10,21,11,81.32,73.4,77,282
10,21,12,80.96,73.94,79,449
10,21,13,81.32,73.4,77,387
10,21,14,81.68,73.4,76,280
10,21,15,82.04,73.04,74,140
10,21,16,80.42,72.86,78,140
10,21,17,78.62,72.32,81,37
10,21,18,77.0,71.96,85,0
10,21,19,77.36,72.5,85,0
10,21,20,77.72,72.86,85,0
10,21,21,78.08,73.04,85,0
10,21,22,78.08,73.58,86,0
10,21,23,78.08,73.94,87,0
10,22,24,78.08,73.94,88,0
10,22,1,77.0,73.58,89,0
10,22,2,76.1,72.68,89,0
10,22,3,75.02,71.96,90,0
10,22,4,75.02,71.96,90,0
10,22,5,75.02,71.96,90,0
10,22,6,75.02,71.96,90,17
10,22,7,77.36,72.86,86,122
10,22,8,79.7,73.4,81,227
10,22,9,82.04,73.94,77,460
10,22,10,82.4,74.48,77,505
10,22,11,82.58,74.66,77,483
10,22,12,82.94,75.02,77,537
10,22,13,81.32,74.12,79,302
10,22,14,79.7,73.04,80,310
10,22,15,78.08,71.96,82,156
10,22,16,78.44,72.86,83,79
10,22,17,78.62,73.4,84,20
10,22,18,78.98,73.94,85,0
10,22,19,77.9,73.76,87,0
10,22,20,77.0,73.22,88,0
10,22,21,75.92,73.04,90,0
10,22,22,75.56,72.68,91,0
10,22,23,75.38,73.22,93,0
10,23,24,75.02,73.04,94,0
10,23,1,75.02,72.86,93,0
10,23,2,75.02,72.14,91,0
10,23,3,75.02,71.96,90,0
10,23,4,73.94,71.24,91,0
10,23,5,73.04,70.52,92,0
10,23,6,71.96,69.98,93,7
10,23,7,71.24,67.82,89,70
10,23,8,70.7,66.02,85,148
10,23,9,69.98,64.04,81,217
10,23,10,70.7,63.14,77,189
10,23,11,71.24,61.88,72,228
10,23,12,71.96,60.98,68,328
10,23,13,72.68,60.26,65,274
10,23,14,73.22,59.54,62,346
10,23,15,73.94,59.0,59,199
10,23,16,73.22,59.54,62,90
10,23,17,72.68,60.26,65,32
10,23,18,71.96,60.98,68,0
10,23,19,71.06,61.16,71,0
10,23,20,69.98,60.98,73,0
10,23,21,69.08,60.98,76,0
10,23,22,68.0,60.62,77,0
10,23,23,67.1,59.72,77,0
10,24,24,66.02,59.0,78,0
10,24,1,65.3,58.64,79,0
10,24,2,64.76,58.46,80,0
10,24,3,64.04,57.92,81,0
10,24,4,64.04,57.74,80,0
10,24,5,64.04,57.38,79,0
10,24,6,64.04,57.02,78,25
10,24,7,66.74,58.28,74,156
10,24,8,69.26,59.18,70,360
10,24,9,71.96,60.08,66,552
10,24,10,73.58,59.36,61,752
10,24,11,75.38,58.1,55,765
10,24,12,77.0,57.02,50,772
10,24,13,77.36,56.84,49,772
10,24,14,77.72,56.48,48,573
10,24,15,78.08,55.94,47,430
10,24,16,76.1,56.12,50,185
10,24,17,73.94,55.22,52,35
10,24,18,71.96,55.04,55,0
10,24,19,70.7,55.22,58,0
10,24,20,69.26,54.86,60,0
10,24,21,68.0,55.04,63,0
10,24,22,67.64,54.68,63,0
10,24,23,67.28,54.32,63,0
10,25,24,66.92,53.96,63,0
10,25,1,66.02,55.22,68,0
10,25,2,64.94,56.12,73,0
10,25,3,64.04,57.02,78,0
10,25,4,63.68,56.84,78,0
10,25,5,63.32,56.48,78,0
10,25,6,62.96,55.94,78,26
10,25,7,67.64,58.28,72,166
10,25,8,72.32,60.44,66,324
10,25,9,77.0,62.06,60,589
10,25,10,77.0,61.16,58,634
10,25,11,77.0,60.08,56,672
10,25,12,77.0,59.0,54,491
10,25,13,77.0,58.64,53,763
10,25,14,77.0,58.64,53,442
10,25,15,77.0,57.92,52,373
10,25,16,76.28,58.46,54,193
10,25,17,75.74,59.0,56,32
10,25,18,75.02,59.0,58,0
10,25,19,73.94,59.72,61,0
10,25,20,73.04,60.62,65,0
10,25,21,71.96,60.98,68,0
10,25,22,71.06,61.16,71,0
10,25,23,69.98,60.98,73,0
10,26,24,69.08,60.98,76,0
10,26,1,68.36,61.34,78,0
10,26,2,67.64,60.98,79,0
10,26,3,66.92,60.98,81,0
10,26,4,67.28,60.98,80,0
10,26,5,67.64,60.98,79,0
10,26,6,68.0,60.98,78,23
10,26,7,71.6,62.06,72,80
10,26,8,75.38,63.32,66,317
10,26,9,78.98,64.04,60,541
10,26,10,79.34,63.86,59,524
10,26,11,79.7,64.22,59,551
10,26,12,80.06,64.04,58,681
10,26,13,79.7,63.14,57,658
10,26,14,79.34,62.78,57,446
10,26,15,78.98,62.06,56,351
10,26,16,77.72,61.88,58,187
10,26,17,76.28,61.52,60,35
10,26,18,75.02,60.98,62,0
10,26,19,73.4,60.62,64,0
10,26,20,71.6,59.72,66,0
10,26,21,69.98,59.0,68,0
10,26,22,69.26,59.54,71,0
10,26,23,68.72,59.72,73,0
10,27,24,68.0,60.08,76,0
10,27,1,67.64,60.62,78,0
10,27,2,67.28,60.62,79,0
10,27,3,66.92,60.98,81,0
10,27,4,66.92,60.98,81,0
10,27,5,66.92,60.98,81,0
10,27,6,66.92,60.98,81,30
10,27,7,69.62,61.34,75,169
10,27,8,72.32,62.06,70,388
10,27,9,75.02,62.06,64,585
10,27,10,76.28,60.44,58,721
10,27,11,77.72,59.36,53,793
10,27,12,78.98,57.02,47,804
10,27,13,78.98,57.02,47,739
10,27,14,78.98,57.02,47,604
10,27,15,78.98,57.02,47,414
10,27,16,77.9,59.54,53,198
10,27,17,77.0,62.06,60,40
10,27,18,75.92,64.04,66,0
10,27,19,73.58,62.42,68,0
10,27,20,71.42,61.52,71,0
10,27,21,69.08,60.08,73,0
10,27,22,68.72,61.34,77,0
10,27,23,68.36,62.06,80,0
10,28,24,68.0,62.96,84,0
10,28,1,67.64,62.42,83,0
10,28,2,67.28,61.7,82,0
10,28,3,66.92,60.98,81,0
10,28,4,66.56,59.9,79,0
10,28,5,66.38,59.0,77,0
10,28,6,66.02,57.92,75,30
10,28,7,69.62,60.26,72,176
10,28,8,73.4,63.14,70,392
10,28,9,77.0,64.94,67,586
10,28,10,78.26,63.68,61,717
10,28,11,79.7,62.24,55,711
10,28,12,80.96,60.08,49,604
10,28,13,80.6,60.8,51,560
10,28,14,80.42,61.16,52,481
10,28,15,80.06,62.06,54,393
10,28,16,78.98,62.96,58,144
10,28,17,78.08,64.58,63,42
10,28,18,77.0,64.94,67,0
10,28,19,75.38,65.3,71,0
10,28,20,73.58,65.12,75,0
10,28,21,71.96,64.94,79,0
10,28,22,71.24,65.48,82,0
10,28,23,70.7,65.66,84,0
10,29,24,69.98,66.02,87,0
10,29,1,69.62,66.02,88,0
10,29,2,69.44,66.02,89,0
10,29,3,69.08,66.02,90,0
10,29,4,69.44,65.84,88,0
10,29,5,69.62,65.3,86,0
10,29,6,69.98,64.94,84,23
10,29,7,73.4,65.84,77,110
10,29,8,76.64,65.66,69,259
10,29,9,80.06,66.02,62,353
10,29,10,80.78,65.66,60,516
10,29,11,81.32,65.12,58,478
10,29,12,82.04,64.94,56,580
10,29,13,81.32,63.68,55,589
10,29,14,80.78,62.06,53,577
10,29,15,80.06,60.98,52,416
10,29,16,78.98,60.98,54,184
10,29,17,78.08,61.16,56,25
10,29,18,77.0,60.98,58,0
10,29,19,76.64,61.34,59,0
10,29,20,76.28,60.98,59,0
10,29,21,75.92,60.98,60,0
10,29,22,75.56,62.6,64,0
10,29,23,75.38,63.68,67,0
10,30,24,75.02,64.94,71,0
10,30,1,74.66,66.2,75,0
10,30,2,74.3,67.82,80,0
10,30,3,73.94,69.08,84,0
10,30,4,74.66,68.9,82,0
10,30,5,75.2,69.08,81,0
10,30,6,75.92,69.08,79,13
10,30,7,77.36,69.62,77,80
10,30,8,78.62,69.62,74,278
10,30,9,80.06,69.98,72,446
10,30,10,80.06,70.16,72,448
10,30,11,80.06,70.16,72,251
10,30,12,80.06,69.98,72,215
10,30,13,79.7,70.34,73,261
10,30,14,79.34,69.98,73,235
10,30,15,78.98,69.98,74,198
10,30,16,77.9,70.52,78,104
10,30,17,77.0,71.42,83,22
10,30,18,75.92,71.96,87,0
10,30,19,75.2,71.42,88,0
10,30,20,74.66,71.24,89,0
10,30,21,73.94,71.06,90,0
10,30,22,75.02,71.24,88,0
10,30,23,75.92,71.78,87,0
10,31,24,77.0,71.96,85,0
10,31,1,76.64,71.78,85,0
10,31,2,76.28,71.42,85,0
10,31,3,75.92,71.06,85,0
10,31,4,74.66,70.16,86,0
10,31,5,73.22,68.72,86,0
10,31,6,71.96,68.0,87,0
10,31,7,72.32,68.54,88,100
10,31,8,72.68,69.26,89,131
10,31,9,73.04,69.98,90,153
10,31,10,74.3,70.52,88,413
10,31,11,75.74,71.6,87,176
10,31,12,77.0,71.96,85,270
10,31,13,76.28,71.78,86,294
10,31,14,75.74,71.24,86,232
10,31,15,75.02,71.06,87,95
10,31,16,74.3,70.52,88,82
10,31,17,73.76,70.34,89,21
10,31,18,73.58,70.16,89,0
10,31,19,74.66,69.98,85,0
10,31,20,75.38,70.16,84,0
10,31,21,75.92,70.16,82,0
10,31,22,76.1,70.7,83,0
10,31,23,76.28,70.88,83,0
11,1,24,77.0,71.24,82,0
11,1,1,77.0,71.06,81,0
11,1,2,76.82,71.42,83,0
11,1,3,76.82,71.06,82,0
11,1,4,76.82,71.06,82,0
11,1,5,77.0,71.78,84,0
11,1,6,75.92,71.96,87,13
11,1,7,78.98,73.04,82,115
11,1,8,82.04,73.04,74,331
11,1,9,82.94,71.96,70,432
11,1,10,82.94,71.96,70,526
11,1,11,82.94,71.96,70,617
11,1,12,82.04,71.96,72,550
11,1,13,82.04,71.96,72,430
11,1,14,82.04,71.96,72,327
11,1,15,82.04,71.96,72,204
11,1,16,80.96,71.96,74,104
11,1,17,80.96,71.96,74,18
11,1,18,80.96,69.08,67,0
11,1,19,80.06,69.98,72,0
11,1,20,80.06,71.06,74,0
11,1,21,80.06,71.06,74,0
11,1,22,80.06,71.06,74,0
11,1,23,80.06,71.06,74,0
11,2,24,80.06,71.06,74,0
11,2,1,80.06,71.96,77,0
11,2,2,80.06,71.96,77,0
11,2,3,78.98,71.96,79,0
11,2,4,77.0,71.96,85,0
11,2,5,75.92,71.96,87,0
11,2,6,77.0,71.96,85,3
11,2,7,78.08,71.96,82,50
11,2,8,80.06,73.04,79,154
11,2,9,80.96,73.04,77,277
11,2,10,82.04,73.04,74,394
11,2,11,80.96,73.04,77,276
11,2,12,80.96,73.04,77,295
11,2,13,80.96,73.04,77,229
11,2,14,80.96,71.96,74,240
11,2,15,80.96,71.96,74,202
11,2,16,78.08,69.08,74,72
11,2,17,78.08,71.96,82,25
11,2,18,78.08,69.98,77,0
11,2,19,78.08,71.06,79,0
11,2,20,78.08,71.96,82,0
11,2,21,77.0,71.96,85,0
11,2,22,78.08,71.96,82,0
11,2,23,77.0,69.08,76,0
11,3,24,75.92,69.98,82,0
11,3,1,75.02,69.98,85,0
11,3,2,75.02,69.98,85,0
11,3,3,75.02,71.06,87,0
11,3,4,75.02,71.06,87,0
11,3,5,75.02,71.06,87,0
11,3,6,75.02,71.06,87,16
11,3,7,75.92,73.04,90,60
11,3,8,80.06,73.04,79,248
11,3,9,80.96,73.04,77,293
11,3,10,78.08,71.06,79,293
11,3,11,80.06,73.94,82,337
11,3,12,80.06,73.94,82,213
11,3,13,80.06,73.04,79,246
11,3,14,80.06,73.94,82,223
11,3,15,78.08,71.96,82,171
11,3,16,77.0,71.06,82,49
11,3,17,75.92,69.98,82,22
11,3,18,75.92,69.98,82,0
11,3,19,75.92,69.98,82,0
11,3,20,75.92,69.98,82,0
11,3,21,75.92,69.98,82,0
11,3,22,75.02,68.0,79,0
11,3,23,73.94,69.08,84,0
11,4,24,73.94,69.08,84,0
11,4,1,71.96,69.08,90,0
11,4,2,71.96,69.08,90,0
11,4,3,71.96,69.08,90,0
11,4,4,71.06,68.0,90,0
11,4,5,71.06,68.0,90,0
11,4,6,71.96,69.98,93,5
11,4,7,73.04,69.98,90,115
11,4,8,75.02,69.98,85,308
11,4,9,78.08,71.06,79,236
11,4,10,80.06,69.98,72,588
11,4,11,80.06,69.98,72,242
11,4,12,80.06,71.06,74,324
11,4,13,80.06,71.06,74,202
11,4,14,80.06,69.98,72,112
11,4,15,77.0,69.98,79,86
11,4,16,77.0,69.08,76,95
11,4,17,77.0,68.0,74,17
11,4,18,77.0,68.0,74,0
11,4,19,75.02,69.08,82,0
11,4,20,73.94,66.92,79,0
11,4,21,73.94,68.0,82,0
11,4,22,73.94,69.08,84,0
11,4,23,73.04,68.0,84,0
11,5,24,71.96,69.08,90,0
11,5,1,71.96,68.0,87,0
11,5,2,71.96,68.0,87,0
11,5,3,71.06,68.0,90,0
11,5,4,71.06,68.0,90,0
11,5,5,71.06,68.0,90,0
11,5,6,71.96,68.0,87,8
11,5,7,73.04,69.98,90,100
11,5,8,75.92,71.06,85,214
11,5,9,80.06,68.0,67,500
11,5,10,82.04,68.0,63,370
11,5,11,82.04,69.08,65,699
11,5,12,82.04,69.98,67,719
11,5,13,80.06,66.92,65,329
11,5,14,80.06,69.08,69,324
11,5,15,80.06,68.0,67,312
11,5,16,77.0,69.08,76,102
11,5,17,77.0,69.98,79,17
11,5,18,77.0,69.08,76,0
11,5,19,77.0,69.08,76,0
11,5,20,77.0,69.08,76,0
11,5,21,77.0,68.0,74,0
11,5,22,77.0,68.0,74,0
11,5,23,77.0,66.92,71,0
11,6,24,77.0,66.02,69,0
11,6,1,77.0,66.92,71,0
11,6,2,75.92,66.92,74,0
11,6,3,75.92,68.0,76,0
11,6,4,75.92,69.08,79,0
11,6,5,77.0,66.92,71,0
11,6,6,75.92,66.02,71,13
11,6,7,77.0,69.08,76,113
11,6,8,78.08,69.98,77,227
11,6,9,80.96,69.08,67,420
11,6,10,80.06,69.08,69,470
11,6,11,82.04,69.98,67,474
11,6,12,80.06,69.08,69,551
11,6,13,80.96,69.08,67,403
11,6,14,80.96,68.0,65,374
11,6,15,80.06,68.0,67,284
11,6,16,78.98,68.0,69,134
11,6,17,78.98,69.08,72,31
11,6,18,78.08,68.0,71,0
11,6,19,78.08,69.08,74,0
11,6,20,77.0,69.08,76,0
11,6,21,75.92,69.08,79,0
11,6,22,75.02,69.98,85,0
11,6,23,77.0,69.98,79,0
11,7,24,75.92,69.08,79,0
11,7,1,75.92,69.98,82,0
11,7,2,75.92,69.98,82,0
11,7,3,73.94,69.08,84,0
11,7,4,71.96,68.0,87,0
11,7,5,71.06,68.0,90,0
11,7,6,71.06,66.92,87,22
11,7,7,73.04,68.0,84,145
11,7,8,75.92,69.98,82,348
11,7,9,80.06,69.98,72,411
11,7,10,80.96,66.92,63,623
11,7,11,82.04,68.0,63,671
11,7,12,82.04,68.0,63,621
11,7,13,82.94,68.0,61,639
11,7,14,82.94,69.08,63,580
11,7,15,82.04,66.92,61,376
11,7,16,80.96,66.92,63,175
11,7,17,78.98,68.0,69,24
11,7,18,78.08,66.92,69,0
11,7,19,77.0,69.08,76,0
11,7,20,75.02,68.0,79,0
11,7,21,73.94,66.92,79,0
11,7,22,73.04,66.92,82,0
11,7,23,71.96,66.92,84,0
11,8,24,69.98,66.02,87,0
11,8,1,69.98,66.02,87,0
11,8,2,69.08,64.94,87,0
11,8,3,69.08,66.02,90,0
11,8,4,69.08,66.02,90,0
11,8,5,69.08,66.02,90,0
11,8,6,69.98,66.02,87,9
11,8,7,71.06,66.92,87,99
11,8,8,73.04,66.92,82,316
11,8,9,77.0,66.92,71,517
11,8,10,78.98,68.0,69,604
11,8,11,80.96,64.94,58,559
11,8,12,80.96,66.02,60,706
11,8,13,80.96,64.94,58,352
11,8,14,78.08,66.02,67,225
11,8,15,78.98,66.02,65,259
11,8,16,78.98,64.04,60,123
11,8,17,78.08,64.04,62,15
11,8,18,77.0,64.04,64,0
11,8,19,73.04,66.92,82,0
11,8,20,75.02,66.02,74,0
11,8,21,73.94,66.92,79,0
11,8,22,75.02,66.02,74,0
11,8,23,75.92,64.04,66,0
11,9,24,75.92,64.94,69,0
11,9,1,75.92,64.94,69,0
11,9,2,75.02,64.94,71,0
11,9,3,75.02,66.02,74,0
11,9,4,73.94,66.02,76,0
11,9,5,73.94,64.94,74,0
11,9,6,73.94,64.94,74,17
11,9,7,75.02,64.94,71,70
11,9,8,75.02,64.04,69,312
11,9,9,75.92,64.04,66,524
11,9,10,78.08,64.94,64,667
11,9,11,78.08,64.94,64,641
11,9,12,78.98,64.04,60,509
11,9,13,78.98,64.94,62,629
11,9,14,78.08,64.94,64,281
11,9,15,77.0,62.96,62,157
11,9,16,77.0,62.06,60,93
11,9,17,77.0,62.06,60,11
11,9,18,77.0,62.06,60,0
11,9,19,73.04,66.92,82,0
11,9,20,73.04,66.92,82,0
11,9,21,73.94,66.92,79,0
11,9,22,75.02,66.02,74,0
11,9,23,75.02,64.04,69,0
11,10,24,75.02,64.94,71,0
11,10,1,71.96,66.92,84,0
11,10,2,71.06,66.92,87,0
11,10,3,69.98,66.02,87,0
11,10,4,69.98,66.02,87,0
11,10,5,69.98,66.02,87,0
11,10,6,69.98,66.02,87,14
11,10,7,69.98,66.02,87,99
11,10,8,73.04,66.92,82,335
11,10,9,75.92,66.02,71,457
11,10,10,73.94,64.94,74,335
11,10,11,73.04,64.94,76,467
11,10,12,73.94,62.96,69,708
11,10,13,73.04,60.98,66,700
11,10,14,73.04,59.0,62,561
11,10,15,73.04,57.92,59,384
11,10,16,73.04,55.94,55,178
11,10,17,71.06,57.02,61,36
11,10,18,69.08,57.02,66,0
11,10,19,68.0,57.02,68,0
11,10,20,66.02,57.02,73,0
11,10,21,64.04,55.04,73,0
11,10,22,62.06,55.04,78,0
11,10,23,60.98,53.06,75,0
11,11,24,60.08,51.98,75,0
11,11,1,60.08,51.98,75,0
11,11,2,60.08,51.98,75,0
11,11,3,60.08,53.06,78,0
11,11,4,59.0,53.96,84,0
11,11,5,59.0,53.96,84,0
11,11,6,59.0,53.06,81,19
11,11,7,60.08,51.98,75,127
11,11,8,64.04,53.06,68,337
11,11,9,69.08,55.04,61,526
11,11,10,71.96,57.02,59,658
11,11,11,75.02,57.02,54,739
11,11,12,75.92,55.94,50,623
11,11,13,77.0,55.94,48,582
11,11,14,77.0,53.06,43,526
11,11,15,77.0,51.98,42,295
11,11,16,75.02,55.94,52,136
11,11,17,73.04,53.06,50,29
11,11,18,69.08,53.06,57,0
11,11,19,68.0,53.96,61,0
11,11,20,68.0,55.94,66,0
11,11,21,66.92,55.94,68,0
11,11,22,64.04,55.94,75,0
11,11,23,64.04,55.94,75,0
11,12,24,62.96,55.94,78,0
11,12,1,62.06,55.94,81,0
11,12,2,62.06,55.04,78,0
11,12,3,60.98,55.04,81,0
11,12,4,60.08,55.04,84,0
11,12,5,60.98,53.96,78,0
11,12,6,60.08,53.96,81,14
11,12,7,62.06,53.96,75,118
11,12,8,66.02,53.96,65,280
11,12,9,71.06,55.04,57,467
11,12,10,73.94,53.06,48,545
11,12,11,75.92,53.06,45,755
11,12,12,75.92,51.08,42,762
11,12,13,77.0,51.98,42,697
11,12,14,77.0,51.08,40,556
11,12,15,75.92,51.98,43,376
11,12,16,75.02,51.08,43,151
11,12,17,73.04,51.08,46,30
11,12,18,69.08,51.98,55,0
11,12,19,68.0,53.06,59,0
11,12,20,66.02,53.96,65,0
11,12,21,64.94,53.96,68,0
11,12,22,64.94,53.96,68,0
11,12,23,64.94,53.96,68,0
11,13,24,64.94,53.96,68,0
11,13,1,64.04,55.04,73,0
11,13,2,62.06,55.94,81,0
11,13,3,62.06,55.94,81,0
11,13,4,62.06,55.94,81,0
11,13,5,60.98,55.94,84,0
11,13,6,60.98,55.94,84,6
11,13,7,62.96,55.94,78,74
11,13,8,66.92,55.94,68,184
11,13,9,71.96,57.02,59,424
11,13,10,75.02,57.92,56,502
11,13,11,77.0,57.02,50,526
11,13,12,77.0,55.94,48,590
11,13,13,77.0,55.94,48,325
11,13,14,77.0,55.94,48,377
11,13,15,75.92,55.94,50,195
11,13,16,75.92,55.04,48,113
11,13,17,73.94,55.04,52,12
11,13,18,71.06,55.94,59,0
11,13,19,69.98,57.02,64,0
11,13,20,68.0,57.02,68,0
11,13,21,68.0,57.02,68,0
11,13,22,68.0,57.92,71,0
11,13,23,66.92,57.92,73,0
11,14,24,66.92,59.0,76,0
11,14,1,66.92,59.0,76,0
11,14,2,66.92,59.0,76,0
11,14,3,66.92,59.0,76,0
11,14,4,66.92,59.0,76,0
11,14,5,66.92,60.08,78,0
11,14,6,68.0,60.08,76,4
11,14,7,68.0,60.08,76,52
11,14,8,73.04,62.06,69,106
11,14,9,75.92,62.96,64,326
11,14,10,77.0,60.08,56,487
11,14,11,80.06,59.0,49,575
11,14,12,78.98,60.98,54,552
11,14,13,78.08,60.98,56,538
11,14,14,78.98,60.98,54,484
11,14,15,78.08,60.08,54,303
11,14,16,77.0,60.08,56,103
11,14,17,75.92,60.98,60,21
11,14,18,75.02,60.98,62,0
11,14,19,75.02,60.08,60,0
11,14,20,75.02,60.08,60,0
11,14,21,75.02,60.08,60,0
11,14,22,75.02,57.92,56,0
11,14,23,75.02,60.08,60,0
11,15,24,75.02,57.92,56,0
11,15,1,75.02,60.08,60,0
11,15,2,75.02,59.0,58,0
11,15,3,75.02,60.08,60,0
11,15,4,75.02,60.08,60,0
11,15,5,75.02,60.08,60,0
11,15,6,75.02,60.98,62,11
11,15,7,75.02,62.06,64,55
11,15,8,75.92,62.06,62,160
11,15,9,77.0,62.06,60,286
11,15,10,78.08,62.06,58,347
11,15,11,78.08,62.96,60,242
11,15,12,78.08,62.96,60,381
11,15,13,78.08,62.06,58,313
11,15,14,78.08,64.04,62,235
11,15,15,77.0,62.96,62,174
11,15,16,77.0,64.04,64,40
11,15,17,77.0,64.94,67,8
11,15,18,77.0,64.04,64,0
11,15,19,77.0,64.04,64,0
11,15,20,77.0,64.94,67,0
11,15,21,77.0,64.04,64,0
11,15,22,77.0,64.04,64,0
11,15,23,77.0,64.04,64,0
11,16,24,77.0,64.04,64,0
11,16,1,77.0,66.02,69,0
11,16,2,77.0,64.94,67,0
11,16,3,77.0,64.94,67,0
11,16,4,77.0,64.04,64,0
11,16,5,77.0,62.96,62,0
11,16,6,78.08,62.96,60,9
11,16,7,78.08,64.04,62,53
11,16,8,78.08,66.02,67,145
11,16,9,78.08,66.02,67,209
11,16,10,78.08,64.94,64,381
11,16,11,80.06,64.94,60,453
11,16,12,80.06,64.04,58,326
11,16,13,80.06,60.98,52,261
11,16,14,80.06,60.08,51,216
11,16,15,78.98,60.98,54,203
11,16,16,78.08,60.98,56,68
11,16,17,77.0,60.08,56,22
11,16,18,75.92,60.08,58,0
11,16,19,75.92,60.08,58,0
11,16,20,75.02,59.0,58,0
11,16,21,75.92,60.08,58,0
11,16,22,75.02,62.96,66,0
11,16,23,75.02,60.98,62,0
11,17,24,75.02,59.0,58,0
11,17,1,75.02,57.92,56,0
11,17,2,75.02,57.92,56,0
11,17,3,75.02,59.0,58,0
11,17,4,75.02,60.08,60,0
11,17,5,75.02,60.08,60,0
11,17,6,75.02,60.08,60,9
11,17,7,75.92,60.08,58,103
11,17,8,75.92,60.08,58,314
11,17,9,78.08,60.08,54,409
11,17,10,80.06,60.08,51,558
11,17,11,80.96,60.98,51,743
11,17,12,80.96,60.98,51,756
11,17,13,80.06,62.06,54,567
11,17,14,80.06,60.98,52,531
11,17,15,78.98,62.06,56,265
11,17,16,78.08,60.98,56,119
11,17,17,77.0,60.08,56,24
11,17,18,77.0,60.08,56,0
11,17,19,77.0,60.98,58,0
11,17,20,77.0,64.04,64,0
11,17,21,75.92,64.04,66,0
11,17,22,75.02,64.04,69,0
11,17,23,75.02,64.04,69,0
11,18,24,75.02,62.96,66,0
11,18,1,75.02,62.96,66,0
11,18,2,75.02,62.96,66,0
11,18,3,75.02,62.06,64,0
11,18,4,75.02,60.08,60,0
11,18,5,75.02,60.08,60,0
11,18,6,75.02,59.0,58,10
11,18,7,75.02,59.0,58,93
11,18,8,75.92,59.0,56,285
11,18,9,78.08,60.08,54,474
11,18,10,78.98,59.0,50,635
11,18,11,80.06,57.92,47,707
11,18,12,80.06,59.0,49,549
11,18,13,80.96,57.92,46,517
11,18,14,80.06,60.98,52,412
11,18,15,80.06,62.06,54,228
11,18,16,78.98,62.96,58,105
11,18,17,77.0,62.06,60,25
11,18,18,77.0,62.96,62,0
11,18,19,75.92,64.04,66,0
11,18,20,75.92,64.04,66,0
11,18,21,75.92,64.04,66,0
11,18,22,75.92,64.04,66,0
11,18,23,75.92,62.96,64,0
11,19,24,75.02,62.06,64,0
11,19,1,75.02,62.96,66,0
11,19,2,75.02,62.06,64,0
11,19,3,75.02,64.04,69,0
11,19,4,73.94,62.06,66,0
11,19,5,73.04,60.08,64,0
11,19,6,71.96,59.0,64,8
11,19,7,75.92,60.08,58,108
11,19,8,75.92,60.98,60,305
11,19,9,78.08,62.96,60,494
11,19,10,80.06,60.08,51,561
11,19,11,80.06,59.0,49,569
11,19,12,80.06,57.92,47,580
11,19,13,80.06,60.08,51,665
11,19,14,80.06,57.92,47,501
11,19,15,78.98,57.92,49,320
11,19,16,78.08,59.0,52,140
11,19,17,75.92,60.08,58,21
11,19,18,75.02,60.98,62,0
11,19,19,75.02,60.98,62,0
11,19,20,75.02,62.06,64,0
11,19,21,69.98,60.98,73,0
11,19,22,69.98,60.98,73,0
11,19,23,69.08,60.08,73,0
11,20,24,69.08,60.08,73,0
11,20,1,68.0,60.08,76,0
11,20,2,66.92,60.08,78,0
11,20,3,66.92,60.08,78,0
11,20,4,66.92,60.08,78,0
11,20,5,66.92,60.08,78,0
11,20,6,66.02,60.08,81,9
11,20,7,66.02,62.06,87,88
11,20,8,69.08,64.04,84,280
11,20,9,73.94,64.94,74,465
11,20,10,78.08,60.08,54,642
11,20,11,80.06,57.92,47,566
11,20,12,80.06,59.0,49,631
11,20,13,80.96,57.92,46,656
11,20,14,80.96,57.92,46,552
11,20,15,80.06,60.08,51,295
11,20,16,78.08,60.08,54,129
11,20,17,75.92,62.06,62,14
11,20,18,75.92,60.08,58,0
11,20,19,73.94,60.98,64,0
11,20,20,69.98,62.06,76,0
11,20,21,69.08,62.06,79,0
11,20,22,68.0,60.98,78,0
11,20,23,66.92,59.0,76,0
11,21,24,66.92,59.0,76,0
11,21,1,66.92,60.08,78,0
11,21,2,66.92,62.96,87,0
11,21,3,66.92,62.96,87,0
11,21,4,64.94,60.98,87,0
11,21,5,64.94,62.06,90,0
11,21,6,66.02,64.04,93,1
11,21,7,66.92,64.94,93,86
11,21,8,69.98,64.94,84,203
11,21,9,71.96,62.06,71,468
11,21,10,75.02,59.0,58,626
11,21,11,75.92,59.0,56,707
11,21,12,77.0,57.92,52,722
11,21,13,77.0,57.92,52,668
11,21,14,77.0,57.92,52,504
11,21,15,78.08,57.02,49,355
11,21,16,77.0,55.94,48,145
11,21,17,75.02,57.02,54,17
11,21,18,69.98,57.02,64,0
11,21,19,68.0,57.02,68,0
11,21,20,66.92,55.94,68,0
11,21,21,64.04,55.04,73,0
11,21,22,62.96,53.96,73,0
11,21,23,60.98,53.96,78,0
11,22,24,60.98,55.04,81,0
11,22,1,60.98,55.94,84,0
11,22,2,60.08,55.04,84,0
11,22,3,60.08,55.04,84,0
11,22,4,57.92,53.06,84,0
11,22,5,57.02,53.06,87,0
11,22,6,55.94,50.0,80,12
11,22,7,57.92,50.0,75,100
11,22,8,64.04,48.02,56,312
11,22,9,68.0,48.02,49,499
11,22,10,71.06,50.0,48,634
11,22,11,73.04,53.06,50,710
11,22,12,75.02,55.04,50,643
11,22,13,75.02,55.04,50,528
11,22,14,75.02,55.94,52,415
11,22,15,75.02,55.94,52,313
11,22,16,75.02,57.02,54,104
11,22,17,73.04,57.02,57,30
11,22,18,71.96,57.02,59,0
11,22,19,71.96,57.92,62,0
11,22,20,71.96,57.92,62,0
11,22,21,71.06,57.02,61,0
11,22,22,64.94,57.02,75,0
11,22,23,71.06,57.92,64,0
11,23,24,71.06,59.0,66,0
11,23,1,71.06,59.0,66,0
11,23,2,71.06,59.0,66,0
11,23,3,71.06,60.98,71,0
11,23,4,71.06,62.96,76,0
11,23,5,71.06,62.96,76,0
11,23,6,71.06,64.04,79,4
11,23,7,71.96,64.04,76,35
11,23,8,71.96,64.04,76,123
11,23,9,71.96,64.94,79,98
11,23,10,73.94,66.02,76,262
11,23,11,77.0,66.02,69,563
11,23,12,77.0,64.94,67,520
11,23,13,78.98,64.94,62,474
11,23,14,78.08,66.02,67,408
11,23,15,78.08,64.94,64,247
11,23,16,77.0,64.94,67,127
11,23,17,75.92,64.94,69,23
11,23,18,75.02,66.02,74,0
11,23,19,75.02,66.02,74,0
11,23,20,75.02,66.02,74,0
11,23,21,73.94,64.94,74,0
11,23,22,73.94,64.94,74,0
11,23,23,73.04,64.94,76,0
11,24,24,73.04,66.02,79,0
11,24,1,73.04,64.94,76,0
11,24,2,71.96,64.94,79,0
11,24,3,71.06,64.94,81,0
11,24,4,71.06,64.94,81,0
11,24,5,71.96,64.94,79,0
11,24,6,71.06,64.94,81,2
11,24,7,73.04,66.02,79,90
11,24,8,75.92,66.92,74,249
11,24,9,78.08,68.0,71,430
11,24,10,78.98,68.0,69,532
11,24,11,80.06,68.0,67,568
11,24,12,80.06,66.92,65,540
11,24,13,80.96,66.92,63,578
11,24,14,80.96,66.92,63,280
11,24,15,80.06,66.92,65,222
11,24,16,80.06,68.0,67,106
11,24,17,78.08,68.0,71,24
11,24,18,75.92,68.0,76,0
11,24,19,73.94,66.92,79,0
11,24,20,73.04,66.92,82,0
11,24,21,71.96,66.92,84,0
11,24,22,69.98,66.02,87,0
11,24,23,69.98,66.02,87,0
11,25,24,69.98,66.02,87,0
11,25,1,69.98,66.92,90,0
11,25,2,69.98,64.94,84,0
11,25,3,69.08,64.94,87,0
11,25,4,69.08,66.02,90,0
11,25,5,69.08,64.94,87,0
11,25,6,69.08,64.94,87,4
11,25,7,69.08,64.94,87,38
11,25,8,69.08,64.94,87,146
11,25,9,71.96,64.94,79,413
11,25,10,73.94,64.94,74,601
11,25,11,75.02,64.04,69,382
11,25,12,77.0,64.04,64,588
11,25,13,78.08,64.04,62,499
11,25,14,78.08,64.04,62,282
11,25,15,77.0,62.96,62,344
11,25,16,73.94,60.08,62,135
11,25,17,71.96,57.92,62,25
11,25,18,69.08,57.02,66,0
11,25,19,66.92,55.94,68,0
11,25,20,64.94,55.94,73,0
11,25,21,64.04,57.02,78,0
11,25,22,62.96,57.02,81,0
11,25,23,62.06,57.02,84,0
11,26,24,62.06,55.94,81,0
11,26,1,60.98,55.94,84,0
11,26,2,60.08,55.94,87,0
11,26,3,59.0,55.04,87,0
11,26,4,57.92,53.96,87,0
11,26,5,57.02,53.96,90,0
11,26,6,57.92,53.96,87,5
11,26,7,60.08,55.94,87,84
11,26,8,68.0,57.02,68,295
11,26,9,73.94,55.94,54,488
11,26,10,75.02,53.96,48,605
11,26,11,77.0,57.02,50,620
11,26,12,77.0,55.94,48,597
11,26,13,77.0,57.02,50,662
11,26,14,75.92,57.02,52,407
11,26,15,75.02,55.94,52,292
11,26,16,73.94,55.94,54,105
11,26,17,73.04,55.94,55,20
11,26,18,71.96,57.02,59,0
11,26,19,69.98,57.02,64,0
11,26,20,71.06,57.02,61,0
11,26,21,71.06,53.96,55,0
11,26,22,71.06,55.04,57,0
11,26,23,71.06,55.94,59,0
11,27,24,71.06,57.02,61,0
11,27,1,64.04,55.94,75,0
11,27,2,64.04,57.02,78,0
11,27,3,64.04,57.92,81,0
11,27,4,64.04,55.94,75,0
11,27,5,62.96,57.02,81,0
11,27,6,62.96,57.02,81,2
11,27,7,64.04,57.02,78,46
11,27,8,69.98,57.02,64,179
11,27,9,71.96,57.92,62,394
11,27,10,73.94,57.92,58,339
11,27,11,75.92,57.92,54,528
11,27,12,77.0,57.92,52,306
11,27,13,78.08,57.02,49,485
11,27,14,78.08,57.02,49,454
11,27,15,77.0,59.0,54,264
11,27,16,77.0,60.08,56,75
11,27,17,73.94,60.08,62,22
11,27,18,73.04,60.98,66,0
11,27,19,71.96,62.06,71,0
11,27,20,71.06,62.06,73,0
11,27,21,69.98,60.98,73,0
11,27,22,69.08,60.98,76,0
11,27,23,68.0,60.08,76,0
11,28,24,64.04,59.0,84,0
11,28,1,64.04,59.0,84,0
11,28,2,62.96,59.0,87,0
11,28,3,62.96,60.08,90,0
11,28,4,62.96,60.08,90,0
11,28,5,62.96,59.0,87,0
11,28,6,62.96,57.92,84,5
11,28,7,64.94,60.08,84,82
11,28,8,71.06,60.08,68,279
11,28,9,75.02,60.08,60,464
11,28,10,77.0,59.0,54,603
11,28,11,78.08,60.08,54,551
11,28,12,78.98,57.92,49,684
11,28,13,78.98,57.92,49,527
11,28,14,78.98,60.08,52,523
11,28,15,78.08,59.0,52,323
11,28,16,77.0,60.98,58,139
11,28,17,73.94,62.06,66,24
11,28,18,73.94,62.96,69,0
11,28,19,73.04,62.96,71,0
11,28,20,73.04,62.96,71,0
11,28,21,73.04,62.96,71,0
11,28,22,73.04,64.04,74,0
11,28,23,71.96,62.96,73,0
11,29,24,71.96,64.04,76,0
11,29,1,71.96,64.94,79,0
11,29,2,71.96,64.94,79,0
11,29,3,71.96,64.94,79,0
11,29,4,71.96,64.94,79,0
11,29,5,71.96,66.02,82,0
11,29,6,73.04,66.92,82,3
11,29,7,73.04,68.0,84,57
11,29,8,75.92,68.0,76,202
11,29,9,78.08,66.92,69,268
11,29,10,78.08,66.92,69,299
11,29,11,78.08,66.02,67,262
11,29,12,78.08,66.92,69,239
11,29,13,78.08,68.0,71,345
11,29,14,77.0,68.0,74,143
11,29,15,77.0,68.0,74,150
11,29,16,75.92,68.0,76,70
11,29,17,75.02,68.0,79,1
11,29,18,73.94,68.0,82,0
11,29,19,73.94,68.0,82,0
11,29,20,73.94,68.0,82,0
11,29,21,73.94,69.08,84,0
11,29,22,73.94,69.08,84,0
11,29,23,71.96,68.0,87,0
11,30,24,71.96,69.08,90,0
11,30,1,71.96,68.0,87,0
11,30,2,71.96,68.0,87,0
11,30,3,71.06,68.0,90,0
11,30,4,71.96,68.0,87,0
11,30,5,71.96,68.0,87,0
11,30,6,71.96,69.08,90,2
11,30,7,71.96,71.06,97,63
11,30,8,77.0,71.96,85,219
11,30,9,80.06,73.04,79,180
11,30,10,80.96,71.96,74,225
11,30,11,80.96,69.08,67,515
11,30,12,82.04,69.08,65,519
11,30,13,82.94,66.92,59,452
11,30,14,82.04,69.08,65,323
11,30,15,80.06,69.98,72,144
11,30,16,78.98,69.98,74,74
11,30,17,77.0,69.98,79,13
11,30,18,74.3,66.38,76,0
11,30,19,71.96,62.78,73,0
11,30,20,70.34,59.72,68,0
11,30,21,67.46,56.84,68,0
11,30,22,66.38,53.06,62,0
11,30,23,64.76,51.62,62,0
12,1,24,63.32,48.38,58,0
12,1,1,62.06,46.58,56,0
12,1,2,60.44,44.24,55,0
12,1,3,58.28,41.9,54,0
12,1,4,56.12,38.84,51,0
12,1,5,53.78,34.88,48,0
12,1,6,51.08,30.92,46,0
12,1,7,53.78,34.52,48,63
12,1,8,56.3,37.4,49,187
12,1,9,59.0,41.0,51,365
12,1,10,62.06,40.46,45,533
12,1,11,64.94,38.84,38,674
12,1,12,68.0,37.04,32,613
12,1,13,68.36,39.02,34,607
12,1,14,68.72,41.54,37,473
12,1,15,69.08,42.98,39,306
12,1,16,66.38,44.96,46,125
12,1,17,63.68,46.22,53,15
12,1,18,60.98,46.94,60,0
12,1,19,59.72,47.12,63,0
12,1,20,58.28,47.12,66,0
12,1,21,57.02,46.94,69,0
12,1,22,56.3,48.2,74,0
12,1,23,55.76,49.1,78,0
12,2,24,55.04,50.0,83,0
12,2,1,55.94,50.54,82,0
12,2,2,57.02,51.26,81,0
12,2,3,57.92,51.98,80,0
12,2,4,61.34,51.98,71,0
12,2,5,64.58,51.26,62,0
12,2,6,68.0,50.0,53,0
12,2,7,69.08,50.72,52,43
12,2,8,69.98,51.62,52,142
12,2,9,71.06,51.98,51,258
12,2,10,71.96,52.88,51,434
12,2,11,73.04,53.42,50,580
12,2,12,73.94,53.96,50,451
12,2,13,73.22,53.6,50,355
12,2,14,72.68,53.6,51,167
12,2,15,71.96,53.06,51,162
12,2,16,71.24,52.7,52,83
12,2,17,70.7,53.24,54,15
12,2,18,69.98,53.06,55,0
12,2,19,69.98,53.06,55,0
12,2,20,69.98,53.06,55,0
12,2,21,69.98,53.06,55,0
12,2,22,69.98,53.6,56,0
12,2,23,69.98,53.6,56,0
12,3,24,69.98,53.96,57,0
12,3,1,69.98,56.48,62,0
12,3,2,69.98,58.1,66,0
12,3,3,69.98,60.08,71,0
12,3,4,69.98,59.0,68,0
12,3,5,69.98,57.38,64,0
12,3,6,69.98,55.94,61,0
12,3,7,72.32,57.2,59,46
12,3,8,74.66,57.92,56,157
12,3,9,77.0,59.0,54,361
12,3,10,77.0,58.64,53,493
12,3,11,77.0,58.64,53,453
12,3,12,77.0,57.92,52,549
12,3,13,76.28,59.0,55,292
12,3,14,75.74,59.54,57,234
12,3,15,75.02,60.08,60,138
12,3,16,73.94,59.72,61,76
12,3,17,73.04,59.72,63,12
12,3,18,71.96,59.0,64,0
12,3,19,71.96,59.54,65,0
12,3,20,71.96,60.44,67,0
12,3,21,71.96,60.98,68,0
12,3,22,70.7,61.7,73,0
12,3,23,69.26,62.6,79,0
12,4,24,68.0,62.96,84,0
12,4,1,68.0,62.6,83,0
12,4,2,68.0,62.42,82,0
12,4,3,68.0,62.06,81,0
12,4,4,68.72,61.7,78,0
12,4,5,69.26,61.34,76,0
12,4,6,69.98,60.98,73,0
12,4,7,71.96,62.06,71,35
12,4,8,73.94,62.78,68,99
12,4,9,75.92,64.04,66,219
12,4,10,76.64,63.14,63,281
12,4,11,77.36,62.96,61,405
12,4,12,78.08,62.06,58,404
12,4,13,77.72,62.78,60,349
12,4,14,77.36,63.32,62,215
12,4,15,77.0,64.04,64,148
12,4,16,75.92,63.86,66,75
12,4,17,75.02,64.22,69,13
12,4,18,73.94,64.04,71,0
12,4,19,73.04,61.88,68,0
12,4,20,71.96,60.08,66,0
12,4,21,71.06,57.92,63,0
12,4,22,70.34,59.36,68,0
12,4,23,69.8,60.8,73,0
12,5,24,69.08,62.06,78,0
12,5,1,68.72,62.42,80,0
12,5,2,68.36,62.78,82,0
12,5,3,68.0,62.96,84,0
12,5,4,67.28,62.24,84,0
12,5,5,66.74,61.88,84,0
12,5,6,66.02,60.98,84,1
12,5,7,67.28,61.34,81,54
12,5,8,68.72,62.06,79,222
12,5,9,69.98,62.06,76,295
12,5,10,72.68,63.5,73,323
12,5,11,75.38,64.94,70,490
12,5,12,78.08,66.02,67,645
12,5,13,77.0,66.92,71,344
12,5,14,76.1,67.64,75,167
12,5,15,75.02,68.0,79,144
12,5,16,73.76,68.36,83,93
12,5,17,72.32,68.0,86,13
12,5,18,71.06,68.0,90,0
12,5,19,70.7,68.0,91,0
12,5,20,70.34,68.0,92,0
12,5,21,69.98,68.0,93,0
12,5,22,68.72,66.02,91,0
12,5,23,67.28,64.04,89,0
12,6,24,66.02,62.06,87,0
12,6,1,65.3,61.34,87,0
12,6,2,64.76,60.8,87,0
12,6,3,64.04,60.08,87,0
12,6,4,62.42,59.18,89,0
12,6,5,60.62,58.1,91,0
12,6,6,59.0,57.02,93,1
12,6,7,62.6,57.02,82,61
12,6,8,66.38,57.2,72,265
12,6,9,69.98,55.94,61,462
12,6,10,72.68,56.66,57,543
12,6,11,75.38,56.66,52,544
12,6,12,78.08,57.02,48,615
12,6,13,77.72,55.94,47,612
12,6,14,77.36,55.04,46,359
12,6,15,77.0,53.96,45,271
12,6,16,74.3,52.88,47,97
12,6,17,71.78,51.62,49,18
12,6,18,69.08,50.0,51,0
12,6,19,68.36,48.56,49,0
12,6,20,67.64,46.76,47,0
12,6,21,66.92,44.96,45,0
12,6,22,66.56,46.94,49,0
12,6,23,66.38,48.38,52,0
12,7,24,66.02,50.0,56,0
12,7,1,64.4,50.72,61,0
12,7,2,62.6,51.62,67,0
12,7,3,60.98,51.98,72,0
12,7,4,60.26,52.34,75,0
12,7,5,59.72,52.52,77,0
12,7,6,59.0,53.06,80,0
12,7,7,60.98,52.34,73,38
12,7,8,62.96,51.08,65,169
12,7,9,64.94,50.0,58,264
12,7,10,68.54,49.28,50,488
12,7,11,72.32,47.3,41,583
12,7,12,75.92,44.96,33,637
12,7,13,75.02,45.68,35,580
12,7,14,73.94,46.76,38,444
12,7,15,73.04,46.94,40,349
12,7,16,70.7,47.84,44,148
12,7,17,68.36,48.02,48,13
12,7,18,66.02,48.02,52,0
12,7,19,64.04,49.46,59,0
12,7,20,62.06,50.18,65,0
12,7,21,60.08,51.08,72,0
12,7,22,59.72,51.08,73,0
12,7,23,59.36,51.08,74,0
12,8,24,59.0,51.08,75,0
12,8,1,58.64,50.72,75,0
12,8,2,58.28,50.54,75,0
12,8,3,57.92,50.0,75,0
12,8,4,57.02,50.36,78,0
12,8,5,55.94,50.0,80,0
12,8,6,55.04,50.0,83,0
12,8,7,58.64,51.08,76,50
12,8,8,62.42,52.52,70,104
12,8,9,66.02,53.06,63,424
12,8,10,68.0,51.8,56,478
12,8,11,69.98,50.54,50,483
12,8,12,71.96,48.02,43,525
12,8,13,71.6,48.56,44,428
12,8,14,71.42,49.64,46,455
12,8,15,71.06,50.0,47,174
12,8,16,70.34,50.36,49,64
12,8,17,69.8,50.9,51,6
12,8,18,69.08,51.08,53,0
12,8,19,68.36,50.72,53,0
12,8,20,67.64,50.54,54,0
12,8,21,66.92,50.0,54,0
12,8,22,66.92,50.72,56,0
12,8,23,66.92,51.26,57,0
12,9,24,66.92,51.98,59,0
12,9,1,63.68,53.42,69,0
12,9,2,60.26,54.14,80,0
12,9,3,57.02,53.96,90,0
12,9,4,57.02,53.78,89,0
12,9,5,57.02,53.24,87,0
12,9,6,57.02,53.06,86,0
12,9,7,60.98,54.14,78,55
12,9,8,65.12,55.58,71,226
12,9,9,69.08,55.94,63,400
12,9,10,70.7,54.86,57,319
12,9,11,72.32,52.7,50,591
12,9,12,73.94,51.08,44,540
12,9,13,73.22,50.72,45,573
12,9,14,72.68,51.44,47,443
12,9,15,71.96,51.08,48,322
12,9,16,71.06,52.16,51,133
12,9,17,69.98,52.7,54,21
12,9,18,69.08,53.06,57,0
12,9,19,68.72,53.42,58,0
12,9,20,68.36,53.06,58,0
12,9,21,68.0,53.06,59,0
12,9,22,68.36,53.06,58,0
12,9,23,68.72,53.42,58,0
12,10,24,69.08,53.06,57,0
12,10,1,66.74,53.42,62,0
12,10,2,64.4,53.24,67,0
12,10,3,62.06,53.06,72,0
12,10,4,62.06,53.42,73,0
12,10,5,62.06,53.78,74,0
12,10,6,62.06,53.96,75,0
12,10,7,64.4,54.5,70,32
12,10,8,66.74,55.04,66,165
12,10,9,69.08,55.04,61,257
12,10,10,69.44,55.4,61,152
12,10,11,69.62,55.58,61,386
12,10,12,69.98,55.94,61,214
12,10,13,71.06,56.12,59,263
12,10,14,71.96,55.94,57,342
12,10,15,73.04,55.94,55,112
12,10,16,71.96,55.4,56,76
12,10,17,71.06,55.58,58,13
12,10,18,69.98,55.04,59,0
12,10,19,69.26,54.86,60,0
12,10,20,68.72,54.32,60,0
12,10,21,68.0,53.96,61,0
12,10,22,66.74,55.58,67,0
12,10,23,65.3,56.12,72,0
12,11,24,64.04,57.02,78,0
12,11,1,66.02,57.2,73,0
12,11,2,68.0,57.02,68,0
12,11,3,69.98,57.02,63,0
12,11,4,68.36,57.92,69,0
12,11,5,66.56,58.46,75,0
12,11,6,64.94,59.0,81,0
12,11,7,69.26,57.92,67,46
12,11,8,73.76,55.58,53,170
12,11,9,78.08,51.08,39,334
12,11,10,77.72,52.88,42,547
12,11,11,77.36,54.5,45,615
12,11,12,77.0,55.94,48,608
12,11,13,76.64,56.12,49,505
12,11,14,76.28,56.84,51,357
12,11,15,75.92,57.02,52,255
12,11,16,74.66,57.02,54,129
12,11,17,73.22,56.12,55,23
12,11,18,71.96,55.94,57,0
12,11,19,69.62,58.28,67,0
12,11,20,67.28,59.9,77,0
12,11,21,64.94,60.98,87,0
12,11,22,64.94,60.98,87,0
12,11,23,64.94,60.98,87,0
12,12,24,64.94,60.98,87,0
12,12,1,64.58,60.26,86,0
12,12,2,64.4,59.9,85,0
12,12,3,64.04,59.0,84,0
12,12,4,62.96,58.82,86,0
12,12,5,62.06,58.46,88,0
12,12,6,60.98,57.92,90,0
12,12,7,66.02,60.44,82,49
12,12,8,70.88,62.24,74,220
12,12,9,75.92,64.04,66,366
12,12,10,76.64,64.04,65,395
12,12,11,77.36,64.76,65,610
12,12,12,78.08,64.94,64,426
12,12,13,77.72,65.48,66,370
12,12,14,77.36,65.66,67,267
12,12,15,77.0,66.02,69,237
12,12,16,75.92,65.84,71,104
12,12,17,75.02,66.2,74,5
12,12,18,73.94,66.02,76,0
12,12,19,73.58,66.02,77,0
12,12,20,73.4,66.2,78,0
12,12,21,73.04,66.02,79,0
12,12,22,73.04,66.2,79,0
12,12,23,73.04,66.2,79,0
12,13,24,73.04,66.02,79,0
12,13,1,73.04,66.92,81,0
12,13,2,73.04,67.28,82,0
12,13,3,73.04,68.0,84,0
12,13,4,73.04,68.0,84,0
12,13,5,73.04,68.0,84,0
12,13,6,73.04,68.0,84,0
12,13,7,73.76,67.64,81,30
12,13,8,74.3,67.46,79,119
12,13,9,75.02,66.92,76,246
12,13,10,77.0,66.02,69,431
12,13,11,78.98,65.3,63,442
12,13,12,80.96,64.04,56,596
12,13,13,80.96,63.32,55,442
12,13,14,80.96,63.32,55,273
12,13,15,80.96,62.96,54,283
12,13,16,78.98,64.4,61,99
12,13,17,77.0,66.02,69,19
12,13,18,75.02,66.92,76,0
12,13,19,73.4,66.92,80,0
12,13,20,71.6,66.2,83,0
12,13,21,69.98,66.02,87,0
12,13,22,69.26,65.84,89,0
12,13,23,68.72,66.02,91,0
12,14,24,68.0,66.02,93,0
12,14,1,66.92,65.12,94,0
12,14,2,66.02,64.94,96,0
12,14,3,64.94,64.04,97,0
12,14,4,64.94,64.04,97,0
12,14,5,64.94,64.04,97,0
12,14,6,64.94,64.04,97,0
12,14,7,67.64,65.3,92,46
12,14,8,70.34,66.02,86,177
12,14,9,73.04,66.92,81,305
12,14,10,75.38,66.2,73,571
12,14,11,77.72,65.48,66,604
12,14,12,80.06,64.04,58,670
12,14,13,79.34,64.22,60,527
12,14,14,78.8,64.76,62,342
12,14,15,78.08,64.94,64,309
12,14,16,76.64,66.92,72,110
12,14,17,75.38,68.36,79,20
12,14,18,73.94,69.98,87,0
12,14,19,73.04,69.62,89,0
12,14,20,71.96,69.26,91,0
12,14,21,71.06,69.08,93,0
12,14,22,70.34,68.54,94,0
12,14,23,69.8,68.72,96,0
12,15,24,69.08,68.0,97,0
12,15,1,69.08,68.18,97,0
12,15,2,69.08,68.18,97,0
12,15,3,69.08,68.0,97,0
12,15,4,69.08,68.18,97,0
12,15,5,69.08,68.18,97,0
12,15,6,69.08,68.0,97,0
12,15,7,72.14,68.36,88,43
12,15,8,75.02,68.54,80,198
12,15,9,78.08,68.0,71,380
12,15,10,78.8,67.82,69,443
12,15,11,79.34,67.46,67,491
12,15,12,80.06,66.92,65,414
12,15,13,79.7,68.18,68,449
12,15,14,79.34,69.08,71,318
12,15,15,78.98,69.98,74,267
12,15,16,77.72,70.34,78,114
12,15,17,76.28,70.7,83,15
12,15,18,75.02,71.06,87,0
12,15,19,73.94,70.88,90,0
12,15,20,73.04,71.24,94,0
12,15,21,71.96,71.06,97,0
12,15,22,71.6,70.7,97,0
12,15,23,71.42,70.52,97,0
12,16,24,71.06,69.98,97,0
12,16,1,70.7,69.8,97,0
12,16,2,70.34,69.44,97,0
12,16,3,69.98,69.08,97,0
12,16,4,69.98,69.08,97,0
12,16,5,69.98,69.08,97,0
12,16,6,69.98,69.08,97,0
12,16,7,72.68,68.9,88,37
12,16,8,75.38,68.72,80,168
12,16,9,78.08,68.0,71,316
12,16,10,78.98,67.1,67,543
12,16,11,80.06,66.74,64,584
12,16,12,80.96,66.02,60,615
12,16,13,80.06,66.74,64,441
12,16,14,78.98,67.1,67,318
12,16,15,78.08,68.0,71,262
12,16,16,76.46,68.36,76,89
12,16,17,74.66,68.9,82,23
12,16,18,73.04,69.08,87,0
12,16,19,72.32,68.54,88,0
12,16,20,71.78,68.36,89,0
12,16,21,71.06,68.0,90,0
12,16,22,69.98,67.28,91,0
12,16,23,69.08,66.74,92,0
12,17,24,68.0,66.02,93,0
12,17,1,67.64,65.66,93,0
12,17,2,67.28,65.3,93,0
12,17,3,66.92,64.94,93,0
12,17,4,66.56,65.12,95,0
12,17,5,66.38,65.84,98,0
12,17,6,66.02,66.02,100,0
12,17,7,69.62,66.92,91,50
12,17,8,73.4,68.0,83,195
12,17,9,77.0,68.0,74,375
12,17,10,78.26,67.28,69,391
12,17,11,79.7,66.92,65,375
12,17,12,80.96,66.02,60,621
12,17,13,81.32,65.66,59,337
12,17,14,81.68,64.94,57,458
12,17,15,82.04,64.94,56,287
12,17,16,80.06,66.74,64,94
12,17,17,77.9,67.82,71,20
12,17,18,75.92,69.08,79,0
12,17,19,75.02,68.54,80,0
12,17,20,73.94,67.46,80,0
12,17,21,73.04,66.92,81,0
12,17,22,71.78,66.74,84,0
12,17,23,70.34,66.38,87,0
12,18,24,69.08,66.02,90,0
12,18,1,68.36,65.66,91,0
12,18,2,67.64,65.3,92,0
12,18,3,66.92,64.94,93,0
12,18,4,66.92,64.58,92,0
12,18,5,66.92,64.22,91,0
12,18,6,66.92,64.04,90,0
12,18,7,69.98,65.3,85,47
12,18,8,72.86,66.02,79,154
12,18,9,75.92,66.92,74,241
12,18,10,75.92,67.46,75,358
12,18,11,75.92,67.46,75,342
12,18,12,75.92,68.0,76,322
12,18,13,75.56,67.82,77,299
12,18,14,75.38,68.0,78,364
12,18,15,75.02,68.0,79,167
12,18,16,74.3,68.18,81,63
12,18,17,73.76,68.0,82,20
12,18,18,73.04,68.0,84,0
12,18,19,72.68,68.0,85,0
12,18,20,72.32,68.0,86,0
12,18,21,71.96,68.0,87,0
12,18,22,71.24,68.18,90,0
12,18,23,70.7,68.9,94,0
12,19,24,69.98,69.08,97,0
12,19,1,69.26,68.36,97,0
12,19,2,68.72,67.82,97,0
12,19,3,68.0,66.92,97,0
12,19,4,69.08,67.28,94,0
12,19,5,69.98,66.92,90,0
12,19,6,71.06,66.92,87,0
12,19,7,72.68,67.28,83,54
12,19,8,74.3,67.82,80,207
12,19,9,75.92,68.0,76,410
12,19,10,77.54,67.1,70,387
12,19,11,79.34,66.2,64,572
12,19,12,80.96,64.94,58,646
12,19,13,80.6,64.94,59,600
12,19,14,80.42,64.76,59,457
12,19,15,80.06,64.94,60,240
12,19,16,77.72,65.48,66,125
12,19,17,75.38,66.2,73,29
12,19,18,73.04,66.02,79,0
12,19,19,72.32,66.56,82,0
12,19,20,71.78,66.74,84,0
12,19,21,71.06,66.92,87,0
12,19,22,71.78,67.64,87,0
12,19,23,72.32,68.18,87,0
12,20,24,73.04,69.08,87,0
12,20,1,73.76,69.26,86,0
12,20,2,74.3,69.44,85,0
12,20,3,75.02,69.98,84,0
12,20,4,71.42,66.74,85,0
12,20,5,67.64,63.32,86,0
12,20,6,64.04,60.08,87,0
12,20,7,65.66,59.72,81,36
12,20,8,67.46,59.72,76,160
12,20,9,69.08,59.0,70,337
12,20,10,69.44,58.46,68,549
12,20,11,69.62,57.38,65,490
12,20,12,69.98,57.02,63,545
12,20,13,68.9,56.66,65,463
12,20,14,68.0,57.02,68,312
12,20,15,66.92,57.02,70,266
12,20,16,64.94,56.48,74,120
12,20,17,62.96,55.76,77,26
12,20,18,60.98,55.04,81,0
12,20,19,59.9,54.86,83,0
12,20,20,59.0,54.5,85,0
12,20,21,57.92,53.96,87,0
12,20,22,57.02,53.6,88,0
12,20,23,55.94,52.88,89,0
12,21,24,55.04,51.98,90,0
12,21,1,54.32,50.36,86,0
12,21,2,53.78,48.2,81,0
12,21,3,53.06,46.04,77,0
12,21,4,51.98,46.4,81,0
12,21,5,51.08,46.76,85,0
12,21,6,50.0,46.94,89,0
12,21,7,54.32,48.92,82,54
12,21,8,58.64,50.36,74,234
12,21,9,62.96,51.98,67,424
12,21,10,65.3,51.08,60,572
12,21,11,67.64,50.54,54,665
12,21,12,69.98,48.92,47,690
12,21,13,69.98,48.38,46,643
12,21,14,69.98,48.38,46,527
12,21,15,69.98,48.02,45,358
12,21,16,68.0,49.28,51,161
12,21,17,66.02,50.36,57,30
12,21,18,64.04,51.08,63,0
12,21,19,62.96,51.08,65,0
12,21,20,62.06,51.44,68,0
12,21,21,60.98,51.08,70,0
12,21,22,59.0,51.08,75,0
12,21,23,57.02,51.26,81,0
12,22,24,55.04,51.08,86,0
12,22,1,55.4,50.72,84,0
12,22,2,55.58,50.18,82,0
12,22,3,55.94,50.0,80,0
12,22,4,55.04,50.0,83,0
12,22,5,53.96,50.0,86,0
12,22,6,53.06,50.0,89,0
12,22,7,56.3,47.84,73,50
12,22,8,59.72,44.6,57,202
12,22,9,62.96,39.02,41,394
12,22,10,65.66,39.38,38,528
12,22,11,68.36,39.74,35,589
12,22,12,71.06,39.92,32,683
12,22,13,71.06,40.64,33,610
12,22,14,71.06,41.36,34,524
12,22,15,71.06,42.08,35,360
12,22,16,68.0,43.52,41,158
12,22,17,65.12,44.96,48,29
12,22,18,62.06,44.96,54,0
12,22,19,60.62,45.86,58,0
12,22,20,59.36,46.76,63,0
12,22,21,57.92,46.94,67,0
12,22,22,57.92,47.84,69,0
12,22,23,57.92,48.2,70,0
12,23,24,57.92,48.92,72,0
12,23,1,57.2,49.46,75,0
12,23,2,56.66,49.64,77,0
12,23,3,55.94,50.0,80,0
12,23,4,55.94,50.54,82,0
12,23,5,55.94,51.26,84,0
12,23,6,55.94,51.98,86,0
12,23,7,61.7,54.86,78,49
12,23,8,67.28,57.2,70,134
12,23,9,73.04,59.0,62,398
12,23,10,72.68,57.56,59,384
12,23,11,72.32,55.76,56,563
12,23,12,71.96,53.96,53,632
12,23,13,71.6,53.06,52,599
12,23,14,71.42,52.88,52,492
12,23,15,71.06,51.98,51,331
12,23,16,70.34,51.98,52,128
12,23,17,69.8,52.52,54,32
12,23,18,69.08,51.98,55,0
12,23,19,69.44,53.6,57,0
12,23,20,69.62,54.68,59,0
12,23,21,69.98,55.94,61,0
12,23,22,69.26,56.12,63,0
12,23,23,68.72,57.02,66,0
12,24,24,68.0,57.02,68,0
12,24,1,68.0,57.92,70,0
12,24,2,68.0,58.28,71,0
12,24,3,68.0,59.0,73,0
12,24,4,68.0,59.9,75,0
12,24,5,68.0,60.26,76,0
12,24,6,68.0,60.98,78,0
12,24,7,69.98,61.34,74,29
12,24,8,71.96,61.7,70,164
12,24,9,73.94,62.06,66,145
12,24,10,74.66,61.34,63,450
12,24,11,75.2,59.9,59,544
12,24,12,75.92,59.0,56,604
12,24,13,75.56,58.28,55,601
12,24,14,75.38,58.1,55,484
12,24,15,75.02,57.02,54,300
12,24,16,73.4,57.74,58,126
12,24,17,71.6,57.92,62,19
12,24,18,69.98,57.92,66,0
12,24,19,69.26,58.64,69,0
12,24,20,68.72,59.72,73,0
12,24,21,68.0,60.08,76,0
12,24,22,68.0,59.54,74,0
12,24,23,68.0,58.64,72,0
12,25,24,68.0,57.92,70,0
12,25,1,66.38,58.28,75,0
12,25,2,64.58,57.92,79,0
12,25,3,62.96,57.92,84,0
12,25,4,62.06,57.92,86,0
12,25,5,60.98,57.38,88,0
12,25,6,60.08,57.02,90,0
12,25,7,63.32,58.46,84,49
12,25,8,66.74,59.36,77,177
12,25,9,69.98,60.08,71,327
12,25,10,71.96,60.44,67,446
12,25,11,73.94,60.08,62,593
12,25,12,75.92,60.08,58,625
12,25,13,75.92,60.08,58,604
12,25,14,75.92,60.08,58,509
12,25,15,75.92,60.08,58,278
12,25,16,74.3,61.34,64,124
12,25,17,72.68,62.42,70,24
12,25,18,71.06,62.96,76,0
12,25,19,69.44,61.88,77,0
12,25,20,67.64,60.26,77,0
12,25,21,66.02,59.0,78,0
12,25,22,66.38,59.36,78,0
12,25,23,66.56,59.54,78,0
12,26,24,66.92,60.08,78,0
12,26,1,66.92,61.34,82,0
12,26,2,66.92,62.6,86,0
12,26,3,66.92,64.04,90,0
12,26,4,65.66,62.42,89,0
12,26,5,64.22,60.62,88,0
12,26,6,62.96,59.0,87,0
12,26,7,63.32,58.1,83,28
12,26,8,63.68,57.02,79,87
12,26,9,64.04,55.94,75,146
12,26,10,65.66,55.76,70,416
12,26,11,67.46,55.76,66,626
12,26,12,69.08,55.04,61,664
12,26,13,69.8,53.96,57,624
12,26,14,70.34,52.52,53,510
12,26,15,71.06,51.08,49,349
12,26,16,68.72,51.44,54,157
12,26,17,66.38,51.26,58,29
12,26,18,64.04,51.08,63,0
12,26,19,61.7,51.08,68,0
12,26,20,59.36,50.36,72,0
12,26,21,57.02,50.0,77,0
12,26,22,55.94,50.0,80,0
12,26,23,55.04,50.0,83,0
12,27,24,53.96,50.0,86,0
12,27,1,53.6,49.82,87,0
12,27,2,53.42,50.0,88,0
12,27,3,53.06,50.0,89,0
12,27,4,52.7,49.64,89,0
12,27,5,52.34,49.28,89,0
12,27,6,51.98,48.92,89,0
12,27,7,57.02,51.26,81,46
12,27,8,61.88,53.24,73,171
12,27,9,66.92,55.04,65,421
12,27,10,68.54,54.14,60,577
12,27,11,70.34,53.06,54,646
12,27,12,71.96,51.98,49,680
12,27,13,72.32,52.16,49,593
12,27,14,72.68,51.98,48,453
12,27,15,73.04,51.98,48,252
12,27,16,71.42,53.96,54,140
12,27,17,69.62,54.68,59,28
12,27,18,68.0,55.94,65,0
12,27,19,68.72,57.02,66,0
12,27,20,69.26,57.92,67,0
12,27,21,69.98,59.0,68,0
12,27,22,67.28,58.46,73,0
12,27,23,64.76,58.1,79,0
12,28,24,62.06,57.02,84,0
12,28,1,64.04,57.74,80,0
12,28,2,66.02,58.64,77,0
12,28,3,68.0,59.0,73,0
12,28,4,65.3,58.64,79,0
12,28,5,62.78,57.92,84,0
12,28,6,60.08,57.02,90,0
12,28,7,64.76,57.38,77,48
12,28,8,69.26,56.66,64,217
12,28,9,73.94,55.04,51,413
12,28,10,74.66,56.48,53,502
12,28,11,75.2,57.56,54,557
12,28,12,75.92,59.0,56,446
12,28,13,75.2,58.46,56,525
12,28,14,74.66,58.46,57,293
12,28,15,73.94,57.92,57,177
12,28,16,73.22,57.56,58,89
12,28,17,72.68,57.2,58,23
12,28,18,71.96,57.02,59,0
12,28,19,71.24,56.66,60,0
12,28,20,70.7,56.12,60,0
12,28,21,69.98,55.94,61,0
12,28,22,70.34,56.3,61,0
12,28,23,70.7,56.66,61,0
12,29,24,71.06,57.02,61,0
12,29,1,70.7,56.66,61,0
12,29,2,70.34,56.3,61,0
12,29,3,69.98,55.94,61,0
12,29,4,70.34,55.94,60,0
12,29,5,70.7,56.12,60,0
12,29,6,71.06,55.94,59,0
12,29,7,71.42,57.38,61,23
12,29,8,71.6,58.82,64,127
12,29,9,71.96,60.08,66,301
12,29,10,73.04,59.72,63,351
12,29,11,73.94,59.72,61,409
12,29,12,75.02,59.0,58,307
12,29,13,74.66,60.44,61,528
12,29,14,74.3,60.98,63,270
12,29,15,73.94,62.06,66,297
12,29,16,72.68,62.06,69,141
12,29,17,71.24,62.24,73,23
12,29,18,69.98,62.06,76,0
12,29,19,69.98,61.34,74,0
12,29,20,69.98,60.98,73,0
12,29,21,69.98,60.08,71,0
12,29,22,69.26,60.98,75,0
12,29,23,68.72,62.42,80,0
12,30,24,68.0,62.96,84,0
12,30,1,69.08,61.16,76,0
12,30,2,69.98,58.64,67,0
12,30,3,71.06,55.94,59,0
12,30,4,70.7,56.12,60,0
12,30,5,70.34,56.84,62,0
12,30,6,69.98,57.02,63,0
12,30,7,71.06,56.48,60,40
12,30,8,71.96,56.48,58,153
12,30,9,73.04,55.94,55,385
12,30,10,73.94,55.76,53,368
12,30,11,75.02,55.22,50,514
12,30,12,75.92,55.04,48,632
12,30,13,75.56,55.76,50,535
12,30,14,75.38,57.2,53,495
12,30,15,75.02,57.92,55,285
12,30,16,73.94,57.38,56,156
12,30,17,73.04,57.38,58,29
12,30,18,71.96,57.02,59,0
12,30,19,71.6,57.02,60,0
12,30,20,71.42,57.74,62,0
12,30,21,71.06,57.92,63,0
12,30,22,71.06,59.18,66,0
12,30,23,71.06,60.08,68,0
12,31,24,71.06,60.98,71,0
12,31,1,70.7,60.8,71,0
12,31,2,70.34,60.62,71,0
12,31,3,69.98,60.08,71,0
12,31,4,69.62,61.34,75,0
12,31,5,69.44,62.96,80,0
12,31,6,69.08,64.04,84,0
12,31,7,71.06,63.5,77,45
12,31,8,73.04,63.14,71,201
12,31,9,75.02,62.06,64,385
12,31,10,75.74,62.24,63,547
12,31,11,76.28,61.88,61,657
12,31,12,77.0,62.06,60,690
12,31,13,76.28,62.42,62,640
12,31,14,75.74,62.78,64,450
12,31,15,75.02,62.96,66,369
12,31,16,73.94,62.78,68,136
12,31,17,73.04,62.24,69,31
12,31,18,71.96,62.06,71,0
12,31,19,71.96,61.34,69,0
12,31,20,71.96,60.8,68,0
12,31,21,71.96,60.08,66,0
12,31,22,71.96,60.44,67,0
12,31,23,71.96,60.44,67,0
