id,brightness,contrast,saturation,colourfulness,edge_density,dark_bg,light_bg,warm_share,cool_share,vivid_share,palette_size90,centre_vs_sides,white_share,black_share
wjZofJX0v4M,0.2110397020424836,0.2515852982826907,0.03371881808278867,0.02533733885140836,0.18390625,1.0,0.0,0.010381944444444444,0.003628472222222222,0.0,21,-0.02144189558004278,0.021510416666666667,0.43961805555555555
LPZh9BOjkQs,0.3146207541394336,0.2638116967240189,0.3913709831154684,0.1774667430554379,0.3349479166666667,0.0,0.0,0.19484375,0.17706597222222223,0.01982638888888889,222,-0.04844796255074446,0.022378472222222223,0.30364583333333334
EmKQsSDlaa4,0.30512679453976027,0.23824892081939764,0.4097408088235294,0.23842476672709423,0.25305555555555553,0.0,0.0,0.008975694444444444,0.017378472222222222,0.00034722222222222224,46,0.010042541292721585,0.03149305555555556,0.2785763888888889
6dTyOl1fmDo,0.151166469335512,0.2229345722979463,0.22564406318082791,0.14555040397436095,0.11814236111111111,1.0,0.0,0.10085069444444444,0.13053819444444445,0.009878472222222223,11,0.036267340813195936,0.008958333333333334,0.63578125
YdOXS_9_P4U,0.19552421650326798,0.2673904796293553,0.372448461328976,0.1632463317800015,0.1778472222222222,1.0,0.0,0.2690972222222222,0.0895486111111111,0.002170138888888889,142,0.009005252046781625,0.016666666666666666,0.60515625
eMlx5fFNoYc,0.08046548664215686,0.1997908115422794,0.18480378540305012,0.06201126242178481,0.1509201388888889,1.0,0.0,0.08451388888888889,0.05605902777777778,0.000625,7,0.021098931325871914,0.011284722222222222,0.8137673611111111
RQWpF2Gb-gU,0.09729855660403049,0.18759659793150338,0.046195601851851856,0.07341151896170048,0.13472222222222222,1.0,0.0,0.004322916666666667,0.004201388888888889,0.0,9,0.16875424432412126,1.736111111111111e-05,0.71046875
BHdbsHFs2P0,0.16326665701252724,0.25206053084480995,0.18822297113289763,0.14286311776305882,0.09515625,1.0,0.0,0.01296875,0.23300347222222223,0.0,40,0.3056519804182806,0.0023263888888888887,0.6774826388888889
rbu7Zu5X1zI,0.2034025693627451,0.1774169553269266,0.3603149509803922,0.09167636098664253,0.22590277777777779,1.0,0.0,0.06362847222222222,0.4128819444444444,0.0,45,-0.014973385743082268,1.736111111111111e-05,0.21635416666666665
KTzGBJPuJwM,0.09722242175925926,0.23277336113438404,0.22833558006535953,0.22053651404071586,0.08675347222222222,1.0,0.0,0.08378472222222222,0.11055555555555556,0.054565972222222224,61,0.003616230286797223,0.012743055555555556,0.8164409722222222
IQqtsm-bBRU,0.18327599592864927,0.19912246635217562,0.48175108932461885,0.2609599749799855,0.11618055555555555,1.0,0.0,0.00984375,0.36963541666666666,0.0050347222222222225,24,0.13793867607085547,0.01885416666666667,0.2882986111111111
9-Jl0dxWQs8,0.1556017820533769,0.21404348343714147,0.16694056372549018,0.1173858143521975,0.25036458333333333,1.0,0.0,0.14977430555555554,0.010364583333333333,0.002534722222222222,51,0.0498693756746571,0.0027604166666666667,0.5170486111111111
ldxFjLJ3rVY,0.5200880745915033,0.37037500304861154,0.19410266884531588,0.0647598905077177,0.5094791666666667,0.0,0.0,0.09597222222222222,0.025104166666666667,0.0,33,-0.003342065085177204,0.14467013888888888,0.2741840277777778
iv-5mZ_9CPY,0.2378500447848584,0.28203519815753975,0.32565795206971676,0.13352271721024075,0.40032986111111113,1.0,0.0,0.10864583333333333,0.1947048611111111,0.009444444444444445,117,0.053254816490964835,0.021701388888888888,0.5122395833333333
j0wJBEZdwLs,0.11184486535947713,0.2150307062301009,0.36228050108932464,0.1926485318039249,0.11496527777777778,1.0,0.0,0.09970486111111111,0.16072916666666667,0.010295138888888888,164,-0.055224348845116136,0.014184027777777778,0.7791666666666667
piJkuavhV50,0.16269873611111113,0.21657162482317593,0.2863244825708061,0.15481645775030609,0.29555555555555557,1.0,0.0,0.1657465277777778,0.10196180555555556,0.005364583333333333,58,0.007284996048773168,0.012916666666666667,0.5731423611111112
hFMaT9oRbs4,0.22774977004357297,0.25561792033496933,0.5570692401960784,0.2676016241447179,0.31921875,1.0,0.0,0.174375,0.4324826388888889,0.03630208333333333,248,-0.0010266568994337089,5.208333333333334e-05,0.4828645833333333
l6DKRf-fAAM,0.10742939177559911,0.24196257039360217,0.13905998093681915,0.06946411861570065,0.11720486111111111,1.0,0.0,0.03546875,0.08918402777777777,0.0,24,0.18071958735284702,0.03079861111111111,0.8040972222222222
fsLh-NYhOoU,0.1984728891476035,0.2064135948829932,0.44307659313725495,0.28554035513478865,0.15559027777777779,1.0,0.0,0.06045138888888889,0.4753472222222222,0.013993055555555555,60,0.20365140799019896,0.004149305555555555,0.48494791666666665
W3I3kAg2J7w,0.2465113203567538,0.24286664872783054,0.45778329248366006,0.15821969682662387,0.16223958333333333,1.0,0.0,0.22095486111111112,0.23163194444444443,0.01,58,-0.05478857939507242,0.0038541666666666668,0.4059201388888889
-j8PzkZ70Lg,0.10972050062636163,0.2281762212826051,0.5590386029411765,0.13377213940493465,0.2598784722222222,1.0,0.0,0.08145833333333333,0.35977430555555556,0.017239583333333332,24,0.037672903220874174,0.025364583333333333,0.7631597222222222
Cz4Q4QOuoo8,0.20368919455337692,0.2180283245103208,0.5140518110021788,0.22935637902993428,0.11104166666666666,0.0,0.0,0.056614583333333336,0.4894618055555556,0.0027083333333333334,8,-0.001068013604360235,0.02375,0.4419444444444444
GlYgs6v2YfU,0.1859564455610022,0.2659133227262404,0.8214596949891069,0.2775284430946561,0.3752256944444444,1.0,0.0,0.01765625,0.8107465277777778,0.08352430555555555,129,0.03998090133073942,0.02784722222222222,0.6452951388888889
FE-hM1kRK4Y,0.10910558570261439,0.21236176653980784,0.416349128540305,0.15939733564472391,0.15286458333333333,1.0,0.0,0.11640625,0.20380208333333333,0.0033159722222222223,146,-0.012800801625362207,0.017065972222222222,0.7623090277777778
M-MgQC6z3VU,0.3207053522331155,0.33835264076837224,0.3571190087145969,0.2115593367839401,0.18902777777777777,1.0,0.0,0.33588541666666666,0.12159722222222222,0.012309027777777778,133,-0.11053224137481948,0.018506944444444444,0.41328125
Dlsa9EBKDGI,0.08747730433006534,0.17678622049254517,0.557466911764706,0.18931396715963741,0.14668402777777778,1.0,0.0,0.08727430555555556,0.35046875,0.016996527777777777,23,-0.048507305251770175,0.007430555555555556,0.7646875
_BrFKp-U8GI,0.4902230865468409,0.1035340905229433,0.21811655773420477,0.05077692323180596,0.08272569444444444,0.0,0.0,0.12913194444444445,0.0,0.0,12,0.007690864591436974,0.007152777777777778,0.0
itRV2jEtV8Q,0.7432462355800653,0.1910587347275878,0.48279738562091495,0.47607216847991907,0.24416666666666667,0.0,1.0,0.031024305555555555,0.5639583333333333,0.40046875,138,-0.04063997897532423,0.31602430555555555,0.008802083333333334
4NlrfOl0l8U,0.6584082548883441,0.3470056944800482,0.08687513616557732,0.18060783005331305,0.14491319444444445,0.0,1.0,0.09022569444444445,0.0,0.013315972222222222,63,0.15813163555166776,0.48770833333333335,0.00043402777777777775
txx6ec6MLNY,0.7020404331154685,0.39308770418349737,0.13531495098039217,0.1451759561965337,0.14324652777777777,0.0,1.0,0.20916666666666667,0.00019097222222222223,0.00038194444444444446,33,0.10056298230073202,0.5761631944444444,0.15243055555555557
wzY2fV4Mp3U,0.7935072299700436,0.34932677776319826,0.10246071623093682,0.10694609847661204,0.14432291666666666,0.0,1.0,0.1517361111111111,0.006579861111111111,0.0,39,-0.029495960742438765,0.6953993055555555,0.10592013888888889
FMMpUO1uAYk,0.8317990380718954,0.3449414282655851,0.01045860566448802,0.025726987394324916,0.16697916666666668,0.0,1.0,0.004583333333333333,0.004149305555555555,0.00015625,5,-0.24481907383703894,0.7856076388888888,0.1305902777777778
y24lF1q4SFY,0.6230421657407408,0.41512436026534977,0.16350088507625274,0.11718472647290824,0.18390625,0.0,1.0,0.13897569444444444,0.09550347222222222,0.0,70,0.2338571108844486,0.4866493055555556,0.1909201388888889
chr2I7CZTfk,0.8011761767429194,0.38794131198740306,0.09113282952069716,0.007564301393899893,0.12258680555555555,0.0,1.0,0.007447916666666667,0.07314236111111111,0.0,4,-0.14453703152030228,0.7792361111111111,0.18203125
haK1KoQWm18,0.7783912432325707,0.3525194532201994,0.10164637799564269,0.026861893800005827,0.11095486111111111,0.0,1.0,0.0596875,0.018350694444444444,0.0,4,-0.133446983548144,0.76515625,0.16144097222222223
xGzseSSStnw,0.7174576880038126,0.40758343267327196,0.07502342047930283,0.06622528257768703,0.19644097222222223,0.0,1.0,0.05310763888888889,0.0475,0.0,33,0.005103760511089406,0.6375868055555556,0.1962326388888889
2_DPnzoiHaY,0.7861303093273421,0.37461240262724815,0.07319192538126361,0.05959521320585396,0.16671875,0.0,1.0,0.04416666666666667,0.07623263888888888,0.0,11,-0.01403286391183367,0.7252083333333333,0.1652951388888889
jz0rNhfAKo8,0.7390011413534859,0.38622995472468924,0.07650272331154684,0.06492135256436009,0.16899305555555555,0.0,1.0,0.03204861111111111,0.0634375,0.0,38,0.07823526755088084,0.6463541666666667,0.14125
wYs6HWZ2FdM,0.7646419453022875,0.33896121146083863,0.12264522058823529,0.12866752564810136,0.16434027777777777,0.0,1.0,0.04192708333333333,0.15133680555555556,0.0,61,0.010781744072295152,0.5966493055555555,0.08800347222222223
zizoDORjmlQ,0.7770916136846405,0.3427496318821765,0.09339665032679739,0.10263999369538364,0.16140625,0.0,1.0,0.16987847222222222,0.00171875,0.0,50,0.06450855565774571,0.6604861111111111,0.07331597222222222
WHqaF4jbUYU,0.764558699196623,0.39089397830653294,0.08248066448801743,0.07311498394841612,0.16267361111111112,0.0,1.0,0.04597222222222222,0.07119791666666667,0.0,18,-0.014302541354189513,0.7071701388888889,0.1521875
QVJcdfkRpH8,0.6872674307461875,0.37881527752739524,0.10117143246187363,0.08623872914798822,0.15270833333333333,0.0,1.0,0.05043402777777778,0.10979166666666666,0.0,63,0.13367711161207363,0.5475347222222222,0.10227430555555556
4p73Uu_jZ10,0.649886349441721,0.429391520172462,0.03878363289760349,0.053275217738787004,0.15307291666666667,0.0,1.0,0.03857638888888889,0.006961805555555555,3.472222222222222e-05,13,-0.041842127976337906,0.5680555555555555,0.2309375
mWlCituW7wo,0.7359397866149238,0.31382295961941603,0.3192216775599129,0.2945898243422307,0.3102256944444444,0.0,1.0,0.37118055555555557,0.020277777777777777,0.08307291666666666,201,-0.19460571089505174,0.45208333333333334,0.09192708333333334
aJvP3nXWkwM,0.697490374904684,0.36769992894142434,0.023690291394335514,0.014566880956106247,0.17756944444444445,0.0,1.0,0.00026041666666666666,0.0011458333333333333,0.0,22,-0.08511574663166066,0.5166666666666667,0.08942708333333334
1PxEziv5XIU,0.7146138417892156,0.35958413489846347,0.1409346405228758,0.142188234712846,0.18881944444444446,0.0,1.0,0.20677083333333332,0.04071180555555556,1.736111111111111e-05,83,0.1109657444910448,0.5347743055555556,0.08182291666666666
Qj71N0tBzRo,0.6924239901824619,0.40685148527169035,0.14100061274509804,0.10309971869695776,0.18013888888888888,0.0,1.0,0.13182291666666668,0.09168402777777777,0.0,49,0.20381498745211757,0.5967708333333334,0.19270833333333334
iO844izo9kw,0.727510326443355,0.39492498779441365,0.06952335239651417,0.0551276495772398,0.2563888888888889,0.0,1.0,0.023177083333333334,0.05545138888888889,0.0,34,-0.0038775507626040984,0.6255381944444445,0.1597222222222222
o_av1b9rs2g,0.6800367359749456,0.4023822865893244,0.11371983932461871,0.07784500494498228,0.17942708333333332,0.0,1.0,0.035520833333333335,0.1459375,0.0,43,0.1519132524609209,0.5768229166666666,0.10487847222222223
s4tptozUJ8Y,0.8242572848583878,0.35333602813493054,0.0002860838779956427,0.0011487404577367848,0.1623263888888889,0.0,1.0,0.0,6.944444444444444e-05,0.0,4,-0.24960056112415385,0.7783159722222223,0.10814236111111111
Iar4yweKGoI,0.796096390305011,0.35462291797552614,0.051101034858387795,0.060163319162215526,0.18730902777777778,0.0,1.0,0.04369791666666667,0.03881944444444444,0.0,24,-0.010372790784747843,0.7048263888888889,0.10190972222222222
8eqdMpCz9tc,0.7170787911492376,0.40201257792945744,0.13636458333333332,0.09915255009399784,0.18854166666666666,0.0,1.0,0.059583333333333335,0.11371527777777778,0.0,47,0.06077025743635489,0.6284375,0.17163194444444443
9hv4nr_46Ao,0.7692425913262526,0.31541112542897576,0.26888820806100217,0.25715369935705934,0.24210069444444443,0.0,1.0,0.30505208333333333,0.005052083333333333,0.06623263888888889,148,0.04396204270129456,0.5234201388888889,0.10142361111111112
Cru804JMjPI,0.7129848855664487,0.3451557414485359,0.1150477260348584,0.13247609882585837,0.23975694444444445,0.0,1.0,0.11022569444444444,0.01855902777777778,1.736111111111111e-05,86,0.10197722005432974,0.4848263888888889,0.100625
7xTGNNLPyMI,0.735890127709695,0.36803505052518726,0.2236525054466231,0.1171188024067974,0.1619965277777778,0.0,1.0,0.06901041666666667,0.12175347222222223,0.001875,65,-0.10606098461691538,0.6084722222222222,0.14375
kCc8FmEb1nY,0.74862841083878,0.3786674857870465,0.028773080065359474,0.11782070596732683,0.2340625,0.0,1.0,0.029878472222222223,0.00026041666666666666,0.017222222222222222,17,0.198980485374314,0.6122569444444445,0.17199652777777777
VMj-3S1tku0,0.7684476923611112,0.32914147044650977,0.10748604302832243,0.09585895560451259,0.3316145833333333,0.0,1.0,0.12246527777777778,0.06118055555555556,0.0,30,-0.1093867749156835,0.5804861111111111,0.09800347222222222
zjkBMFhNj_g,0.36035568980119825,0.2520938331677885,0.4034991830065359,0.19972067748561356,0.3106423611111111,0.0,0.0,0.22940972222222222,0.3707986111111111,0.009496527777777777,314,0.1004825560280892,0.03861111111111111,0.0565625
EWvNQjAaOHw,0.7709415684640523,0.32689185530432546,0.07020942265795208,0.1002874996144333,0.14203125,0.0,1.0,0.09550347222222222,0.00265625,0.002309027777777778,49,0.07186344885667983,0.5319618055555555,0.11220486111111111
PaCmpygFfXo,0.7099188395152506,0.36499656761353677,0.12442749183006532,0.08369893484525831,0.21055555555555555,0.0,1.0,0.01484375,0.09590277777777778,1.736111111111111e-05,45,-0.1248075765137695,0.4652951388888889,0.1544097222222222
zduSFxRajkE,0.8260884819172113,0.2773942017303419,0.12431386165577343,0.12743177346005438,0.19578125,0.0,1.0,0.11322916666666667,0.00967013888888889,0.0,137,0.039221022748847534,0.6398263888888889,0.03737847222222222
l8pRSuU81PU,0.26269821277233113,0.23896253783540877,0.23887997004357295,0.1284965344239883,0.29940972222222223,1.0,0.0,0.2259548611111111,0.031788194444444445,0.007378472222222222,84,-0.005041907752203312,0.03364583333333333,0.21055555555555555
TCH_1BHY58I,0.8084548724264706,0.33278988395062803,0.012924223856209149,0.041992803808707194,0.18510416666666665,0.0,1.0,0.0027430555555555554,0.003732638888888889,8.680555555555556e-05,17,-0.03920787153652994,0.6982638888888889,0.09713541666666667
P6sfmUTpUmc,0.9222957444580612,0.15505593183514196,0.009097358387799561,0.024311104836496292,0.14708333333333334,0.0,1.0,1.736111111111111e-05,0.0,0.0,14,0.02131711638082212,0.7660590277777778,0.0016666666666666668
q8SA3rM6ckI,0.8486162485294116,0.23784977845442715,0.07732577614379084,0.11148436749012038,0.2332986111111111,0.0,1.0,0.1303125,0.0045138888888888885,0.0,28,-0.06171574840923255,0.63671875,0.03989583333333333
t3YJ5hKiMQ0,0.6586502120642701,0.36521064502816514,0.24010797930283223,0.14352119266459284,0.24244791666666668,0.0,1.0,0.2510763888888889,0.047170138888888886,0.003732638888888889,151,0.14371897311052795,0.46336805555555555,0.10175347222222222
vEnetcj_728,0.25668386166938995,0.3106546179601444,0.21468954248366015,0.09770333616983679,0.19409722222222223,1.0,0.0,0.09541666666666666,0.10453125,0.0,127,0.3163928180822124,0.005694444444444445,0.5233159722222223
kVpDARqZdrQ,0.2277791601171024,0.26115566069984325,0.373133918845316,0.25764582539338104,0.411875,1.0,0.0,0.410625,0.05371527777777778,0.03217013888888889,540,0.26213836157317605,0.006232638888888889,0.47296875
2oKjtvYslMY,0.3314643307870371,0.34659242750123814,0.14355575980392157,0.07900892173286383,0.11850694444444444,1.0,0.0,0.08920138888888889,0.06519097222222223,0.0,45,0.28412840100015785,0.025711805555555557,0.4528125
S67z2aekBrI,0.6514256690495642,0.22556120955470849,0.31638909313725494,0.29315403323734146,0.19194444444444445,0.0,1.0,0.3611284722222222,0.029288194444444443,0.07171875,195,-0.09630287629913148,0.07454861111111111,0.027586805555555555
TQuxVz52w2w,0.49365064749455334,0.26846962427083687,0.5176501906318083,0.4132492133806567,0.4085416666666667,0.0,0.0,0.7417013888888889,0.0025173611111111113,0.30791666666666667,172,0.06989973679642897,0.17694444444444443,0.01703125
bZ6HodKDxJE,0.14407578119553377,0.2597102078940461,0.3481211192810458,0.27534526620260613,0.1662847222222222,1.0,0.0,0.2632465277777778,0.053385416666666664,0.08921875,55,0.22441412439968053,0.029357638888888888,0.7137673611111112
OFS90-FX6pg,0.2923245432461873,0.33321887895887387,0.7674114923747277,0.20844422749399977,0.16883680555555555,1.0,0.0,5.208333333333334e-05,0.00017361111111111112,5.208333333333334e-05,25,-0.05652418824973904,0.07868055555555556,0.41015625
f8O3XMrC8hg,0.21387297305283226,0.319095972778565,0.3040744144880174,0.11514288705667017,0.23149305555555555,1.0,0.0,0.041354166666666664,0.3365972222222222,0.0005729166666666667,89,-0.07228539648573234,0.0871875,0.5984201388888889
dcolM6W5Odc,0.35521302230392154,0.29600388286342433,0.34066264978213506,0.2689263111451261,0.15208333333333332,1.0,0.0,0.3982986111111111,0.027586805555555555,0.07467013888888889,99,0.2722406552413398,0.04670138888888889,0.1759375
NmCRQPITE2g,0.29141198400054463,0.27864780108575665,0.4595072167755992,0.23588417822983282,0.36465277777777777,0.0,0.0,0.27010416666666665,0.3672222222222222,0.035625,166,0.004528210190285098,0.043715277777777777,0.35024305555555557
DLg5tyxmXqQ,0.5704275519199347,0.1804683776780807,0.658594566993464,0.3197712636366979,0.3583854166666667,0.0,0.0,0.0069791666666666665,0.012274305555555556,0.39253472222222224,91,0.006788231986765925,0.006857638888888889,0.034756944444444444
ngX1nIvnMOM,0.1706110339188453,0.1904263776232307,0.49829323257080615,0.1936303213917918,0.12671875,1.0,0.0,0.09647569444444444,0.8364756944444445,0.009565972222222222,54,0.02175065498048584,0.007881944444444445,0.04027777777777778
c1zssAsg9ZY,0.2552183845588235,0.3336257359191942,0.2632569444444445,0.24613330929874483,0.2626909722222222,1.0,0.0,0.060833333333333336,0.035243055555555555,0.056979166666666664,53,0.19199457287525992,0.012569444444444444,0.5893923611111112
SN4Z95pvg0Y,0.42894569358660123,0.2981987582891065,0.5622487745098038,0.2982300076986173,0.20703125,0.0,0.0,0.5038541666666667,0.028350694444444446,0.09036458333333333,161,0.03582744945099653,0.06868055555555555,0.07796875
fKf6Kl5TMc0,0.2549622216230937,0.09095126310243945,0.8003580473856212,0.3855112216016232,0.06138888888888889,0.0,0.0,0.010121527777777778,0.9781770833333333,0.8691840277777778,18,-0.00036657313111970735,0.0027430555555555554,0.05690972222222222
5EcQ1IcEMFQ,0.31056657286220035,0.3551741884298654,0.345166802832244,0.21936570895260613,0.30758680555555556,1.0,0.0,0.09315972222222223,0.2868923611111111,0.030260416666666668,113,-0.0391042272107181,0.07069444444444445,0.51546875
n3RKsY2H-NE,0.8455999033360565,0.18153913887654433,0.05566346677559913,0.06865295421258226,0.17878472222222222,0.0,1.0,0.02831597222222222,0.011857638888888888,0.0009722222222222222,15,-0.00989658958720141,0.18375,0.021753472222222223
mayoL3XbKwA,0.1380732961328976,0.1575546128891734,0.8826091367102398,0.3296415760467366,0.11449652777777777,1.0,0.0,0.9121875,0.05720486111111111,0.0465625,92,-0.011910951173439488,0.005399305555555556,0.45006944444444447
ZKwqNgG-Sv4,0.06260390373093683,0.16998340322302954,0.3374232706971677,0.2058783933595753,0.1090625,1.0,0.0,0.04107638888888889,0.061614583333333334,0.045711805555555554,6,0.04604846172995738,0.0,0.8897743055555556
ekt6rYtOY94,0.3320339855800653,0.2595928611181075,0.5111612200435729,0.25597060598848986,0.3635069444444444,1.0,0.0,0.3614583333333333,0.2644097222222222,0.03581597222222222,348,-0.04825263290509474,0.024722222222222222,0.16597222222222222
PvDaPeQjxOE,0.08100237829520697,0.21036059407267274,0.2314564950980392,0.1804832224396133,0.12494791666666667,1.0,0.0,0.16135416666666666,0.050972222222222224,0.044756944444444446,11,0.06927279973676415,0.0015625,0.8571180555555555
e5xKayCBOeU,0.1433331208333333,0.29607830294628357,0.1605998093681917,0.06531130113901482,0.29333333333333333,1.0,0.0,0.07572916666666667,0.05161458333333333,0.0025173611111111113,9,0.05443657275462935,0.051527777777777777,0.79015625
u2DLlNQiPB4,0.48779029320533773,0.3139096403717201,0.052426198257080614,0.02148886605068775,0.19354166666666667,0.0,1.0,0.002361111111111111,0.016354166666666666,0.0,11,0.06640541680007117,0.026024305555555554,0.2651909722222222
YulgDAaHBKw,0.1312327896922658,0.24471411177278404,0.36736853213507625,0.1605265780190224,0.23571180555555554,1.0,0.0,0.15508680555555557,0.21975694444444444,0.032690972222222225,33,0.06427654614944589,0.02046875,0.7044270833333334
RWUxtGh-guY,0.759403640236928,0.1905304378378743,0.08828233932461874,0.0869979516227476,0.1267361111111111,0.0,1.0,0.03668402777777778,0.01576388888888889,0.0,21,0.009559812167089454,0.06494791666666666,0.029375
cbD4NsZQKYw,0.7190762735974945,0.13202812344646628,0.03642660675381263,0.027932888300409155,0.0985763888888889,0.0,1.0,0.010572916666666666,6.944444444444444e-05,0.00024305555555555555,11,0.07042042649853686,0.0,0.011006944444444444
iFY5SyY3IMQ,0.8177555302423745,0.21336534489892986,0.043118123638344226,0.05183358337570645,0.05413194444444445,0.0,1.0,0.015,0.0,0.0,5,0.07725815494687072,0.002395833333333333,0.05824652777777778
yLAwDEfzqRw,0.025521445383986926,0.12060966926839851,0.28622780501089323,0.039922854462970614,0.08053819444444445,1.0,0.0,0.13826388888888888,0.07449652777777778,0.0,1,0.054590799555049974,0.006319444444444444,0.9499305555555555
RV5aUr8sZD0,0.559636365332244,0.31095692483251586,0.19055684912854032,0.2069669045308638,0.194375,0.0,1.0,0.06619791666666666,0.018697916666666668,0.039565972222222225,63,0.18148308023199483,0.010868055555555556,0.17815972222222223
r1U6fenGTrU,0.07639243078703703,0.22001149427733754,0.05649822984749455,0.04655249430946611,0.16805555555555557,1.0,0.0,0.031302083333333335,0.017065972222222222,0.0010069444444444444,4,-0.006325605018307798,0.026197916666666668,0.8744270833333333
B0ZcAWEvjCA,0.6965718525735294,0.2195847241904246,0.18245186546840955,0.2282667697255072,0.19321180555555556,0.0,1.0,0.09175347222222222,0.040503472222222225,0.0303125,264,-0.11356659757263676,0.0016319444444444445,0.009427083333333334
mIfmUHiMN3U,0.6209596452205883,0.24615458342825491,0.35031726579520694,0.3065862506510107,0.2304513888888889,0.0,1.0,0.4036111111111111,0.030416666666666668,0.08788194444444444,228,-0.18838143382280914,0.07678819444444444,0.04784722222222222
fb7-L-XrDUk,0.36455681235021786,0.28389062698797746,0.26745588235294115,0.1892606713210109,0.14666666666666667,0.0,0.0,0.33503472222222225,0.03934027777777778,0.009947916666666667,120,-0.07746650178198988,0.09506944444444444,0.09821180555555556
HUBB8DoiB80,0.5335740537037036,0.23536568602672747,0.2399976851851852,0.20122058303826315,0.3476736111111111,0.0,0.0,0.08026041666666667,0.04538194444444445,0.014444444444444444,205,0.044366160075205774,0.03989583333333333,0.03678819444444444
phoeSk-qY8s,0.5679777926062092,0.16586432058991915,0.17911648965141613,0.18476504695782073,0.12131944444444444,0.0,0.0,0.028211805555555556,0.0,0.013229166666666667,48,-0.013307566200625454,0.022430555555555554,0.0008159722222222223
ehT3U935Pww,0.4822296861247276,0.1709921007069941,0.31172828159041394,0.2189062936766179,0.15104166666666666,0.0,0.0,0.035451388888888886,0.0896875,0.013315972222222222,192,0.011117078567369931,0.03256944444444444,0.0005902777777777778
08_Bh7P93NY,0.2948820660675381,0.2091890890634964,0.18290182461873636,0.18587884763088292,0.09545138888888889,1.0,0.0,0.029427083333333333,0.0019965277777777776,0.013715277777777778,40,0.07498640971744408,0.026354166666666668,0.00020833333333333335
srGmVOFpasU,0.5083553020697167,0.20967712628699753,0.3411151279956427,0.2375887084454527,0.13399305555555555,0.0,0.0,0.2645486111111111,0.005989583333333334,0.014704861111111111,148,-0.12294442848279424,0.03795138888888889,0.002482638888888889
eqoX9OIR-DI,0.4171617591367102,0.334868891966302,0.5304527505446623,0.28123076223098875,0.19633680555555555,0.0,0.0,0.029809027777777778,0.5036284722222222,0.019791666666666666,154,0.3840762079889696,0.07951388888888888,0.17564236111111112
1S2wwbX_p_E,0.5248249209831155,0.18392179502200431,0.20333871187363836,0.17710583837479218,0.24508680555555556,0.0,0.0,0.10543402777777777,0.002170138888888889,0.01357638888888889,80,-0.06537094122218728,0.018819444444444444,0.013472222222222222
MSLIC5yDHQc,0.8277964601443355,0.26020985614884795,0.1771331699346405,0.21029463523387915,0.2609548611111111,0.0,1.0,0.07078125,0.026319444444444444,0.012638888888888889,177,0.06197282622823219,0.6358333333333334,0.011840277777777778
CIB49e_r1OI,0.4924117980800653,0.2604396335747896,0.3273614515250545,0.23496245836126628,0.17824652777777777,0.0,0.0,0.22026041666666665,0.04076388888888889,0.012621527777777778,159,0.03272328727359214,0.07779513888888889,0.04572916666666667
MFgYnxHumsY,0.2683776687772331,0.20865311195671515,0.3368142701525054,0.1969837039411811,0.3161979166666667,1.0,0.0,0.04454861111111111,0.18772569444444445,0.014322916666666666,138,-0.07456744831998913,0.030034722222222223,0.1429513888888889
iF7AQ73CsGs,0.4753128454520696,0.19387604622277096,0.07766952614379086,0.15459391048308627,0.3711284722222222,0.0,0.0,0.025138888888888888,6.944444444444444e-05,0.013125,26,0.1094701552215549,0.013298611111111112,0.022569444444444444
iFoma1jUToU,0.4787472665577341,0.26070534558696945,0.1274781454248366,0.18386160583444972,0.2697222222222222,0.0,0.0,0.026961805555555555,0.0009027777777777777,0.013350694444444445,54,0.0511134553976218,0.06965277777777777,0.06435763888888889
byWZoKCdePo,0.7027047875136164,0.294382626575975,0.16478853485838776,0.23673438855698908,0.38491319444444444,0.0,1.0,0.12092013888888889,0.0006076388888888889,0.040190972222222225,148,0.1375528189266263,0.4404166666666667,0.01887152777777778
MXhd5D9eXXk,0.5708925045751633,0.22451746476034531,0.45460981753812646,0.2647588880818364,0.14588541666666666,0.0,0.0,0.3284548611111111,0.005572916666666667,0.013315972222222222,239,0.07563221709811296,0.0346875,0.00515625
dX9CGRZwD-w,0.417961709422658,0.2697915630840384,0.40049666394335504,0.26364331315974354,0.26821180555555557,0.0,0.0,0.35430555555555554,0.12255208333333334,0.032552083333333336,431,0.10069434225807333,0.02140625,0.12947916666666667
1I1vxu5qIUM,0.3402286093273421,0.244682757622732,0.3917069035947712,0.24381902535424474,0.14086805555555557,0.0,0.0,0.5651388888888889,0.12696180555555556,0.016510416666666666,113,0.010045265278877447,0.07960069444444444,0.0190625
qs2QcycggWU,0.3446190246323529,0.3102545462429978,0.4499332107843137,0.15527747607845618,0.2532986111111111,0.0,0.0,0.023385416666666665,0.6264583333333333,0.0049479166666666664,136,-0.03683495207893689,0.08086805555555555,0.2893576388888889
h9Z4oGN89MU,0.3372383838643791,0.2226433149296915,0.43252770969498905,0.2117561861107933,0.3083854166666667,0.0,0.0,0.06211805555555556,0.3758854166666667,0.0001388888888888889,271,0.0953125748733476,0.038802083333333334,0.030208333333333334
C8YtdC8mxTU,0.32659058931100216,0.22696387024206383,0.40546037581699346,0.1903188782388645,0.30984375,0.0,0.0,0.11661458333333333,0.5013715277777778,0.005902777777777778,177,0.07071349319301778,0.02439236111111111,0.07307291666666667
7J7X7aZvMXQ,0.4349352804330065,0.2633854764254518,0.2912491830065359,0.17153097676938087,0.3125347222222222,0.0,0.0,0.02875,0.36126736111111113,3.472222222222222e-05,202,0.08406299434419434,0.07600694444444445,0.02953125
SAaESb4wTCM,0.3199347757897604,0.20071453578276016,0.2917286900871459,0.14605873917323242,0.17480902777777776,0.0,0.0,0.08644097222222222,0.27868055555555554,5.208333333333334e-05,101,0.06116699854590246,0.046440972222222224,0.035416666666666666
9DnnxvS6BBQ,0.3620264237336601,0.20382790266139572,0.2846220724400871,0.19229283025821253,0.29196180555555556,0.0,0.0,0.1142013888888889,0.2691145833333333,0.03512152777777778,113,0.007978269955424333,0.006822916666666666,0.0018229166666666667
Kv1Hiv3ox8I,0.32355846917211323,0.3145370025795616,0.3772977941176471,0.13861763513415779,0.24003472222222222,1.0,0.0,0.40326388888888887,0.10159722222222223,0.0019270833333333334,85,-0.0014608721004967795,0.10944444444444444,0.16973958333333333
d86ws7mQYIg,0.357492027001634,0.22479813611070124,0.28852471405228763,0.18532707106461682,0.3335763888888889,0.0,0.0,0.07157986111111111,0.32081597222222225,0.0023263888888888887,193,-0.008981330116646702,0.028177083333333332,0.029548611111111112
wtdnatmVdIg,0.26634056659858385,0.26703199526431964,0.48523508986928116,0.20863940513924756,0.23006944444444444,1.0,0.0,0.06270833333333334,0.59125,0.015902777777777776,240,0.13623820211956325,0.05272569444444444,0.2903472222222222
16zrEPOsIcI,0.3285521512935729,0.30287434060704765,0.4569875408496732,0.1940945327601189,0.30914930555555553,1.0,0.0,0.26925347222222223,0.3023090277777778,0.00875,300,0.07306038106077284,0.06043402777777778,0.2425173611111111
_Pqfjer8-O4,0.44308183198529416,0.24751892233147788,0.3041210511982571,0.14485359925309632,0.3505729166666667,0.0,0.0,0.009982638888888888,0.30355902777777777,0.00017361111111111112,180,0.07203350131982883,0.042256944444444444,0.03635416666666667
B2482h_TNwg,0.3804731477532679,0.2864091016611673,0.3944290577342048,0.2679869553767898,0.33696180555555555,0.0,0.0,0.06269097222222222,0.4097222222222222,0.04388888888888889,316,0.0030183490506490718,0.0484375,0.14869791666666668
NKfW8ijmRQ4,0.4773702770561002,0.2097246307627478,0.440885348583878,0.29757997058352254,0.20590277777777777,0.0,0.0,0.4874826388888889,0.14961805555555555,0.030815972222222224,233,0.028442020465318907,0.07697916666666667,0.008645833333333333
h-NM1xSSzHQ,0.349524637990196,0.22513515826164132,0.2865006808278867,0.20305321666398043,0.24869791666666666,0.0,0.0,0.040989583333333336,0.37149305555555556,0.0246875,224,-0.002720332810472903,0.03640625,0.01826388888888889
gfOD-Qpl6eg,0.24712789384531586,0.18472572327980663,0.1865930010893246,0.09682508011916466,0.1898263888888889,1.0,0.0,0.030729166666666665,0.028194444444444446,0.0,63,-0.03507046956095475,0.004461805555555556,0.02435763888888889
iOlehM5kNSk,0.37089106067538125,0.25398698384773344,0.2929502995642702,0.1660485244334083,0.2522916666666667,0.0,0.0,0.2551909722222222,0.16008680555555554,0.00038194444444444446,215,-0.059087007316588724,0.0415625,0.038975694444444445
_ZKNOKHpqE4,0.37188920185185187,0.24965722619549158,0.448062091503268,0.19821776089359983,0.1803298611111111,0.0,0.0,0.07845486111111111,0.7050694444444444,1.736111111111111e-05,123,0.1549403812647691,0.01078125,0.09010416666666667
VIi04uD8LtY,0.34235788770424835,0.26801921645845955,0.4801085239651416,0.23493061964340486,0.2993402777777778,0.0,0.0,0.45197916666666665,0.2527083333333333,0.029861111111111113,195,0.0063594105280505575,0.0732986111111111,0.1373611111111111
X6wJE-4BLM0,0.42464816693899776,0.2765231833655706,0.41157196350762526,0.26285097471435237,0.20640625,0.0,0.0,0.47649305555555554,0.00328125,0.03774305555555556,352,0.007738613778237313,0.05722222222222222,0.011302083333333334
aa6YISbAJEA,0.44686123656045745,0.2953268763656553,0.5023531454248366,0.27839485551948434,0.26883680555555556,0.0,0.0,0.33868055555555554,0.18803819444444445,0.046163194444444444,442,0.11885221115840289,0.06255208333333333,0.08270833333333333
-HVKm5fIUA8,0.3668111787445534,0.22406344392205335,0.2785280501089325,0.205383626844275,0.21383680555555556,0.0,0.0,0.25991319444444444,0.08241319444444445,0.014357638888888889,262,0.04271204377313925,0.04855902777777778,0.05098958333333333
oEC5fIw0bL0,0.24505466636710244,0.2275709245592137,0.25862806372549024,0.10007168406420716,0.17071180555555557,1.0,0.0,0.08411458333333334,0.22588541666666667,0.0018923611111111112,68,0.19600388699529656,0.026944444444444444,0.23817708333333334
TfhL5kBiQVI,0.45498993228485834,0.2794717157601976,0.5446567265795207,0.3389137770878522,0.23397569444444444,0.0,0.0,0.016944444444444446,0.5665451388888889,0.09800347222222222,258,0.06257564129890675,0.0953125,0.020590277777777777
r-SivgEpA1Q,0.45559213086873634,0.2843205591984966,0.2741378676470588,0.22371842902919323,0.2340625,0.0,0.0,0.17760416666666667,0.19928819444444446,0.03571180555555555,155,0.08810350687498097,0.14949652777777778,0.03079861111111111
YtBysgPOKx4,0.5048773403322441,0.22539437160568632,0.34821657135076256,0.25296834174865296,0.2706423611111111,0.0,0.0,0.41130208333333335,0.08444444444444445,0.041979166666666665,202,0.07928272943066605,0.053802083333333334,0.020885416666666667
bHXJnY7h6gw,0.37695035856481474,0.2561685861455337,0.2595566448801743,0.0851582793442812,0.2088715277777778,0.0,0.0,0.15137152777777776,0.00421875,0.0022222222222222222,47,0.01034493642155232,0.0934548611111111,0.07317708333333334
_d0duu3dED4,0.6179533783769062,0.30933057035522726,0.5668331290849674,0.5350829612304225,0.18366319444444446,0.0,1.0,0.026024305555555554,0.063125,0.5453645833333334,94,0.019790072672608128,0.14734375,0.17182291666666666
eHEHE2fpnWQ,0.22586785008169935,0.1866161232599783,0.15418947440087147,0.15039184348658727,0.24305555555555555,1.0,0.0,0.010381944444444444,0.09793402777777778,0.019600694444444445,53,0.012242900331119327,0.01328125,0.1882638888888889
1nENigGr-a0,0.21591652637527234,0.19683580669948458,0.165838371459695,0.15377711935831828,0.21972222222222224,1.0,0.0,0.02361111111111111,0.13090277777777778,0.017395833333333333,48,0.03395825939295169,0.02298611111111111,0.2087152777777778
hltLrjabkiY,0.22295522592592593,0.20942532566782177,0.11139985021786492,0.07429371326400412,0.30635416666666665,1.0,0.0,0.020711805555555556,0.048315972222222225,0.0027604166666666667,23,0.0050983539861290395,0.017829861111111112,0.23201388888888888
HHUi8F_qAXM,0.22961966636710243,0.19502382618470424,0.20784974128540304,0.17314223509756974,0.24838541666666666,1.0,0.0,0.13034722222222223,0.08791666666666667,0.031788194444444445,90,-0.003886913741855985,0.020885416666666667,0.17647569444444444
Qd9tJ3H_hPE,0.23349063101851852,0.20482766468393368,0.2720544662309368,0.22290932774335095,0.22435763888888888,1.0,0.0,0.12734375,0.11034722222222222,0.04512152777777778,262,-0.005386070108632818,0.015034722222222222,0.20842013888888888
hFURlsMwU7c,0.22861631252723316,0.2034621630258364,0.10584688180827886,0.09545865944305955,0.23180555555555554,1.0,0.0,0.025520833333333333,0.05779513888888889,0.0033159722222222223,22,0.021768055425512745,0.019947916666666666,0.1856597222222222
avjX3QrYkls,0.28962379952342043,0.3784050166292616,0.1981277913943355,0.0823343889580209,0.20930555555555555,1.0,0.0,0.04987847222222222,0.05942708333333333,0.00012152777777777777,33,0.5029055234574561,0.14418402777777778,0.4927951388888889
z_NbVtbgBJw,0.22303039572440092,0.18926456951133702,0.15093123638344227,0.11430672828352868,0.2510590277777778,1.0,0.0,0.06236111111111111,0.038315972222222223,0.0060416666666666665,79,0.0032656115388885187,0.01970486111111111,0.17711805555555554
OvufRkoD-D0,0.22851368764978217,0.21143784503871427,0.16126647603485839,0.13682561255243994,0.23979166666666665,1.0,0.0,0.06770833333333333,0.06479166666666666,0.0055381944444444445,87,0.018947523576549885,0.011267361111111112,0.1883159722222222
3Kqal7QaCCM,0.29005237287581703,0.2500858452014086,0.23757441448801744,0.18544691724495327,0.33576388888888886,1.0,0.0,0.07461805555555556,0.15730902777777778,0.023177083333333334,289,0.01031951732719577,0.03508680555555556,0.18272569444444445
uq-JpclPQV4,0.7022294600762528,0.3733582023881747,0.1395151824618736,0.18421433326494274,0.26154513888888886,0.0,1.0,0.047170138888888886,0.13737847222222221,0.017291666666666667,120,-0.012444546497891507,0.47901041666666666,0.17314236111111111
LQuuoHTyYz8,0.6245520098311547,0.3355597887034895,0.5041160130718955,0.5264382062316941,0.20184027777777777,0.0,1.0,0.04855902777777778,0.08142361111111111,0.45272569444444444,79,0.008117041621766408,0.2117013888888889,0.1814236111111111
okrR1KXNLtA,0.18660714196623093,0.20677247599674017,0.11413269335511983,0.19047953474323154,0.09883680555555556,1.0,0.0,0.008263888888888888,0.04420138888888889,0.03642361111111111,35,-0.019090002000776818,0.031302083333333335,0.19911458333333334
QEzbZKtLi-g,0.6821428532679739,0.34658582907825985,0.32934245642701526,0.42053268974606345,0.29378472222222224,0.0,1.0,0.0646701388888889,0.15399305555555556,0.22022569444444445,160,0.022993331469322364,0.35878472222222224,0.16755208333333332
YXkOdWBwqaA,0.17000030674019603,0.18746489363101784,0.11078050108932462,0.13012645418279634,0.1303298611111111,1.0,0.0,0.03409722222222222,0.08967013888888889,0.012864583333333334,28,-0.02512961940715075,0.021649305555555557,0.19902777777777778
jWRW2xGMqSw,0.21888277069716777,0.1924570425795041,0.22725919117647056,0.16054000772329333,0.20755208333333333,1.0,0.0,0.1473611111111111,0.07284722222222222,0.013298611111111112,208,0.02355288331990646,0.013854166666666667,0.19569444444444445
U8lGbSaCCYI,0.6386255224809368,0.3646966968695199,0.295578839869281,0.3610094202951335,0.23807291666666666,0.0,1.0,0.11982638888888889,0.11388888888888889,0.12378472222222223,114,-0.02344155396085046,0.3343923611111111,0.18197916666666666
3Lis4w4_bBc,0.1687705671432462,0.24661601166908,0.6462286900871459,0.2053730018133981,0.3637326388888889,1.0,0.0,0.07369791666666667,0.6202256944444444,0.013194444444444444,252,0.022966607763997504,0.01361111111111111,0.6602083333333333
2g1G8Jr88xU,0.22161504517973854,0.19832517722843862,0.16824176198257082,0.1720127059144696,0.22284722222222222,1.0,0.0,0.02050347222222222,0.15263888888888888,0.022534722222222223,50,0.03032017090583175,0.02236111111111111,0.20737847222222222
Dwt8R0KPu7k,0.22931976260893247,0.20456345296497072,0.14562888071895422,0.19208091464454252,0.19526041666666666,1.0,0.0,0.04043402777777778,0.043020833333333335,0.04157986111111111,92,0.005523931143005201,0.019166666666666665,0.17661458333333332
nBvDtj-p6VM,0.7417221243872548,0.3762390952678668,0.10151947167755991,0.1667435700677871,0.27038194444444447,0.0,1.0,0.056614583333333336,0.039704861111111114,0.019322916666666665,64,-0.01311870302755791,0.5991319444444444,0.17510416666666667
MUWAbpg1xLo,0.24644011220043574,0.20491413208405207,0.17409729030501087,0.11905943552649023,0.38092013888888887,1.0,0.0,0.09161458333333333,0.06180555555555556,0.004253472222222222,133,-0.006509430166627667,0.009982638888888888,0.18840277777777778
6u25GckPhLU,0.24228145029956424,0.22004143464945183,0.16459953703703706,0.1254819332693167,0.31842013888888887,1.0,0.0,0.03998263888888889,0.09909722222222223,0.007517361111111111,97,0.005940189501377063,0.010381944444444444,0.2126736111111111
taSmwcqdkQk,0.2453407351443355,0.2156815559660322,0.21188071895424837,0.12849772896484235,0.3458159722222222,1.0,0.0,0.11590277777777777,0.08100694444444445,0.0019965277777777776,215,0.013515917840221409,0.01984375,0.18425347222222221
7_wkWQ9rB5I,0.2067652325027233,0.24479481247060553,0.4270146377995643,0.2439425744823459,0.2320486111111111,1.0,0.0,0.2749652777777778,0.16185763888888888,0.08157986111111111,95,-0.018929040919880957,0.013090277777777777,0.38774305555555555
5V8tP5jDZ8U,0.661580047998366,0.33368204025667436,0.33615318627450985,0.311489856516085,0.20387152777777778,0.0,1.0,0.031302083333333335,0.01109375,0.00012152777777777777,34,0.033196292006996586,0.2303125,0.17657986111111112
CFRhGnuXG-4,0.15374591112472766,0.13490411470460734,0.13829697712418298,0.06136448798075869,0.090625,1.0,0.0,0.024149305555555556,0.04796875,0.0,5,-0.016919598011747278,0.007569444444444445,0.03947916666666667
-J3wNP6u5YU,0.15352391753812633,0.15553720450472555,0.12332135076252722,0.02674102569870913,0.10295138888888888,1.0,0.0,0.018958333333333334,0.020677083333333332,0.0,5,-0.00674206693612614,0.022083333333333333,0.03581597222222222
hxGOiiR9ZKg,0.14360824368191724,0.1144152370593676,0.11272691993464051,0.04353312047772114,0.08423611111111111,1.0,0.0,0.01376736111111111,0.024913194444444446,0.0,3,-0.0017780486694334852,0.006527777777777778,0.021059027777777777
J1f5b4vcxCQ,0.14086158620642703,0.10255865147994707,0.10943940631808276,0.031083080901912225,0.06722222222222222,1.0,0.0,0.0036805555555555554,0.022378472222222223,0.0,2,0.015218910466774954,0.0,0.01907986111111111
tKbV6BpH-C8,0.1894153453159041,0.2040008019107061,0.13120819716775597,0.08848206882796678,0.13675347222222223,1.0,0.0,0.07708333333333334,0.01611111111111111,0.0,12,0.05121547989638067,0.04314236111111111,0.026597222222222223
Bf7vDBBOBUA,0.1744811062091503,0.1672403519155491,0.14430215141612202,0.12232441541162231,0.08536458333333333,1.0,0.0,0.09336805555555555,0.019930555555555556,0.0,11,-0.008981142079355714,0.020746527777777777,0.02456597222222222
rQlMtztiAoA,0.18928892175925927,0.21803640545600292,0.1294714052287582,0.02991584921640281,0.1566840277777778,1.0,0.0,0.0057465277777777775,0.05071180555555556,0.0,10,0.01483964014369632,0.04586805555555556,0.04815972222222222
nuML9SmdbJ4,0.13804946643518512,0.09001939747268663,0.1607576933551198,0.031210178957221803,0.0671875,1.0,0.0,0.00020833333333333335,0.04487847222222222,0.0,2,0.015941996591226443,0.0,0.01626736111111111
J0NuOlA2xDc,0.6810412198665576,0.20486100116297015,0.36127491830065356,0.27161793838840875,0.11237847222222222,0.0,1.0,0.030677083333333334,0.3399652777777778,0.013940972222222223,109,-0.04500360308514573,0.07225694444444444,0.0
q1qKv5TBaOA,0.396754707543573,0.28779018611764323,0.6090802015250544,0.37145845643812675,0.318125,0.0,0.0,0.12597222222222224,0.7106597222222222,0.10866319444444444,379,-0.13913364965660635,0.06197916666666667,0.0922048611111111
HlgG395PQWw,0.2767820499319172,0.3094941076294697,0.24624530228758168,0.06204658392070726,0.146875,1.0,0.0,0.10322916666666666,0.0,0.0025173611111111113,15,-0.12284227246100538,0.13569444444444445,0.04241319444444445
ilkZ27TwYVg,0.18283249374999996,0.26594555679686865,0.6081173066448801,0.12567181024881938,0.2053125,1.0,0.0,0.6721875,0.16911458333333335,0.00234375,64,0.11748855098772987,0.026979166666666665,0.6734895833333333
ETZzkVQS2Vg,0.2956235507625272,0.2858083302362849,0.04608101851851852,0.06558260309632008,0.14355902777777776,1.0,0.0,0.03934027777777778,0.0015277777777777779,0.00421875,10,-0.0763549546094893,0.08017361111111111,0.016336805555555556
zKjo8Oc2qLk,0.3716871529684096,0.18741688518683808,0.5351458333333333,0.3615097655165627,0.10935763888888889,0.0,0.0,0.39057291666666666,0.4595138888888889,0.13706597222222222,113,-0.08220684649915933,0.01328125,0.048802083333333336
-q2n5DkDoMQ,0.2510993368600218,0.1996102019882725,0.31651191448801747,0.16867367192275115,0.08248263888888889,1.0,0.0,0.22421875,0.34458333333333335,1.736111111111111e-05,81,0.13677079106865223,0.011059027777777777,0.043854166666666666
eXXwN_TDdLU,0.20262846755174294,0.2069362459230829,0.33202294389978215,0.25970420616737794,0.11949652777777778,1.0,0.0,0.3770833333333333,0.07680555555555556,0.04105902777777778,107,0.10771359503209588,0.02171875,0.2555208333333333
ntPGl8UyIq4,0.4767909149645969,0.26875327545646666,0.3390529003267974,0.27689884231271644,0.16496527777777778,0.0,0.0,0.14786458333333333,0.20680555555555555,0.05479166666666667,175,0.19076085289065753,0.010225694444444445,0.05345486111111111
-YNk9_e4pg4,0.2028178023284314,0.25346670484453626,0.2690270969498911,0.14873138250637155,0.13862847222222222,1.0,0.0,0.13793402777777777,0.24644097222222222,0.008350694444444445,109,0.16541055697162,0.029288194444444443,0.48131944444444447
ZxobPzkE4r0,0.6757661310185185,0.3355277619873418,0.19497862200435728,0.20222321042889344,0.18519097222222222,0.0,1.0,0.2656076388888889,0.0084375,0.01939236111111111,110,-0.016882685330595004,0.4628125,0.04126736111111111
FPIGu0anfAE,0.22604095347222225,0.2775689962995505,0.409447848583878,0.09124757196161591,0.16550347222222223,1.0,0.0,0.15414930555555556,0.1540798611111111,0.00203125,58,0.05585954238800084,0.00109375,0.4703645833333333
C7sagA2I-os,0.6397598909994554,0.35216084741586484,0.14784463507625273,0.10746433380782144,0.14921875,0.0,1.0,0.12013888888888889,0.008628472222222221,0.0,52,-0.10590803531440196,0.4673611111111111,0.048489583333333336
ghY78-yWr7o,0.2293875692674292,0.23898985922977692,0.37141836873638345,0.222465202059278,0.14565972222222223,1.0,0.0,0.33461805555555557,0.2711458333333333,0.03642361111111111,74,-0.008280446859744744,0.020572916666666666,0.4374652777777778
z3kaLM8Oj4o,0.5853752604030501,0.3039960658776735,0.2463270016339869,0.21350453163604816,0.1596701388888889,0.0,0.0,0.21878472222222223,0.00453125,0.015104166666666667,163,0.029605204181807787,0.13430555555555557,0.05741319444444445
eIIWyoy4aF8,0.2859270818627451,0.26345148500632787,0.2891023965141612,0.19784567417669158,0.20477430555555556,1.0,0.0,0.19057291666666668,0.16225694444444444,0.021197916666666667,238,0.07820102010573227,0.04777777777777778,0.21461805555555555
qKqrmS6dKDg,0.40178421858660135,0.337692833170275,0.31031569989106755,0.2053783904602093,0.1869097222222222,0.0,0.0,0.12357638888888889,0.21357638888888889,0.03756944444444445,126,-0.2092846071685281,0.053836805555555554,0.29348958333333336
nZmoq_XJW6Y,0.29565950279139436,0.25680067855563266,0.21624101307189544,0.09552328850444804,0.1823611111111111,1.0,0.0,0.11909722222222222,0.16451388888888888,0.0,85,-0.11225021747882918,0.028524305555555556,0.1609201388888889
_Ux13UEqIYo,0.44363105754357296,0.22828567601367225,0.4081540713507626,0.2648916728580557,0.10670138888888889,0.0,0.0,0.21083333333333334,0.5098784722222223,0.023871527777777776,142,0.08832917991662653,0.01421875,0.17017361111111112
QfUb5MEAOXA,0.2244758862745098,0.22673815773830028,0.055315631808278865,0.07192291816695029,0.13081597222222222,1.0,0.0,0.08164930555555555,0.003263888888888889,0.0,24,0.12151664589285621,0.015711805555555555,0.14097222222222222
wgyGVMN8Hxw,0.32145097227668845,0.25831277214126447,0.2964987064270152,0.3175189671334324,0.27651041666666665,0.0,0.0,0.12461805555555555,0.2790972222222222,0.10203125,217,0.10384987624150549,0.04611111111111111,0.09510416666666667
jRcqJkW44Lc,0.2936157911900871,0.26428876811508656,0.3883651279956427,0.14034035269600334,0.13364583333333332,1.0,0.0,0.15220486111111112,0.5283680555555555,0.0,61,0.2512598550493298,0.07159722222222223,0.042743055555555555
3w0KeFOB698,0.26529684208877996,0.3313971074742853,0.22908973311546843,0.10688490614103432,0.16272569444444446,1.0,0.0,0.0046875,0.2848611111111111,0.0,49,-0.0014390220776960838,0.035104166666666665,0.5098263888888889
nKocyzMO7nI,0.579302776198257,0.266230715000463,0.334646105664488,0.2374888873278528,0.14081597222222222,0.0,1.0,0.5260243055555556,0.013940972222222223,0.021892361111111112,141,0.08839796725533611,0.038524305555555555,0.024982638888888888
4JxUSGub_t0,0.518555649632353,0.2922318060280192,0.21622194989106752,0.22446651110824772,0.22644097222222223,0.0,0.0,0.205,0.025659722222222223,0.027725694444444445,150,0.15436611682300627,0.1148263888888889,0.038767361111111114
s_JwjjNNQ_E,0.2814946984749455,0.295433454677325,0.18667354302832245,0.2864604497173766,0.16585069444444445,1.0,0.0,0.1363888888888889,0.07078125,0.07942708333333333,49,0.09381269481814947,0.0693923611111111,0.10880208333333333
k31J6icKRUA,0.6033199727941175,0.30536694432758454,0.44990080337690624,0.4948246179101585,0.15921875,0.0,1.0,0.02293402777777778,0.5646875,0.31949652777777776,109,-0.13944006845438073,0.06753472222222222,0.06197916666666667
IXWtyLSEXcE,0.45339791476034863,0.2419436484540374,0.16929023692810458,0.17138595653050298,0.23465277777777777,0.0,0.0,0.2570138888888889,0.0013020833333333333,3.472222222222222e-05,82,0.05492861571831453,0.03723958333333333,0.047517361111111114
g4Gb6viwsnQ,0.2622485213916122,0.2646119503965101,0.27601450163398694,0.12004057805811968,0.15571180555555555,1.0,0.0,0.3486284722222222,0.07017361111111112,0.0033506944444444443,93,0.13504267656029273,0.04871527777777778,0.11572916666666666
a-uqfwq9Ibo,0.406220370166122,0.27239139642114174,0.3430091911764706,0.3170494208340724,0.2506076388888889,0.0,0.0,0.2785416666666667,0.19194444444444445,0.10994791666666667,150,0.05141931236551511,0.03501736111111111,0.06923611111111111
RhdQTNT5xu4,0.2815538384803921,0.21314165891111705,0.5086978485838779,0.33411597472891885,0.14324652777777777,1.0,0.0,0.67734375,0.06970486111111111,0.09413194444444445,182,-0.04400683845917136,0.002690972222222222,0.02392361111111111
1z8tuiWbdWw,0.35460629133986926,0.25810998406034813,0.6200820397603485,0.4948518418272744,0.2376909722222222,1.0,0.0,0.5500173611111111,0.18182291666666667,0.2864236111111111,378,0.0663312114234827,0.028385416666666666,0.050659722222222224
JWXCI1jcGfI,0.2380613271514161,0.29230208563650556,0.4526179874727669,0.19966952370926574,0.24741319444444446,1.0,0.0,0.32253472222222224,0.1892361111111111,0.023003472222222224,209,-0.1207485769390497,0.05496527777777778,0.4896875
DSMCfD25_3o,0.33226191525054466,0.2423264225588971,0.6919598311546842,0.5225461448551398,0.21885416666666666,1.0,0.0,0.7056944444444444,0.11383680555555556,0.3768402777777778,289,0.030745074417141305,0.008333333333333333,0.04279513888888889
eZbNP0EbgLE,0.3150094550108933,0.28502437724650037,0.5466332380174292,0.316411622856923,0.28942708333333333,0.0,0.0,0.50296875,0.1424652777777778,0.08819444444444445,421,-0.15472657195554804,0.028975694444444443,0.3204340277777778
9TLMdG_OyXE,0.2615434153730937,0.28529764689373643,0.48894744008714597,0.22631218880181975,0.2538715277777778,1.0,0.0,0.5298784722222222,0.07388888888888889,0.02298611111111111,164,-0.03495457050529219,0.0578125,0.42918402777777775
faeLVl_TgX0,0.1931352636846405,0.2375245111878897,0.49692878540305013,0.1789082452474715,0.2491840277777778,1.0,0.0,0.53234375,0.05654513888888889,0.012552083333333333,128,0.043031695906129486,0.011440972222222222,0.4953472222222222
mLQyzVOBk28,0.29013324192538126,0.2547561732842366,0.6513873229847494,0.4750485957442689,0.21107638888888888,1.0,0.0,0.5160069444444444,0.2754861111111111,0.24307291666666667,231,-0.11587788219274073,0.022152777777777778,0.1517013888888889
Oe4fi4lXirY,0.3194482080473856,0.26357244359589427,0.6514302832244009,0.49406990580902255,0.228125,1.0,0.0,0.6744444444444444,0.10078125,0.34057291666666667,218,-0.1308772310705116,0.06246527777777778,0.09555555555555556
ThnqyRPbLUI,0.36791786983932456,0.26205170875357103,0.6517898284313726,0.5154585832983672,0.25949652777777776,1.0,0.0,0.7009895833333334,0.10152777777777777,0.37126736111111114,296,-0.12010781701075185,0.02050347222222222,0.05005208333333333
2reW0Kqpcr0,0.2896346953022876,0.23637334424267384,0.4653536220043573,0.2733022574123363,0.18774305555555557,1.0,0.0,0.5635763888888888,0.0784201388888889,0.06234375,181,-0.03462787419347524,0.006666666666666667,0.08159722222222222
0gXKX7P_zGM,0.21600200310457515,0.2532826439774433,0.5006599264705882,0.2515380404346981,0.2425,1.0,0.0,0.4945833333333333,0.07463541666666666,0.04484375,200,-0.026915533029144567,0.0234375,0.4780034722222222
p7H1AyjwJ5w,0.34620822788671024,0.2779603337866702,0.6671678921568628,0.5256544958392203,0.23741319444444445,1.0,0.0,0.5991493055555556,0.14447916666666666,0.3514583333333333,237,0.023050058664097317,0.08078125,0.05607638888888889
dtADQiBK24E,0.32277353995098035,0.2558736764431558,0.6963329929193901,0.5222539518554579,0.23807291666666666,1.0,0.0,0.6918576388888888,0.129375,0.38232638888888887,249,-0.02542757258751388,0.022430555555555554,0.09012152777777778
II5TqBYNd6o,0.3182292164488017,0.31001754129262477,0.39392844498910673,0.20256855206806557,0.3176041666666667,1.0,0.0,0.38633680555555555,0.0718576388888889,0.025815972222222223,243,0.1928313924922463,0.04454861111111111,0.3584895833333333
pgY5a_I1pvQ,0.37614614127178647,0.2800990589430678,0.5860130038126361,0.4619703652220521,0.22022569444444445,1.0,0.0,0.5945659722222222,0.13758680555555555,0.2617534722222222,223,0.11212594212461136,0.07784722222222222,0.02736111111111111
-0HRzXk8vlk,0.44132117785947705,0.300483535702,0.5232926879084967,0.4110334119910035,0.23197916666666665,0.0,0.0,0.5194270833333333,0.01204861111111111,0.2699826388888889,171,0.16269555685175785,0.058611111111111114,0.15977430555555555
_MoRcYLN-7U,0.5077990269199346,0.28223858591319845,0.3230639297385621,0.24225659187321147,0.27782986111111113,0.0,0.0,0.1256076388888889,0.15840277777777778,0.03802083333333333,231,0.13719727068343351,0.06190972222222222,0.08902777777777778
YDdKiQNw80c,0.4405823131672113,0.24795630789584888,0.2750541938997821,0.20837149544860994,0.20052083333333334,0.0,0.0,0.03359375,0.1684548611111111,0.03951388888888889,126,0.02718767813963091,0.04131944444444444,0.06821180555555556
k_kyepATqB8,0.46318948662854037,0.27679096294095534,0.27215563725490194,0.2528709227720055,0.23092013888888888,0.0,0.0,0.20175347222222223,0.038767361111111114,0.04034722222222222,198,0.043923690298345586,0.0371875,0.08907986111111112
0GQ2RP-25gM,0.36576844911492373,0.25393137934541693,0.3643155637254902,0.17408390853208813,0.16907986111111112,0.0,0.0,0.1129861111111111,0.23850694444444445,0.011631944444444445,139,-0.05126800167768669,0.04359375,0.1162673611111111
2jJeSgO_MGo,0.3231014120506536,0.2823377024413068,0.2925034722222222,0.2234721026908789,0.241875,1.0,0.0,0.1288888888888889,0.10152777777777777,0.04064236111111111,151,0.02018154053167337,0.06675347222222222,0.17616319444444445
2Q6OvYjOJi0,0.4472655284722221,0.3291152614171777,0.2472450980392157,0.22883351860012235,0.2376388888888889,0.0,0.0,0.005277777777777778,0.22522569444444446,0.034583333333333334,93,0.040994767836898205,0.075,0.1284722222222222
cYS57xJuRP8,0.4284836198529411,0.2218476849241453,0.4014295343137255,0.27796850740642437,0.20333333333333334,0.0,0.0,0.019739583333333335,0.11253472222222222,0.06348958333333334,200,0.01527628349332244,0.0017881944444444445,0.08078125
-14t6_yu-7w,0.40159527203159034,0.2557073811800421,0.42273876633986934,0.332889046393344,0.18611111111111112,0.0,0.0,0.06420138888888889,0.03619791666666667,0.08680555555555555,218,-0.03319237198236341,0.04545138888888889,0.07064236111111111
E3hvLz717zM,0.37376074534313725,0.2670771303271173,0.5092470724400872,0.24220878664168394,0.19600694444444444,0.0,0.0,0.09038194444444445,0.08793402777777778,0.017934027777777778,179,-0.034887009785289136,0.05852430555555556,0.12729166666666666
0jmJdvI6f-A,0.31735809911492374,0.23080993056112767,0.2735200163398693,0.18356374001803175,0.22578125,0.0,0.0,0.22694444444444445,0.04241319444444445,0.028802083333333332,102,0.043022860739326985,0.033489583333333336,0.08527777777777777
kaD54VXxGrI,0.32600280599128534,0.26196622016483373,0.24461757897603484,0.209552445869277,0.21512152777777777,1.0,0.0,0.17460069444444445,0.027256944444444445,0.03347222222222222,142,-0.04667945217440406,0.04071180555555556,0.15333333333333332
CnSYsUhlx14,0.3938220813861656,0.29792928080982817,0.488171364379085,0.2899326252112399,0.18708333333333332,0.0,0.0,0.5366666666666666,0.07411458333333333,0.06,133,0.020090427681023648,0.07526041666666666,0.14607638888888888
x_pwyoLsvkw,0.3329198051470588,0.2002871557335416,0.6040713507625272,0.37345655654698384,0.37645833333333334,0.0,0.0,0.21336805555555555,0.3054340277777778,0.09512152777777778,730,0.015785451029566355,0.0002777777777777778,0.0634201388888889
SJocPm2E8eQ,0.27176586207788667,0.28633349459780927,0.3565405773420479,0.23696133611909048,0.24583333333333332,1.0,0.0,0.036006944444444446,0.17798611111111112,0.058715277777777776,102,-0.0007680849219877661,0.050868055555555555,0.3675347222222222
G1VgXqKZMZE,0.4636937158905229,0.24098548445119453,0.3007070397603486,0.2297193337543355,0.23833333333333334,0.0,0.0,0.009149305555555556,0.22335069444444444,0.04583333333333333,180,-0.05622047303119604,0.039375,0.07282986111111112
ZP6Bh3iWklQ,0.3916595567674292,0.25429266829037894,0.23635001361655775,0.17894001156310962,0.20769097222222221,0.0,0.0,0.048211805555555556,0.06987847222222222,0.02795138888888889,143,0.05796671371373452,0.03355902777777778,0.12479166666666666
IADOV8UZO34,0.40393623302015247,0.2586724810153331,0.4429603077342048,0.4003262805343763,0.11133680555555556,0.0,0.0,0.4676736111111111,0.004895833333333334,0.131875,189,0.06895078021881773,0.03723958333333333,0.026788194444444444
7WEewUVQabU,0.23368691794662308,0.18602447954135262,0.7305336328976036,0.31663602780394007,0.24526041666666668,1.0,0.0,0.042881944444444445,0.6721180555555556,0.07020833333333333,139,0.02406179598069763,0.0016666666666666668,0.1478125
dXBmCIfb92k,0.43920809752178647,0.3038657659801132,0.3856125408496733,0.3570048243464035,0.16883680555555555,0.0,0.0,0.004392361111111111,0.34663194444444445,0.10852430555555556,166,-0.13783924725997687,0.054427083333333334,0.10131944444444445
hISbyatih44,0.4043214714460784,0.2900899435281273,0.25328771786492377,0.2019274630944829,0.18921875,0.0,0.0,0.0027083333333333334,0.16770833333333332,0.04178819444444445,98,-0.000247050317538855,0.06069444444444445,0.1568923611111111
nKVML4YaBqs,0.47677138880718944,0.20200124710020678,0.4020805419389978,0.32221069685632586,0.11993055555555555,0.0,0.0,0.11484375,0.36223958333333334,0.07751736111111111,241,-0.04185195100017702,0.015885416666666666,0.008159722222222223
cDKPbMaLTA4,0.30622631977124176,0.2636622437041533,0.36455684912854036,0.1893568361958971,0.2328125,1.0,0.0,0.03128472222222222,0.40765625,0.020364583333333332,107,0.02608880329037122,0.05831597222222222,0.16666666666666666
tJMqVauWsjk,0.39996749007352933,0.2950112980988436,0.3642064270152505,0.27716602996571155,0.21109375,0.0,0.0,0.0047395833333333335,0.35071180555555553,0.05402777777777778,192,0.06589875340886953,0.05510416666666667,0.14368055555555556
QTTCqGtT6I4,0.40407567495915037,0.3053597599895747,0.40077784586056636,0.256244108661728,0.22284722222222222,0.0,0.0,0.3790451388888889,0.08421875,0.04074652777777778,297,0.10498672590740876,0.09190972222222223,0.16196180555555556
t992ul_IKtc,0.4062122277369281,0.2473587664504403,0.4605081699346405,0.2703874338555163,0.16479166666666667,0.0,0.0,0.23098958333333333,0.4456597222222222,0.028680555555555556,248,0.1123084633454079,0.04796875,0.029809027777777778
SR8ESCmUYLY,0.329796385743464,0.2899424052171675,0.6342421023965141,0.4175589418614025,0.3795659722222222,1.0,0.0,0.47930555555555554,0.19145833333333334,0.13510416666666666,542,-0.02984935100263586,0.05310763888888889,0.23265625
OUE3FSIk46g,0.32625562988834417,0.26094410397153806,0.5719357298474946,0.24075526881881643,0.3238020833333333,0.0,0.0,0.696875,0.024583333333333332,0.029583333333333333,248,-0.029749638268544376,0.010069444444444445,0.24255208333333333
OG91c7xsNMc,0.32642019960511975,0.2402520519059097,0.5361463099128541,0.2580104859056671,0.25612847222222224,0.0,0.0,0.3540277777777778,0.3095486111111111,0.006961805555555555,295,0.01972338349220837,0.007881944444444445,0.14694444444444443
mYBxnojY-JA,0.5290716520152505,0.25970004021980786,0.4538711192810458,0.3632699246681024,0.2515625,0.0,0.0,0.16149305555555554,0.3275868055555556,0.13789930555555555,312,-0.14997823733100674,0.05265625,0.06918402777777778
LJSgsf9ro38,0.31572095577342046,0.26064215714375005,0.2682761437908497,0.16331851302477968,0.18229166666666666,0.0,0.0,0.21946180555555556,0.08114583333333333,0.005572916666666667,131,-0.021952232182310405,0.038211805555555554,0.22029513888888888
UQ4pSVS_mN0,0.4913851708333332,0.29762423167997815,0.40550360838779953,0.2789833757195641,0.15125,0.0,0.0,0.45086805555555554,0.07368055555555555,0.011961805555555555,223,-0.08337907099031167,0.16572916666666668,0.10447916666666666
VYTF4KIF2z0,0.34212141052559913,0.2567094562609475,0.7867297113289762,0.5545665955299305,0.14647569444444444,0.0,0.0,0.2678298611111111,0.5233159722222223,0.2563020833333333,339,0.05474846162738295,0.049305555555555554,0.13109375
OyN4LGyPwxc,0.5351067405092592,0.32459415151995114,0.3331749046840959,0.1567264401540547,0.3211111111111111,0.0,0.0,0.13253472222222223,0.06041666666666667,0.00022569444444444443,114,-0.1237397261298454,0.03350694444444444,0.17994791666666668
vELETrEp27k,0.37890637501361657,0.2167289142374531,0.5212716503267973,0.25485185191803955,0.2039409722222222,0.0,0.0,0.18684027777777779,0.5884201388888889,0.0009895833333333334,169,-0.00028500429045225095,0.03696180555555555,0.09026041666666666
UXd8MfTJQVg,0.32906791775599126,0.30621178454283515,0.6417842456427015,0.29688036859835126,0.28046875,0.0,0.0,0.2114236111111111,0.49788194444444445,0.04590277777777778,302,0.05998613444774448,0.04913194444444444,0.34510416666666666
7vzjIv2l6wY,0.2935137536356209,0.23950051794825564,0.489227668845316,0.17440235107007906,0.2349826388888889,1.0,0.0,0.16088541666666667,0.4495138888888889,0.006701388888888889,180,0.19338242012125292,0.00375,0.23241319444444444
NebvccLHutQ,0.2236044037990196,0.2535094228978827,0.8289473039215688,0.43015105210251636,0.23715277777777777,1.0,0.0,0.8721180555555555,0.00609375,0.18723958333333332,161,-0.015577522991837484,0.01015625,0.4329513888888889
j8DygtESGeE,0.3733807104575163,0.3051620033996274,0.6063400735294119,0.3573052509622137,0.3480729166666667,0.0,0.0,0.6430555555555556,0.043159722222222224,0.10520833333333333,351,-0.040081480378134415,0.08795138888888888,0.23352430555555556
vEAjtOI-Oaw,0.3486533370098039,0.26960656217398954,0.5343485838779957,0.2270963755364569,0.26503472222222224,0.0,0.0,0.6458854166666667,0.03982638888888889,0.03159722222222222,217,0.019426038761592934,0.04939236111111111,0.19661458333333334
jH0BYAkPj78,0.42847311718409586,0.19814554565983877,0.5158797657952069,0.26522558839743793,0.1809375,0.0,0.0,0.18097222222222223,0.09892361111111111,0.018541666666666668,177,0.05522426510523093,0.05178819444444444,0.0011284722222222221
XAzUoizwnXM,0.34116117817265795,0.23974455020469376,0.46076136982570803,0.21884480025028763,0.3305902777777778,0.0,0.0,0.30453125,0.2576041666666667,0.0049479166666666664,473,-0.01419450985962678,0.04244791666666667,0.11888888888888889
kdnN0kk7MS0,0.3769115870506536,0.23370570167381166,0.5114462145969498,0.2515235844021375,0.23803819444444443,0.0,0.0,0.1896701388888889,0.5515625,0.0010763888888888889,171,-0.007234127546831781,0.04220486111111111,0.13185763888888888
HiHMQN3kQlQ,0.4809290778050109,0.3703222696458297,0.5027659994553377,0.32354672420859065,0.27965277777777775,0.0,0.0,0.20305555555555554,0.2318923611111111,0.06501736111111112,276,0.14774044922894397,0.22821180555555556,0.21364583333333334
kLcpCqLwNU8,0.4102218454656863,0.3100717019554345,0.6407124863834422,0.42671626099534976,0.21064236111111112,0.0,0.0,0.5309722222222222,0.09751736111111112,0.15383680555555557,430,0.008409144678290958,0.09151041666666666,0.15710069444444444
W79cCY0T_as,0.33258925682189544,0.2627575811532587,0.7031824618736383,0.4442520886257024,0.19272569444444446,1.0,0.0,0.3870138888888889,0.4358854166666667,0.14157986111111112,270,-0.0013130142128913724,0.05053819444444444,0.10503472222222222
y7thb-SC09g,0.29135780328159044,0.31354349094111345,0.6283498774509805,0.24455432128579202,0.37581597222222224,1.0,0.0,0.13776041666666666,0.56875,0.016354166666666666,241,-0.004320698546555479,0.08274305555555556,0.37546875
qSNTtA7gXOA,0.5704094753267974,0.25206333777102585,0.37999714052287586,0.2810988288589775,0.4029861111111111,0.0,0.0,0.26404513888888886,0.2626736111111111,0.02831597222222222,460,0.15614460352925041,0.037934027777777775,0.03647569444444444
NKXT-kCKrZw,0.32816797418300653,0.2494755751032903,0.5254246323529411,0.25306735236500155,0.16340277777777779,0.0,0.0,0.35109375,0.3244444444444444,0.01220486111111111,288,0.04800229072347212,0.005954861111111111,0.19130208333333334
hRhBuHJ-j_o,0.41093032832244003,0.289310418898998,0.43175619553376915,0.2108995938811526,0.3727256944444444,0.0,0.0,0.53078125,0.01704861111111111,0.02411458333333333,171,0.022547970131260642,0.07723958333333333,0.16105902777777778
YP73B9D20V4,0.22050210763888883,0.20164501797892218,0.3083408224400871,0.26743447357828715,0.12260416666666667,1.0,0.0,0.23407986111111112,0.09204861111111111,0.08567708333333333,68,-0.05130978299370456,0.026041666666666668,0.06159722222222222
KOpTWx1Eou4,0.20395226827342042,0.16301510917471318,0.38158755446623094,0.29453981702016147,0.10114583333333334,1.0,0.0,0.3642708333333333,0.005434027777777778,0.07286458333333333,66,-0.042810699440527816,0.014340277777777778,0.04003472222222222
M51asSwRLxA,0.2192282814406318,0.21128265809343383,0.3374276960784313,0.2223979779047741,0.12567708333333333,1.0,0.0,0.39317708333333334,0.0043055555555555555,0.05545138888888889,66,0.02441843141980235,0.030104166666666668,0.09017361111111111
URKml8lgw8Y,0.24056471211873637,0.22358155879164254,0.30719798474945537,0.25261014078538946,0.12789930555555556,1.0,0.0,0.21015625,0.06357638888888889,0.07472222222222222,84,-0.07933665297625153,0.03090277777777778,0.056024305555555556
KGtko3y2RXQ,0.28595165751633994,0.2562632291613732,0.27108775871459695,0.213062458084552,0.13668402777777777,1.0,0.0,0.2234201388888889,0.0022916666666666667,0.046059027777777775,76,-0.06132260163373732,0.04611111111111111,0.05151041666666667
jxGJT1weu4w,0.21038393336056643,0.1773812698062095,0.3601029411764706,0.2642051971553593,0.11786458333333333,1.0,0.0,0.2890451388888889,0.14598958333333334,0.06112847222222222,100,-0.021246894665325172,0.014704861111111111,0.04387152777777778
CXSvKcLovAk,0.2843188488698257,0.24299223695325872,0.3715549428104576,0.2806446070029823,0.13961805555555556,1.0,0.0,0.47890625,0.001857638888888889,0.0876736111111111,96,-0.07217176773048212,0.046545138888888886,0.04876736111111111
2X2V3xv_jik,0.2196605635212418,0.2245397642339049,0.2926740196078431,0.19458860548850002,0.1296875,1.0,0.0,0.14378472222222222,0.15741319444444443,0.046232638888888886,58,-0.013369951469253238,0.04491319444444444,0.09015625
5D4Zqp9GLSc,0.26039696836873644,0.23439756996419386,0.31404793028322436,0.2599928858445065,0.15385416666666665,1.0,0.0,0.3000347222222222,0.03477430555555556,0.07939236111111111,104,-0.01787626870532308,0.01840277777777778,0.08418402777777778
OYvlznJ4IZQ,0.3430130480119825,0.34792057865575704,0.10883203976034857,0.1036106685452835,0.14210069444444445,1.0,0.0,0.10473958333333333,0.00970486111111111,0.002309027777777778,49,0.02886101816104486,0.16256944444444443,0.18293402777777779
_bbuRFT2l-Q,0.3639588438861656,0.3769884198125994,0.06399543845315905,0.0766806290142328,0.12427083333333333,1.0,0.0,0.06703125,0.006163194444444444,0.0,42,-0.0001383141131214849,0.21418402777777779,0.1982986111111111
3yEQaHvQxlE,0.2989316358932462,0.32123854603088553,0.10583285675381264,0.1852720567712733,0.09329861111111111,1.0,0.0,0.13743055555555556,0.006215277777777778,0.03251736111111111,36,-0.09077183169809791,0.11711805555555556,0.21329861111111112
JDhezqsG_Jo,0.2127265466367102,0.3426186621333876,0.20546207788671025,0.14310924277487053,0.14328125,1.0,0.0,0.1998263888888889,0.03310763888888889,0.0008159722222222223,31,-0.10012177668249841,0.07315972222222222,0.6942013888888889
Yu4ZWy1GjlE,0.19055007258986928,0.18505364532093616,0.13652185457516341,0.1814407286989948,0.09088541666666666,1.0,0.0,0.1571701388888889,0.017118055555555556,0.020243055555555556,43,0.009554266797516225,0.019131944444444444,0.22262152777777777
d-98DZZrS7M,0.4104959303513072,0.32905837747109057,0.3075711465141612,0.15488142491260273,0.23722222222222222,0.0,0.0,0.23282986111111112,0.043194444444444445,0.0019618055555555556,201,0.24232991831121847,0.11083333333333334,0.25859375
tGqvoEuoU5M,0.45659823017429196,0.3402780464996761,0.3233515114379085,0.14344538573356486,0.13269097222222223,0.0,0.0,0.18296875,0.11927083333333334,0.0016319444444444445,50,0.02473079645284698,0.020086805555555556,0.30270833333333336
Xan5JnecLNA,0.4504710274509804,0.38484865418662484,0.18115529684095857,0.307673692771178,0.13635416666666667,0.0,0.0,0.24085069444444446,0.0033506944444444443,0.1325,57,0.09716446606266876,0.2658506944444444,0.17401041666666667
TgiF20Edqlg,0.2525982747412854,0.32122866811447875,0.18379370915032675,0.1327752123465674,0.15675347222222222,1.0,0.0,0.19453125,0.0021527777777777778,0.006284722222222222,46,0.03290300050403597,0.11359375,0.4018055555555556
VWNoSjQ798I,0.37833951229575163,0.3211374939375182,0.3067392429193899,0.15153383825367142,0.22020833333333334,0.0,0.0,0.20159722222222223,0.0575,0.0019444444444444444,177,0.17704845347444803,0.089375,0.3030729166666667
beN5vlbQD2g,0.190393752832244,0.33033311370991475,0.20157066993464048,0.17006209744793638,0.116875,1.0,0.0,0.20675347222222223,0.035381944444444445,0.0022395833333333334,34,-0.13482249030787302,0.05204861111111111,0.7257118055555556
ICispFxvPIY,0.4385286747412854,0.2890484095982918,0.23776239106753816,0.14065125581896706,0.12840277777777778,0.0,0.0,0.1971875,0.10803819444444444,0.0,132,-0.03469513292180648,0.011371527777777777,0.21684027777777778
r37RoPQBXNU,0.10205250845588235,0.18427129849445611,0.5298116830065359,0.0845278519281336,0.104375,1.0,0.0,0.0175,0.6525520833333334,0.0,12,0.013041386055415521,0.024166666666666666,0.6193923611111111
cAhmvlDWj18,0.10632780446623094,0.2048533872472176,0.4479863153594772,0.07565049273409626,0.11513888888888889,1.0,0.0,0.01939236111111111,0.5602604166666667,0.0,13,0.01359557282800658,0.028871527777777777,0.6563541666666667
-kQRBkBuwHg,0.6803712136846406,0.28841731405121795,0.17882897603485845,0.13911968208147024,0.16932291666666666,0.0,1.0,0.06833333333333333,0.04227430555555556,0.0016666666666666668,91,-0.008323218902961282,0.09645833333333333,0.01140625
Nb8gIWPEy0s,0.437845680882353,0.30087650013045225,0.4433612472766884,0.30413134728421026,0.1423611111111111,0.0,0.0,0.2026388888888889,0.51,0.00012152777777777777,102,-0.0301379650440321,0.13206597222222222,0.026822916666666665
cJDgNSWTwrg,0.11923270356753812,0.12188748672944116,0.44637554466230933,0.05988717336082067,0.11956597222222222,1.0,0.0,0.0045138888888888885,0.8065277777777777,0.0,9,-0.012614731122567183,0.0007118055555555556,0.5130034722222222
wSyAMV9B2gc,0.11314740013616557,0.20460871020480634,0.529386165577342,0.08452821570386966,0.11732638888888888,1.0,0.0,0.017170138888888888,0.6525,0.0,13,0.014032522205049636,0.03375,0.6056423611111111
kBi_Cj9hkNg,0.20200358141339866,0.3325879337477424,0.19255078976034856,0.16891139605609182,0.13901041666666666,1.0,0.0,0.20467013888888888,0.03638888888888889,0.000625,39,-0.1297673827154091,0.0525,0.7088194444444444
Tx4HXZ7djlA,0.19355660954520693,0.32042635004068637,0.20555705337690633,0.17913520378234504,0.1154513888888889,1.0,0.0,0.233125,0.03730902777777778,0.0010416666666666667,40,-0.14888237006956234,0.032378472222222225,0.7097743055555555
q4LHDtgRzF4,0.19053284067265797,0.3303885160775128,0.19604125816993465,0.16941427015128732,0.11708333333333333,1.0,0.0,0.20916666666666667,0.03805555555555556,0.0019097222222222222,35,-0.13509719173112142,0.05215277777777778,0.7255381944444445
MAyX9FhG9K0,0.2427234408496732,0.27613549502095514,0.6009660266884532,0.2590690637481257,0.16164930555555557,1.0,0.0,0.039704861111111114,0.6456423611111111,0.05440972222222222,89,-0.056350079423309135,0.028940972222222222,0.3072916666666667
DQ57zYedMdQ,0.6361692065223311,0.3268033281490465,0.2325446623093682,0.21398379060185535,0.12184027777777778,0.0,1.0,0.10137152777777778,0.16447916666666668,1.736111111111111e-05,72,0.08882193736085708,0.20899305555555556,0.026909722222222224
1HOVtQ-_fcE,0.32594645049019605,0.1320145435155097,0.5062125544662309,0.21853681083386406,0.07276041666666666,0.0,0.0,0.039947916666666666,0.9030034722222222,0.021267361111111112,47,0.024130579540674157,0.014288194444444444,0.00017361111111111112
MIJFyUPG4Z4,0.6783628977124182,0.30631279551448787,0.22656406590413938,0.21358649174916425,0.12510416666666666,0.0,1.0,0.12602430555555555,0.13868055555555556,0.004427083333333333,77,0.12688334528344147,0.22090277777777778,0.008368055555555556
DOFflggE_0Q,0.2966709984204793,0.16458737424417227,0.39267190904139443,0.12860244824408434,0.12302083333333333,0.0,0.0,0.010902777777777779,0.8935069444444445,0.0022743055555555555,21,0.06099519488864524,0.03623263888888889,0.0005034722222222222
1NngTUYPdpI,0.6511272156862743,0.31806688949133755,0.24198420479302835,0.2172475443665566,0.12914930555555557,0.0,1.0,0.11987847222222223,0.1675347222222222,3.472222222222222e-05,82,0.09437307390849514,0.21895833333333334,0.026875
1ISRd0bS714,0.6705416069444444,0.28240245066587244,0.23758510348583878,0.2213438135760311,0.13585069444444445,0.0,1.0,0.09277777777777778,0.16782986111111112,0.00022569444444444443,101,0.11269524466603598,0.2102951388888889,0.0024131944444444444
CAda15Tawlg,0.6738153894335511,0.28681410137231855,0.27786281318082784,0.21436438617254922,0.18623263888888889,0.0,1.0,0.09109375,0.23284722222222223,0.0,127,-0.012691308384322864,0.22614583333333332,0.04628472222222222
L521gizea4s,0.6408133702342046,0.3225887670095552,0.23065305010893244,0.21563189723571377,0.12710069444444444,0.0,1.0,0.11680555555555555,0.15574652777777778,3.472222222222222e-05,82,0.07441520125133072,0.21335069444444443,0.022118055555555554
d8rmosXttTE,0.6355889488425926,0.310823790462334,0.23168736383442268,0.18796593018215135,0.12958333333333333,0.0,1.0,0.11987847222222223,0.23098958333333333,0.0,85,0.06898954907646548,0.2415798611111111,0.009618055555555555
TUcPS6dsWx4,0.6654194686274509,0.29311713567406245,0.23293702342047926,0.20637240072329083,0.1384375,0.0,1.0,0.1331423611111111,0.13758680555555555,1.736111111111111e-05,97,0.10618657715111357,0.2076215277777778,0.010225694444444445
Qj4-GruzyDU,0.7285938137527231,0.2372628217113047,0.30878267973856205,0.26727945711467666,0.149375,0.0,1.0,0.06479166666666666,0.31135416666666665,0.012829861111111111,130,0.13505771328807004,0.24434027777777778,0.0018229166666666667
y-tA2NW4LNY,0.7299623540032679,0.23545891301258512,0.23295404411764703,0.19827037869601916,0.15921875,0.0,1.0,0.03704861111111111,0.19958333333333333,0.0,95,0.17505609522975307,0.23814236111111112,0.004027777777777778
A1kX8fJx53c,0.6793237250408497,0.28939519379914685,0.26655902777777774,0.25928217608720167,0.12142361111111111,0.0,1.0,0.14303819444444443,0.15803819444444445,0.0005208333333333333,90,0.09444438945727396,0.21946180555555556,0.006388888888888889
RvaMHMxHjp4,0.6527667316857299,0.3165551847768631,0.24067994281045754,0.21934073577975566,0.13098958333333333,0.0,1.0,0.09501736111111111,0.17807291666666666,1.736111111111111e-05,72,0.12208240137972137,0.20835069444444446,0.02361111111111111
fODT0ldeBiU,0.6376206328567537,0.3104663781537691,0.23245928649237477,0.190505240182943,0.11842013888888889,0.0,1.0,0.12168402777777777,0.22661458333333334,5.208333333333334e-05,97,0.0718093888829342,0.24180555555555555,0.009982638888888888
l38XL9914fs,0.7470378378404139,0.22251801023217016,0.2584078159041394,0.2586790140270421,0.14112847222222222,0.0,1.0,0.16175347222222222,0.17715277777777777,0.013090277777777777,93,0.15249387671519166,0.24022569444444444,0.00140625
TD3-INhm60Q,0.6620188573801743,0.31878709273262085,0.23171364379084966,0.2076717996530315,0.1790798611111111,0.0,1.0,0.12772569444444445,0.13798611111111111,0.00022569444444444443,108,0.1254306611061361,0.22675347222222222,0.04303819444444444
o8nSXW-B7Rw,0.8038620308687364,0.27832219250894286,0.151390522875817,0.1455492767684399,0.16414930555555557,0.0,1.0,0.014513888888888889,0.10541666666666667,0.0011805555555555556,35,0.02814594698978734,0.44946180555555554,0.07314236111111111
9UI4ikKP3Ws,0.6192512636165577,0.31256921301986623,0.21974176198257084,0.1743569787203795,0.18723958333333332,0.0,0.0,0.12203125,0.18949652777777778,0.0074826388888888885,93,0.08552849279040364,0.2323611111111111,0.04435763888888889
Qd76ZmfRs_Q,0.7081189887799565,0.24559793087493012,0.3065326797385621,0.2730702916111526,0.1546701388888889,0.0,1.0,0.16961805555555556,0.22223958333333332,0.0,79,0.10877900591665968,0.17664930555555555,0.03423611111111111
EX5uZV3Tzss,0.8021381864787581,0.2710308356297573,0.17911928104575164,0.183459624488946,0.17822916666666666,0.0,1.0,0.06293402777777778,0.13836805555555556,0.00022569444444444443,108,0.10171862138679799,0.6408333333333334,0.012065972222222223
s6nGkoGJhXk,0.7457074918572985,0.25702445300640514,0.19630664488017424,0.17099116890909183,0.16260416666666666,0.0,1.0,0.10142361111111112,0.1837673611111111,0.004600694444444445,104,0.12346784540925837,0.335625,0.008784722222222222
CheTuMvFXwc,0.31775680679466234,0.20917803396718745,0.3674016884531591,0.17770938380894014,0.13458333333333333,1.0,0.0,0.1260763888888889,0.5968923611111111,0.0005381944444444444,91,0.0066315970205790276,0.03996527777777778,0.013125
dQXdSxn7d1g,0.8621353701525054,0.19565972806957405,0.1501209150326797,0.17009760910547742,0.14631944444444445,0.0,1.0,0.08666666666666667,0.05831597222222222,0.002309027777777778,63,0.030424903204738674,0.5558159722222222,0.0035069444444444445
yz1jtze4qr8,0.7691692225490195,0.3039201577067054,0.19467701525054465,0.1990447547886868,0.1654861111111111,0.0,1.0,0.028368055555555556,0.1467013888888889,0.009340277777777777,35,0.01952810268810201,0.4601736111111111,0.08652777777777777
RuGY_1pap74,0.7976382974400871,0.27931741753163525,0.16144158496732028,0.14292517547467393,0.17647569444444444,0.0,1.0,0.014704861111111111,0.10685763888888888,0.0001388888888888889,44,0.035392090196308845,0.4399652777777778,0.06864583333333334
wI4L11EoW3I,0.7155618752587146,0.24651341335507443,0.3075106209150326,0.2541423632743007,0.1540625,0.0,1.0,0.06508680555555556,0.3121527777777778,0.00012152777777777777,108,0.14792382201115706,0.23734375,0.00703125
tgJKcKH_Ap8,0.644516625857843,0.2812105245324841,0.22407182734204795,0.17429774422251657,0.14163194444444444,0.0,1.0,0.10869791666666667,0.1503125,0.0,88,0.22625291443067952,0.1722048611111111,0.026336805555555554
2eGYK_-r4Hc,0.6045804200163399,0.3294060397448045,0.2675006808278867,0.2932983221157851,0.10833333333333334,0.0,0.0,0.20657986111111112,0.11909722222222222,0.039565972222222225,101,0.01641711790637601,0.20161458333333335,0.03414930555555556
-T39cM3LPk0,0.6159031068218953,0.25907191283173736,0.37046820533769065,0.20475633515925293,0.19708333333333333,0.0,1.0,0.4584201388888889,0.00234375,0.015434027777777777,168,-0.11687503974277269,0.0765798611111111,0.03288194444444444
LZm9nTwsGi8,0.4450378125953159,0.29261071565570684,0.26746875,0.15248636189288786,0.1724652777777778,0.0,0.0,0.35434027777777777,0.004461805555555556,0.0022569444444444442,100,-0.05497687349466335,0.048211805555555556,0.06720486111111111
gO4J5Bkd1Oc,0.42336673293845317,0.28828440362806096,0.3795826525054466,0.211115332662207,0.25340277777777775,0.0,0.0,0.5416145833333333,0.04869791666666667,0.017534722222222222,176,-0.029620912647345066,0.06430555555555556,0.06730902777777778
xZ4mrm6PuII,0.49392005998093685,0.2526489804214825,0.22613596132897604,0.11208728482349445,0.09572916666666667,0.0,0.0,0.19135416666666666,0.0024652777777777776,0.0,76,-0.16870663890819365,0.049114583333333336,0.023333333333333334
yYhAOPc6MLQ,0.5966012927696078,0.26174334409750066,0.17960403050108933,0.16088433757279563,0.15317708333333332,0.0,1.0,0.135,0.00984375,0.002361111111111111,102,-0.012935904882041438,0.005763888888888889,0.011927083333333333
x9iHwoAbwiA,0.4827610134259259,0.3006255073514598,0.18677668845315903,0.12720619177932477,0.2760763888888889,0.0,0.0,0.12727430555555555,0.022743055555555555,0.005659722222222222,109,0.10034759279505218,0.08434027777777778,0.059097222222222225
Tzt89dHF79Y,0.5027368948665577,0.26587014553331073,0.4464391339869281,0.1948403085159668,0.21418402777777779,0.0,0.0,0.7422743055555555,0.0010763888888888889,0.003923611111111111,121,-0.10395522878775132,0.03651041666666666,0.04845486111111111
DFTSYgKczhY,0.4599494939406319,0.29324581988579745,0.23501075708061,0.148373587660339,0.18973958333333332,0.0,0.0,0.13854166666666667,0.12647569444444445,0.01361111111111111,101,-0.18192771495192633,0.09204861111111111,0.08725694444444444
Jx_4kfrQsiA,0.4337346458741829,0.29354755848289715,0.23311036220043574,0.13670945011834074,0.19045138888888888,0.0,0.0,0.2565451388888889,0.018680555555555554,0.0,139,-0.05254381096078392,0.07508680555555555,0.014409722222222223
vKiGo8aShyo,0.3827536215413943,0.2626820886302721,0.27230834694989103,0.16674406918616874,0.12001736111111111,0.0,0.0,0.20673611111111112,0.13883680555555555,0.017586805555555557,98,-0.20156565863244136,0.03289930555555556,0.11895833333333333
q1kBGyEsxdQ,0.4106406985974945,0.2759379676517019,0.2334804602396514,0.11589575548563208,0.14793402777777778,0.0,0.0,0.11543402777777778,0.15237847222222223,0.005954861111111111,76,-0.09551388750586354,0.039149305555555555,0.13685763888888888
PQcIfqE85Co,0.5235420914624183,0.3246885138407999,0.2997608251633987,0.23933010157159137,0.34460069444444447,0.0,0.0,0.2604166666666667,0.0496875,0.007899305555555555,218,-0.10030434704142038,0.18161458333333333,0.059375
1IYOmUzKg2s,0.4015236696486928,0.2578562005867473,0.2423572984749455,0.12797641551548564,0.12625,0.0,0.0,0.09286458333333333,0.14175347222222223,0.0,95,-0.1501466044485782,0.030347222222222223,0.10697916666666667
JW6oVpQW2hw,0.40873445023148147,0.2882924124184382,0.2576104302832244,0.11807136118303857,0.1559375,0.0,0.0,0.16399305555555554,0.1222048611111111,0.0,88,-0.13042991150750155,0.04397569444444444,0.14977430555555554
DZTq_ADss7U,0.4017489870234205,0.23077357727329176,0.2957312772331155,0.14287792122555049,0.1412673611111111,0.0,0.0,0.1618923611111111,0.23203125,0.0,101,-0.20795952390540257,0.02276041666666667,0.05677083333333333
aJpcysMJkvk,0.3996071921840958,0.2841409592442624,0.20430480664488015,0.10665667834923567,0.15109375,0.0,0.0,0.12755208333333334,0.052899305555555554,0.006059027777777778,70,-0.07922054679524193,0.038385416666666665,0.1496875
KFcyF66IeuE,0.46045233194444435,0.2596734794214233,0.2523091639433552,0.18601850752791504,0.14897569444444445,0.0,0.0,0.22784722222222223,0.08447916666666666,0.026041666666666668,107,-0.16469284762786157,0.034652777777777775,0.04460069444444444
AsFxaZJ1M0k,0.4409203895561002,0.2660918700568953,0.2140791122004357,0.15414632026275393,0.15744791666666666,0.0,0.0,0.17741319444444445,0.013125,0.021892361111111112,98,-0.17953586058066334,0.035243055555555555,0.060885416666666664
-A7b_BXvRLg,0.6816789880446623,0.30628464933043603,0.16758067810457516,0.15172925115215918,0.16164930555555557,0.0,1.0,0.07934027777777777,0.11675347222222222,0.014201388888888888,131,-0.11155044427233474,0.3729340277777778,0.007604166666666667
kMy97TuFo0w,0.3926901011301743,0.25306284614504826,0.2766792619825708,0.17206821309254103,0.16819444444444445,1.0,0.0,0.15758680555555554,0.24581597222222223,0.01921875,113,-0.12595773570729651,0.029670138888888888,0.04017361111111111
tZQnafyuXUM,0.14791849237472768,0.11197423539623669,0.05045969498910675,0.0868723905978765,0.07364583333333333,1.0,0.0,0.03277777777777778,0.003472222222222222,0.007743055555555556,5,0.014398273615447488,0.010347222222222223,0.013194444444444444
yg3gaQSNfQs,0.4554542783360567,0.26369887580529877,0.2472620506535948,0.15482431740024413,0.16090277777777778,0.0,0.0,0.1285763888888889,0.0928125,0.017760416666666667,92,-0.1459630856730474,0.03505208333333333,0.05489583333333333
ezq8tIMkPB0,0.4406518481481482,0.26286378909982605,0.27982032952069713,0.18578110154718563,0.15630208333333334,0.0,0.0,0.18973958333333332,0.08539930555555555,0.027934027777777776,97,-0.10057972172145174,0.024010416666666666,0.07090277777777777
FnMwGC2XHVM,0.3788995878948801,0.25630511608979145,0.24335321350762526,0.14887691209843879,0.14640625,0.0,0.0,0.1909201388888889,0.13635416666666667,0.008871527777777779,102,-0.07738675030705083,0.03222222222222222,0.061197916666666664
rjx4XRvw9PY,0.43715857175925926,0.2485492480338445,0.2867666122004357,0.15469083510765358,0.12053819444444444,0.0,0.0,0.1903298611111111,0.18703125,0.00020833333333333335,101,-0.19116868647159102,0.03109375,0.04519097222222222
ImaSgNgxu00,0.4195667408769063,0.24895266418119016,0.31242898965141613,0.16931210127280538,0.12375,0.0,0.0,0.18725694444444443,0.26913194444444444,0.007256944444444444,107,-0.1989189924237098,0.035590277777777776,0.05151041666666667
bP9yCSdMFXs,0.4239931648420479,0.26171182349346905,0.24813357843137263,0.11573892076118203,0.12291666666666666,0.0,0.0,0.1449652777777778,0.11677083333333334,0.0,75,-0.1438472087657689,0.035243055555555555,0.07298611111111111
tO5kZv5bQ7I,0.4061436619008715,0.25985423782042333,0.24822276688453157,0.15101780246921576,0.1315798611111111,0.0,0.0,0.14277777777777778,0.13956597222222222,6.944444444444444e-05,100,-0.07332085752571371,0.03215277777777778,0.08189236111111112
kjyeCdd-dl8,0.7222518760484751,0.27655758777905765,0.11513528050108933,0.08441461726054456,0.08473958333333333,0.0,1.0,0.13565972222222222,3.472222222222222e-05,0.0,63,0.004576228719752495,0.4671354166666667,0.00015625
O5BJVO3PDeQ,0.4078346638344227,0.2748893760880417,0.39473869825708063,0.22219453838561654,0.2620486111111111,0.0,0.0,0.5671875,0.07295138888888889,0.01638888888888889,235,0.05219366105043083,0.040364583333333336,0.10736111111111112
Qh9KBwqGxTI,0.47264271884531595,0.2886280914232891,0.4062485702614379,0.262563322221239,0.30163194444444447,0.0,0.0,0.5436631944444444,0.043854166666666666,0.061927083333333334,282,-0.08618267257218537,0.06194444444444445,0.13057291666666668
UBPg5ftCMv8,0.36801494247004357,0.24710990023828647,0.28455752995642697,0.12682912000897212,0.30083333333333334,0.0,0.0,0.3273263888888889,0.02673611111111111,0.0,117,0.07650354902191292,0.04904513888888889,0.04140625
GmULc5VANsw,0.27322207724673203,0.24422099352054297,0.36230433006535945,0.1745670118382191,0.18375,1.0,0.0,0.2613020833333333,0.012864583333333334,0.0011111111111111111,124,-0.1665721024057344,0.004079861111111111,0.22055555555555556
ROaj3bCpZEM,0.553229602614379,0.2718785638731897,0.2782145288671024,0.19283728318026955,0.21954861111111112,0.0,0.0,0.4308680555555556,0.01513888888888889,0.012291666666666666,136,0.07739248835550205,0.054357638888888886,0.06972222222222223
QynNpzqYt0Y,0.3487865254629629,0.24997003584297703,0.5441194852941177,0.27427045352481294,0.16972222222222222,0.0,0.0,0.7727604166666666,0.07100694444444444,0.06392361111111111,250,0.06256368327718642,0.01032986111111111,0.1671875
Y7nymZEXjf8,0.4020671138344226,0.24161684996472743,0.570896309912854,0.39267979905029954,0.20928819444444444,0.0,0.0,0.7415277777777778,0.044583333333333336,0.23194444444444445,190,-0.1928009625396035,0.029652777777777778,0.08065972222222222
HiTqIyx6tBU,0.3821110263344227,0.1604027846418698,0.5983779275599129,0.4204983005471287,0.12604166666666666,0.0,0.0,0.6461631944444445,0.027916666666666666,0.3243576388888889,144,-0.015829308514941853,0.0014756944444444444,0.04876736111111111
IZ7F6ELO-hQ,0.28765908092320264,0.2742864469819365,0.5732472766884531,0.28309646746272965,0.17440972222222223,1.0,0.0,0.26472222222222225,0.41770833333333335,0.08414930555555555,179,0.23232356251255765,0.029947916666666668,0.3268402777777778
2rRIqrWuYy4,0.506219434790305,0.28627510298669506,0.2985181781045752,0.2093334344784966,0.2855902777777778,0.0,0.0,0.22251736111111112,0.09803819444444445,0.028923611111111112,143,0.2086998182385711,0.07626736111111111,0.05782986111111111
P1FUMdHU29c,0.42874801748366015,0.2633333785274574,0.42759926470588233,0.37027648995252094,0.26394097222222224,0.0,0.0,0.34453125,0.05147569444444444,0.11980902777777777,237,-0.059097626510138945,0.034861111111111114,0.09953125
t95aLo7R1NM,0.3742378014297385,0.26098945960347747,0.4459777369281045,0.27440023612168285,0.12746527777777777,0.0,0.0,0.5155555555555555,0.17682291666666666,0.07597222222222222,180,0.02910605281044204,0.00982638888888889,0.17333333333333334
HsLup7yy-6I,0.30765886222766886,0.2956281551371632,0.33214726307189546,0.23667122895814346,0.2639236111111111,0.0,0.0,0.3049826388888889,0.10940972222222223,0.005017361111111111,229,0.008466451918928586,0.03769097222222222,0.36006944444444444
vZlmUG00OrI,0.557672559449891,0.267872683416952,0.8373421840958608,0.42918423648463405,0.2534895833333333,0.0,1.0,0.9809548611111111,0.0,0.5510590277777778,94,-0.03616121618570045,0.0012152777777777778,0.001875
YcuofODMCMU,0.5110580511437909,0.2463528412940694,0.46208871187363837,0.3204470541166557,0.4288020833333333,0.0,0.0,0.4290798611111111,0.02201388888888889,0.04303819444444444,554,0.14178702713380653,0.05890625,0.030555555555555555
9XN57BhyZwk,0.5025211061410675,0.28335076960610245,0.5837473447712418,0.4645986182648073,0.3771527777777778,0.0,0.0,0.5837673611111112,0.06291666666666666,0.18991319444444443,926,-0.08510166244075551,0.051944444444444446,0.11324652777777777
nzFykQv6Q08,0.37134841529139434,0.22149560053577655,0.33433666938997825,0.16864851012385,0.25480902777777775,0.0,0.0,0.2556423611111111,0.26722222222222225,0.0,95,-0.009771329178494381,0.04100694444444444,0.046128472222222223
h-StyszRCzc,0.39566935050381263,0.28347445417677164,0.30098352396514155,0.1233786298904353,0.3176215277777778,0.0,0.0,0.4140277777777778,0.006076388888888889,0.0,125,0.0955068306654388,0.06979166666666667,0.07456597222222222
-wmfpoq_Y0E,0.2872167490740741,0.27414335836890125,0.5198877314814815,0.13471738833867392,0.16621527777777778,1.0,0.0,0.05611111111111111,0.6865104166666667,0.0,73,0.04789723385077688,0.058402777777777776,0.3017361111111111
WReusTs0Vbo,0.46664678508986923,0.20135281732025864,0.3234623502178649,0.24336347524573926,0.1695486111111111,0.0,0.0,0.33958333333333335,0.1687847222222222,0.04467013888888889,212,0.10093548400665542,0.03180555555555555,0.003958333333333334
O_ldHq3NzC0,0.38772367416938996,0.23536036660077905,0.14995826525054468,0.0739716259050337,0.15680555555555556,0.0,0.0,0.01810763888888889,0.034131944444444444,0.0010763888888888889,49,-0.058434488752353575,0.017725694444444443,0.028385416666666666
xsqjbJ6hamc,0.3206553307053377,0.27027451759567206,0.5900548747276688,0.48645733884054304,0.1498611111111111,0.0,0.0,0.5150173611111111,0.14565972222222223,0.31939236111111113,166,0.18901841880584214,0.006805555555555555,0.31171875
Ffh7cWRrqF4,0.33146037627995634,0.24230064426774073,0.4611701388888889,0.2127017031412134,0.16817708333333334,0.0,0.0,0.10418402777777777,0.5757291666666666,0.019600694444444445,99,-0.06499537673113487,0.01342013888888889,0.1523263888888889
xTKXnfHByX8,0.22115949468954246,0.3084690769558022,0.44529772603485834,0.21046678400175511,0.25157986111111114,1.0,0.0,0.22625,0.18850694444444444,0.04003472222222222,114,0.1961247443266184,0.02984375,0.6031423611111111
y8cECtBdS8Q,0.3601658009940087,0.2718459721575257,0.5051442674291938,0.27590230038661123,0.2377951388888889,0.0,0.0,0.5391319444444445,0.08998263888888888,0.0559375,151,-0.021454686671745438,0.04515625,0.15612847222222223
bNm-LIAKADw,0.22615812672930286,0.1744560213314737,0.17250558278867106,0.2075820140985568,0.08967013888888889,1.0,0.0,0.17210069444444445,0.003732638888888889,0.0954861111111111,23,-0.01702370325460459,0.0,0.26807291666666666
oSG7HpdQ34w,0.325742005664488,0.2356407725697874,0.4376869553376907,0.2242378317451172,0.19159722222222222,0.0,0.0,0.6331076388888889,0.055989583333333336,0.03840277777777778,103,0.0663104675555678,0.002204861111111111,0.23072916666666668
M6EPWjzVflE,0.3358726400054466,0.2899223609931225,0.3346956699346405,0.16092680810760826,0.22880208333333332,1.0,0.0,0.2640972222222222,0.08611111111111111,0.020260416666666666,158,-0.0038100275898207414,0.03680555555555556,0.20862847222222222
d68b659E4F4,0.3073394123093682,0.3079078587858323,0.5283539624183007,0.20173186222710723,0.31777777777777777,1.0,0.0,0.19315972222222222,0.3890972222222222,0.02810763888888889,145,0.11291838966664863,0.05751736111111111,0.3248611111111111
eb48MdtNaDQ,0.4996549143927015,0.28434150688041604,0.3581168981481482,0.2982523229883325,0.17333333333333334,0.0,0.0,0.37980902777777775,0.03661458333333333,0.12333333333333334,170,-0.16268367188220922,0.0040625,0.06272569444444444
A2B7oI0FYqo,0.46352052465958593,0.24204584424573058,0.49958653322440083,0.3993352271058255,0.20711805555555557,0.0,0.0,0.3127083333333333,0.3431076388888889,0.09383680555555556,259,-0.022130404785805746,0.0025173611111111113,0.10092013888888889
HeX22LnKdFY,0.5594683382216775,0.23447647486341827,0.5371919934640523,0.46888474763739196,0.1593402777777778,0.0,1.0,0.8285763888888888,0.0002777777777777778,0.17262152777777778,128,-0.052455880031379354,0.03267361111111111,0.013628472222222222
ODUbrIuxPtc,0.4682743929466231,0.2040741937652072,0.40225204248366014,0.38161239177790546,0.2159201388888889,0.0,0.0,0.57203125,0.01626736111111111,0.09756944444444444,246,-0.03198470639484069,0.0022916666666666667,0.04680555555555556
DJ6dWOVZh2k,0.40676154489379085,0.2199408258949755,0.31381808278867096,0.27689011363472027,0.20354166666666668,0.0,0.0,0.4123611111111111,0.006510416666666667,0.06453125,166,0.010898264871269103,0.00109375,0.09314236111111111
9prKU2Vuo-0,0.8339584055555557,0.20003499944325098,0.07323794934640522,0.10953759448784746,0.06416666666666666,0.0,1.0,0.09381944444444444,0.0006597222222222222,0.0,38,-0.02131643325115884,0.5109201388888889,0.012795138888888889
zYZbZJZfCFI,0.46193126986655764,0.2339285884408397,0.2796871595860566,0.303963207445455,0.09753472222222222,0.0,0.0,0.43163194444444447,0.0015625,0.014045138888888888,57,0.04666307245747098,0.036006944444444446,0.02701388888888889
53AkaYvw63U,0.7901675678649238,0.29084523326367046,0.20394526143790848,0.3630440505625091,0.21536458333333333,0.0,1.0,0.1306423611111111,0.00043402777777777775,0.11821180555555555,213,-0.106264820109497,0.5792013888888888,0.01998263888888889
aPVAnwuSjfk,0.5950499176879084,0.23651760224003698,0.17756120642701526,0.20514373011419026,0.13786458333333335,0.0,0.0,0.24902777777777776,0.013524305555555555,0.005086805555555555,130,-0.025301467541737566,0.11902777777777777,0.012951388888888889
CIb87SJ4xwo,0.5495695572984749,0.2782673756633775,0.22548631535947714,0.23679914318987752,0.13489583333333333,0.0,0.0,0.2585763888888889,0.03909722222222222,0.009618055555555555,69,0.22419296730643096,0.14291666666666666,0.00982638888888889
4wYxgPfQAjM,0.3708659618327887,0.240308840453829,0.4219947576252724,0.28741821705458526,0.21625,0.0,0.0,0.5385416666666667,0.022586805555555554,0.0659375,187,0.09765391988940414,0.0028472222222222223,0.15300347222222221
kFnvZ4NWr00,0.3625546946895425,0.2553802932488258,0.13258428649237472,0.09993988231654627,0.21125,0.0,0.0,0.03833333333333333,0.023854166666666666,0.008055555555555555,62,0.1939109876707124,0.012760416666666666,0.15256944444444445
9h-nFbAsJ8M,0.44351065957244007,0.24956957255573112,0.2646136301742919,0.2474392721983816,0.10390625,0.0,0.0,0.3295659722222222,0.02470486111111111,0.0030729166666666665,86,-0.08085166444691078,0.03387152777777778,0.035277777777777776
BuKeW45OL-g,0.6058752344771242,0.21741403470415543,0.5131145152505445,0.2984896057495352,0.131875,0.0,1.0,0.8166145833333334,0.008628472222222221,0.014635416666666666,155,0.015883308173795574,0.006736111111111111,0.019305555555555555
2LayXUxMjPU,0.8068819082924835,0.27857058910243593,0.07708510348583877,0.08439914186382869,0.10901041666666667,0.0,1.0,0.062204861111111114,0.0021527777777777778,0.0,33,-0.21814255915987335,0.63359375,0.020815972222222222
AjmKpDNsTa8,0.36701668157679734,0.19018638180250885,0.3737492510893246,0.28167950136414943,0.13416666666666666,0.0,0.0,0.4556423611111111,0.028229166666666666,0.05779513888888889,124,0.0737284454621207,8.680555555555556e-05,0.07302083333333333
GbIoEZZwcgw,0.4877252966230937,0.3244250192435102,0.2881785811546841,0.1919230800620587,0.18506944444444445,0.0,0.0,0.4015451388888889,0.06873263888888889,0.015260416666666667,93,0.13315204371897083,0.060208333333333336,0.14472222222222222
_--JjauL19A,0.7752436536083878,0.2375453366368686,0.11234313725490194,0.12950668538208385,0.10368055555555555,0.0,1.0,0.15413194444444445,0.012222222222222223,0.0007638888888888889,81,-0.039103053809677935,0.41006944444444443,0.02263888888888889
JpPIrmZB828,0.457023047167756,0.22704294275348139,0.10835804738562091,0.08155452770598502,0.038663194444444444,0.0,0.0,0.0628125,0.0,0.0,30,0.19663348930325864,0.013315972222222222,1.736111111111111e-05
o4Lcg3YBYzg,0.35156862735566446,0.17301401271246641,0.297697848583878,0.3100886620163723,0.1393923611111111,0.0,0.0,0.4151388888888889,0.008836805555555556,0.12414930555555556,112,0.028864234113551712,0.00045138888888888887,0.03519097222222222
v0DEI4Ad7Ik,0.3689640919798475,0.1855167976543879,0.28591816448801743,0.24040324958254078,0.11059027777777777,0.0,0.0,0.3993923611111111,0.003420138888888889,0.04255208333333333,125,0.03464005900332279,0.008385416666666666,0.03930555555555556
7r-cH1tcl_g,0.19017159119008714,0.18561271192912437,0.44934463507625266,0.26466566896101257,0.13553819444444445,1.0,0.0,0.5722222222222222,0.014652777777777778,0.06845486111111111,97,0.08499341082847453,0.008697916666666666,0.3032638888888889
ziPIbxoFc_g,0.4008314958605664,0.19292304755289655,0.46970976307189544,0.32023551030334974,0.1621701388888889,0.0,0.0,0.5922222222222222,0.13067708333333333,0.07076388888888889,216,-0.01288962962501966,0.002482638888888889,0.017309027777777777
tLdRBsuvVKc,0.21895906200980392,0.25257490120216736,0.27097433278867106,0.16896155808406862,0.15335069444444444,1.0,0.0,0.07605902777777777,0.07777777777777778,0.04206597222222222,31,0.03869010074110954,0.05626736111111111,0.0521875
GEbn3nHyKnA,0.23227881993464053,0.2776048260360346,0.6802135757080612,0.4337275459238345,0.16300347222222222,1.0,0.0,0.5485069444444445,0.06769097222222223,0.19501736111111112,105,-0.0012791415130836425,0.004357638888888889,0.4493229166666667
qzZLvw2AdvM,0.5178292589188452,0.4148666377188565,0.21984572440087147,0.16633506167359546,0.18930555555555556,0.0,0.0,0.020434027777777777,0.22796875,0.0134375,36,0.07417454265269663,0.39786458333333335,0.06588541666666667
dsHyUgGMht0,0.3303823095179738,0.3684846433469376,0.0776418845315904,0.14487632424012514,0.20362847222222222,1.0,0.0,0.05279513888888889,0.012447916666666666,0.017899305555555557,14,0.16069481448327289,0.20756944444444445,0.07725694444444445
R7VVwfh0Wpo,0.23337306386165574,0.2625124522480029,0.7127787990196077,0.4798424226368285,0.19392361111111112,1.0,0.0,0.5929513888888889,0.09329861111111111,0.23647569444444444,196,0.13414215896801712,0.03888888888888889,0.3934722222222222
3GOAUyipnM4,0.2546019514025054,0.2916959942877678,0.2503963779956427,0.12364160335956441,0.2049652777777778,1.0,0.0,0.030243055555555554,0.10098958333333333,0.01640625,33,-0.03615934369411475,0.089375,0.06190972222222222
DDe-S3uef2w,0.22456792474128542,0.26647461199362704,0.591364447167756,0.31814621346218697,0.18010416666666668,1.0,0.0,0.29491319444444447,0.32274305555555555,0.1281423611111111,147,-0.01910438414799298,0.027864583333333335,0.4564930555555556
r7HV4s-4ksQ,0.3064197184640523,0.25399326034525793,0.4873445669934641,0.28135670853307937,0.2136111111111111,1.0,0.0,0.16315972222222222,0.58640625,0.05517361111111111,347,0.007407318151555764,0.05515625,0.12682291666666667
pKh5fNuj2-w,0.5212289460920478,0.2833640392788177,0.6882987472766883,0.4971414900028719,0.3084895833333333,0.0,0.0,0.78171875,0.006145833333333333,0.3464236111111111,234,-0.04280956488598292,0.09619791666666666,0.034583333333333334
Nkm8BuMc4sQ,0.20812464764433553,0.2337012891766573,0.249291598583878,0.09673500994644127,0.20121527777777778,1.0,0.0,0.01904513888888889,0.10631944444444444,0.007690972222222222,27,-0.0011567921796827307,0.03564236111111111,0.061059027777777775
tGXV-ZRwcUM,0.40460749908769067,0.40209227941549136,0.4806950571895425,0.3708322607231487,0.32598958333333333,1.0,0.0,0.30180555555555555,0.14472222222222222,0.1265625,132,0.03521284957831172,0.20928819444444444,0.3350520833333333
OYrYgiktraE,0.3433802726851851,0.32830195207313956,0.3605227396514161,0.36287060102752244,0.2583506944444444,1.0,0.0,0.2686458333333333,0.2181597222222222,0.12305555555555556,191,-0.12175285016494491,0.12616319444444443,0.08246527777777778
VjR8OJtGQLM,0.22456199741285401,0.3081097389666971,0.47820901416122014,0.29899139865887436,0.2439236111111111,1.0,0.0,0.3348611111111111,0.12416666666666666,0.14234375,128,-0.04547535142484274,0.01704861111111111,0.5706944444444444
Ui5op0N700A,0.6715438573120915,0.3529985254206589,0.3231143110021787,0.540681134998796,0.14732638888888888,0.0,1.0,0.30626736111111114,0.051354166666666666,0.29206597222222225,28,-0.011600336556550905,0.5181597222222222,0.01407986111111111
0Rl76cZ7Nic,0.4191224181508714,0.3535002879265598,0.40806958061002174,0.41133263666746733,0.20012152777777778,0.0,0.0,0.1764236111111111,0.1952951388888889,0.27295138888888887,90,-0.0048744811049911685,0.09104166666666667,0.1745486111111111
fBotXyqkf28,0.5221253647467321,0.3266208425988565,0.44569669117647065,0.4284833527498069,0.2549652777777778,0.0,0.0,0.4866493055555556,0.009079861111111111,0.2570138888888889,219,0.008453493844576387,0.2127951388888889,0.06402777777777778
kUtarOlOT3Y,0.41479814304193896,0.3259035364807886,0.5476296977124182,0.39786071200232903,0.21559027777777778,0.0,0.0,0.2755034722222222,0.4520659722222222,0.12385416666666667,211,0.02203500570882161,0.13581597222222222,0.11164930555555555
W42YJYkO8gw,0.7078344920887799,0.32759962267262627,0.20941993464052286,0.21308078769165567,0.22461805555555556,0.0,1.0,0.06123263888888889,0.13777777777777778,0.03798611111111111,25,0.11867335872452811,0.37050347222222224,0.10991319444444445
K3kcbLxGwB0,0.46844503455882347,0.3830363634387049,0.14143375544662312,0.0837606794689806,0.23234375,1.0,0.0,0.01529513888888889,0.18993055555555555,0.00019097222222222223,51,-0.11647623206782665,0.2826736111111111,0.07642361111111111
VGJkDm0_G-U,0.3723729921704793,0.22629844976980254,0.7579682734204792,0.6116973256931505,0.18682291666666667,0.0,0.0,0.33557291666666667,0.48085069444444445,0.5414930555555556,258,-0.003517397670524114,0.047690972222222225,0.016475694444444446
OFrLviyDNyw,0.47247742584422653,0.26736701983122246,0.2451465822440087,0.25163246156181923,0.20131944444444444,0.0,0.0,0.14362847222222222,0.08862847222222223,0.017743055555555557,88,0.05837698286008891,0.12177083333333333,0.030659722222222224
2LoTBuviFGE,0.3625261397331155,0.2606961219793691,0.38504084967320257,0.3097807664645533,0.15241319444444446,0.0,0.0,0.2097048611111111,0.32046875,0.13871527777777778,83,0.09299557821950072,0.051527777777777777,0.14954861111111112
SCdGhmpKcU8,0.47684140390795204,0.22149710261492797,0.24086315359477128,0.25341566686604566,0.13618055555555555,0.0,0.0,0.16585069444444445,0.03229166666666667,0.065625,150,-0.01561384736508692,0.0190625,0.05015625
XmnfqYPYwSw,0.25609349305555557,0.29896344541225783,0.19837792755991285,0.21955303982233282,0.1977951388888889,1.0,0.0,0.175625,0.03822916666666667,0.05185763888888889,135,0.058465792882720635,0.027135416666666665,0.5131770833333333
uhoxAKB02GU,0.34218815543300657,0.27182063733320694,0.4058819444444444,0.2201158165390174,0.17161458333333332,0.0,0.0,0.36897569444444445,0.010989583333333334,0.01171875,160,0.253696243312976,0.009305555555555555,0.3578645833333333
9EY_9KtxyPg,0.3064540800517429,0.26956595877664974,0.24688521241830064,0.20820535637842602,0.13765625,1.0,0.0,0.27399305555555553,0.009565972222222222,0.029288194444444443,63,0.0839793437210069,0.07522569444444445,0.18371527777777777
HUtkW2gjC8Q,0.393054698828976,0.28727367161973283,0.15288568899782135,0.09800012786038735,0.1940625,0.0,0.0,0.17934027777777778,0.01032986111111111,0.0015625,65,0.08800822387416929,0.08546875,0.05237847222222222
3zShGLEqDn8,0.26429276817810454,0.24270901474222883,0.37308088235294123,0.2252637540419306,0.1318923611111111,1.0,0.0,0.49743055555555554,0.014045138888888888,0.015381944444444445,73,0.03761907305985546,0.042222222222222223,0.29859375
nxlm7pIvMdg,0.2727154101171023,0.2463694092096531,0.22175394880174293,0.13016223844048042,0.20210069444444445,1.0,0.0,0.3117534722222222,0.010989583333333334,0.00017361111111111112,68,0.07254856948415836,0.06034722222222222,0.10274305555555556
uOvizKc1WZY,0.3442496309640523,0.20035262153941524,0.26746616285403046,0.18607055617089602,0.19850694444444444,0.0,0.0,0.24791666666666667,0.018541666666666668,0.013159722222222222,106,0.017773348748688522,0.0353125,0.03845486111111111
lr1KuL8OmJY,0.42011825491557736,0.2589845089951961,0.3572422385620915,0.21351378032347923,0.2181076388888889,0.0,0.0,0.4699826388888889,0.0033680555555555556,0.01875,130,0.03918828913491368,0.05559027777777778,0.06788194444444444
lAyhKaclsPM,0.3264988702342048,0.28336492456227425,0.41593075980392163,0.2490848201327188,0.4266493055555556,1.0,0.0,0.49776041666666665,0.010052083333333333,0.03657986111111111,130,0.0026796426915365323,0.04536458333333333,0.24385416666666668
q2KCrmQz9WE,0.4033296837282136,0.2815092194120882,0.3849365468409585,0.2596255440880835,0.1925,0.0,0.0,0.6698958333333334,0.004166666666666667,0.06079861111111111,109,-0.03772250274165584,0.09986111111111111,0.048211805555555556
wVknDjTgQoo,0.27474896409313726,0.27605632140700753,0.24798543028322437,0.18802341268751238,0.1889236111111111,1.0,0.0,0.2520486111111111,0.029097222222222222,0.015729166666666666,87,0.026195679536486716,0.06322916666666667,0.24605902777777777
lLjgskJgaRU,0.5018534625000001,0.2677669222043954,0.3653709831154685,0.2789054071653873,0.18942708333333333,0.0,0.0,0.4399826388888889,0.0052430555555555555,0.15935763888888888,122,0.10970744913712649,0.13407986111111111,0.043194444444444445
PJLWlmp8CDM,0.2872033073801743,0.26000460683378707,0.27965318627450975,0.2083785620042255,0.3223784722222222,1.0,0.0,0.32829861111111114,0.0075,0.020520833333333332,72,0.14889988328725168,0.04119791666666667,0.23182291666666666
duLJUpptSik,0.39197583714596945,0.2277749673289289,0.4473844635076253,0.2681966982754353,0.25567708333333333,0.0,0.0,0.20442708333333334,0.4715972222222222,0.029444444444444443,172,0.06023264477875245,0.04465277777777778,0.03605902777777778
_ACCK0AUQ8Q,0.251467918995098,0.2503532539069696,0.3902122821350763,0.25527468893337424,0.30909722222222225,1.0,0.0,0.46541666666666665,0.020086805555555556,0.028628472222222222,118,0.05734488962381329,0.04407986111111111,0.2917534722222222
bhQ6FF3fCdA,0.14411478262527233,0.23976036907837436,0.0867326388888889,0.04694049048536982,0.11196180555555556,1.0,0.0,0.04921875,0.025069444444444443,0.0,34,0.11147900448753335,0.02876736111111111,0.6680381944444445
neWc0H1k2Lc,0.34219952222222216,0.22401847918868614,0.3654833877995643,0.2424558964477952,0.1727951388888889,0.0,0.0,0.5081423611111111,0.0012152777777777778,0.021857638888888888,92,0.08886544137681712,0.059375,0.04671875
YQEq5s4SRxY,0.2963199087145969,0.22450216750919877,0.4704106753812636,0.23795225628192304,0.15355902777777777,1.0,0.0,0.4752604166666667,0.2442534722222222,0.023541666666666666,127,0.07742602626134809,0.028802083333333332,0.09633680555555556
LxUAnZY_08o,0.33024924345043577,0.22193749250053832,0.330781454248366,0.1547906438474839,0.1057638888888889,0.0,0.0,0.4585763888888889,0.11708333333333333,0.0,76,-0.07332065046260278,0.041631944444444444,0.05527777777777778
BOLN_B0qnZk,0.4167212558278866,0.2440493674471,0.2968244825708061,0.199724392282219,0.1525,0.0,0.0,0.36975694444444446,0.01123263888888889,0.010052083333333333,127,-0.028919985479769594,0.02779513888888889,0.12032986111111112
f0C3RH7baEw,0.2866002706154684,0.2717049219438114,0.22106508714596948,0.1680158128006337,0.18539930555555556,1.0,0.0,0.17131944444444444,0.04645833333333333,0.02234375,146,0.0018375118596352102,0.07678819444444444,0.09432291666666667
-X03UKo_obE,0.39348780682189544,0.26197855894522987,0.4312167755991286,0.24088882256430116,0.20973958333333334,0.0,0.0,0.12260416666666667,0.6422222222222222,0.01,208,0.037663123766946416,0.05942708333333333,0.05817708333333333
fPt6fJDjKKM,0.29165122701525054,0.29575733807921933,0.334214801198257,0.10599000726155092,0.16560763888888888,1.0,0.0,0.4210763888888889,0.06793402777777778,0.0,64,-0.11349680476406157,0.115625,0.2589930555555556
uXW_1hepfT4,0.44299470166122,0.280449377229729,0.4202098311546841,0.3187166602177965,0.2566145833333333,0.0,0.0,0.5863020833333333,0.0038888888888888888,0.07503472222222222,204,0.15875143067834707,0.09840277777777778,0.08348958333333334
NT1VCmJF3mU,0.19957036002178652,0.2254844458899422,0.4906581563180828,0.2110824742442602,0.18215277777777777,1.0,0.0,0.24678819444444444,0.35739583333333336,0.027916666666666666,187,0.08067069245394429,0.03678819444444444,0.3411458333333333
x4CUAuwoZVk,0.40852896903594765,0.29251576674940666,0.42662956154684095,0.3161185476096292,0.241875,0.0,0.0,0.1424826388888889,0.17673611111111112,0.05949652777777778,713,0.138582377613582,0.04954861111111111,0.11371527777777778
SyTy1uZgx8E,0.2911720054874728,0.23031588396031993,0.4226708877995643,0.29070126062305707,0.15609375,1.0,0.0,0.22392361111111111,0.20901041666666667,0.04342013888888889,168,0.034234432216578625,0.034513888888888886,0.1649826388888889
2t6-AxpZXiA,0.6890992551742919,0.35138078862491445,0.13080419389978212,0.1563350451886699,0.1612326388888889,0.0,1.0,0.15791666666666668,0.021770833333333333,0.014982638888888889,79,-0.021924275615455957,0.5390277777777778,0.06571180555555556
wlMgNtBipe4,0.26710904424019605,0.23298430872361173,0.45734429466230936,0.252298759651762,0.10041666666666667,1.0,0.0,0.24796875,0.4203472222222222,0.07402777777777778,205,0.2758388890782866,0.025052083333333332,0.19866319444444444
H7u2VfUZyV0,0.16268851165577342,0.2525219806912936,0.6258806508714598,0.11294200648816025,0.1540625,1.0,0.0,0.17272569444444444,0.5667534722222223,0.00020833333333333335,83,0.03187027841915582,0.04451388888888889,0.6350694444444445
SKuJ60kD8wg,0.21629108995098037,0.28200975066291106,0.6414564270152505,0.18726286219171265,0.07973958333333334,1.0,0.0,0.00038194444444444446,0.8154861111111111,0.00012152777777777777,37,-0.004375610852754258,0.03305555555555555,0.5703472222222222
QGC40AfmgY0,0.23933029320533766,0.22299286220518696,0.48590236928104563,0.10130525087363057,0.12276041666666666,1.0,0.0,0.24119791666666668,0.01597222222222222,3.472222222222222e-05,44,0.1440084115111512,0.027604166666666666,0.2559895833333333
BxdWlV5LI_4,0.2624397069035948,0.3898111959519754,0.23736785130718954,0.31029106705942744,0.12730902777777778,1.0,0.0,0.1505034722222222,0.11267361111111111,0.09671875,31,-0.10200678028796895,0.17178819444444443,0.6346354166666667
H-SgQP3Hif0,0.2334016845996732,0.22640170064426593,0.52973924291939,0.21061388890413912,0.11480902777777778,1.0,0.0,0.23043402777777777,0.2945138888888889,0.04126736111111111,172,0.2178734601947992,0.03203125,0.27288194444444447
VtFaQjTcRts,0.11053432832244009,0.20304205505660222,0.39939494825708066,0.19895084710582986,0.21727430555555555,1.0,0.0,0.20564236111111112,0.11711805555555556,0.004722222222222222,100,0.051741653055007136,0.018958333333333334,0.7051909722222223
ty1IGU9U8_o,0.4587462096541395,0.26363549710838,0.28095431644880176,0.18718938715975048,0.13597222222222222,0.0,0.0,0.3561284722222222,0.0028472222222222223,0.00020833333333333335,99,0.02123361896611936,0.07484375,0.1037326388888889
gDpuFDCLvBc,0.27202625358115473,0.22960398915450111,0.5484215005446623,0.3367169715849151,0.08413194444444444,1.0,0.0,0.42385416666666664,0.34319444444444447,0.08276041666666667,80,0.28442492996359187,0.03668402777777778,0.23006944444444444
fGo6JEQ7pPg,0.057397128853485836,0.1743449820493159,0.15199897875816992,0.01588308165119215,0.11833333333333333,1.0,0.0,0.012222222222222223,0.1517361111111111,0.0,4,0.0035387469639710303,0.019097222222222224,0.8900173611111111
QwU9L0JMLsY,0.5845840727805012,0.3651784409574577,0.2723402096949891,0.2875238224283865,0.24114583333333334,0.0,1.0,0.3131076388888889,0.03012152777777778,0.04956597222222222,112,0.10869447254483222,0.33696180555555555,0.178125
tCzdgOg301Q,0.3237643241966231,0.3319474186476435,0.6891576116557734,0.41636407287284605,0.2728993055555556,1.0,0.0,0.3668402777777778,0.4957986111111111,0.19293402777777777,620,0.08345210920330443,0.036770833333333336,0.37602430555555555
gEMx7kt7n4E,0.5385690901416123,0.33585118667831254,0.2636397739651416,0.27989893104219493,0.18598958333333335,0.0,0.0,0.3468923611111111,0.014427083333333333,0.04484375,97,0.018051038102735117,0.21331597222222223,0.08958333333333333
E0A7IrJtpUY,0.2010171177423747,0.24954291965812317,0.3668430691721133,0.19047754604994152,0.18704861111111112,1.0,0.0,0.29381944444444447,0.05845486111111111,0.005729166666666666,109,-0.09026296783082835,0.005868055555555555,0.5592708333333334
cX3G0cPRJiA,0.701199387840414,0.3672692358933575,0.2117632761437909,0.21099863834126473,0.18894097222222223,0.0,1.0,0.29397569444444444,0.02753472222222222,0.01875,77,0.23961347051447401,0.5269618055555556,0.12979166666666667
JO6Zz5sXoDo,0.32611146511437905,0.2988301380642451,0.4568711192810458,0.1222919326880383,0.21164930555555556,1.0,0.0,0.14048611111111112,0.4463888888888889,0.0,114,-0.05488378056687915,0.04435763888888889,0.2589930555555556
2E-4hmLqoLc,0.34023124253812637,0.2901865535787861,0.4211457652505446,0.11901395093446636,0.44394097222222223,1.0,0.0,0.15654513888888888,0.01840277777777778,0.0003298611111111111,159,0.046439715067562726,0.058402777777777776,0.1804513888888889
Sjrz3zdHqRE,0.3283280055555556,0.2812300244262596,0.41992538126361656,0.11147203910371638,0.23640625,0.0,0.0,0.07368055555555555,0.31460069444444444,0.0025,100,-0.003511041077776389,0.07206597222222222,0.2867013888888889
dHIAi5FYH6w,0.16940831145152505,0.22469420577606158,0.4840716230936819,0.07056012512234595,0.21378472222222222,1.0,0.0,0.01078125,0.6867361111111111,0.0,48,0.036679687932219485,0.012361111111111111,0.5115451388888889
Lw0QFlzBQYg,0.5075628288671024,0.30770808913409703,0.35777859477124185,0.24424864720171374,0.22317708333333333,0.0,0.0,0.35270833333333335,0.20395833333333332,0.026753472222222224,244,-0.019321438168198146,0.05894097222222222,0.13319444444444445
DHHeGrvuAhg,0.45746437203159035,0.30783493090644903,0.40869927832244013,0.17506449071147878,0.2037673611111111,0.0,0.0,0.08194444444444444,0.45651041666666664,0.0053125,150,-0.016101255313026697,0.04017361111111111,0.11506944444444445
tyvKZUxwPYs,0.40135020268246174,0.3707774119307682,0.39213160403050107,0.129919250582607,0.3010763888888889,0.0,0.0,0.08467013888888889,0.35289930555555554,0.010746527777777778,118,-0.03821515783009455,0.17552083333333332,0.2851736111111111
41UYPeTr96s,0.27106461621732025,0.27780256250748,0.4505351988017429,0.13508314728317483,0.25085069444444447,1.0,0.0,0.060625,0.5041145833333334,0.0010243055555555556,123,0.011038183152137726,0.05015625,0.3248611111111111
iWUG1qOCAWg,0.49805966639433547,0.31789909075825984,0.3903156318082789,0.22874498776623653,0.1859201388888889,0.0,0.0,0.07529513888888889,0.4245833333333333,0.02439236111111111,220,-0.054445877804324305,0.1779513888888889,0.04236111111111111
PK2XvPG3C18,0.4316576693355119,0.31558350387968365,0.37842599400871463,0.15322814003833768,0.24027777777777778,0.0,0.0,0.011319444444444444,0.5600694444444444,5.208333333333334e-05,110,0.08241038093207464,0.07307291666666667,0.15381944444444445
0jqtxz2z7w0,0.3049816950708061,0.2787072960042921,0.34767327069716775,0.10705402120530617,0.2510590277777778,1.0,0.0,0.02435763888888889,0.2815798611111111,0.0027430555555555554,94,0.10694515002637356,0.05001736111111111,0.2665972222222222
lLFGTI3hmWY,0.3826788355936818,0.291981314435581,0.3687374046840958,0.19272119928623815,0.2306423611111111,0.0,0.0,0.07017361111111112,0.45352430555555556,0.022725694444444444,134,0.030104972123201457,0.06517361111111111,0.1663888888888889
CG8XziSdLgg,0.304837421582244,0.3085397577977946,0.4311151279956428,0.10089877149989528,0.30192708333333335,1.0,0.0,0.004791666666666666,0.49128472222222225,0.0,89,0.05442080212670891,0.0642361111111111,0.3305902777777778
szTR7AX6oZE,0.25175162550381264,0.28345652014723854,0.48908074618736375,0.11042131423661705,0.18284722222222222,1.0,0.0,0.00765625,0.6294965277777778,0.00020833333333333335,78,0.22919803689489276,0.03730902777777778,0.42571180555555554
Rre2AYAURkw,0.23433201885893248,0.2548290539217529,0.6169274918300653,0.18715529268865796,0.23737847222222222,1.0,0.0,0.07637152777777778,0.7564409722222222,0.018975694444444444,130,0.03603623650925908,0.024635416666666667,0.3321701388888889
3sEskpAYw7g,0.19908572226307186,0.272727746251666,0.21598692810457512,0.09834463016114468,0.25241319444444443,1.0,0.0,0.14184027777777777,0.042638888888888886,0.0014583333333333334,106,0.009195411675193416,0.03791666666666667,0.5294965277777778
HpJM0_4PQaM,0.44845799855664487,0.28525100367599887,0.3485223992374727,0.14162991828926327,0.25223958333333335,0.0,0.0,0.014479166666666666,0.45135416666666667,0.0,141,0.0827390054810066,0.08116319444444445,0.11852430555555556
pxGiKrdBiIo,0.16744530266884536,0.25071013682595433,0.42837159586056645,0.06897992251389946,0.2455034722222222,1.0,0.0,0.11243055555555556,0.33477430555555554,0.0,50,0.018127502742424167,0.04029513888888889,0.5584895833333333
WoFtEUGOxvQ,0.33255493939270153,0.313536092694951,0.57733299291939,0.17467059426848372,0.3719791666666667,1.0,0.0,0.047690972222222225,0.6161458333333333,0.0006770833333333334,166,-0.09396810842343162,0.06748263888888889,0.27578125
jsXHbgqhc4I,0.4695078971405229,0.2851371927754327,0.4701869553376906,0.24219674319834034,0.28034722222222225,0.0,0.0,0.04001736111111111,0.5729166666666666,0.01986111111111111,208,0.0789978627347252,0.08243055555555556,0.06689236111111112
npW_RLgRo5c,0.2370995244553377,0.2736982256520658,0.6980188589324621,0.18820506101730233,0.20039930555555555,1.0,0.0,0.04684027777777778,0.7711111111111111,0.007256944444444444,129,0.06307652555273957,0.04883680555555556,0.3509548611111111
rTWD8wRn4H8,0.30449435687636167,0.256890003788969,0.5109194580610021,0.18776686920861957,0.2402951388888889,1.0,0.0,0.2888715277777778,0.4410590277777778,0.0050347222222222225,200,0.046736336866194994,0.04394097222222222,0.17661458333333332
1BU5hqbU1z4,0.31645129090413937,0.2688347668415554,0.37067027505446626,0.19567048946715074,0.22993055555555555,1.0,0.0,0.2917013888888889,0.1790625,0.01972222222222222,161,0.12920636779794314,0.04095486111111111,0.17423611111111112
w4FCkbPykdQ,0.2528224263208061,0.28650862456880816,0.33156127450980394,0.14523887660556817,0.1721875,1.0,0.0,0.13989583333333333,0.3172916666666667,3.472222222222222e-05,180,0.02683456244455898,0.01453125,0.4334375
geIhl_VE0IA,0.2837528644063181,0.22910625914768626,0.3005493600217865,0.1747411818044261,0.1171875,1.0,0.0,0.20592013888888888,0.12819444444444444,0.015416666666666667,82,0.12383473814679974,0.024496527777777777,0.16315972222222222
R2tgByRCLzM,0.3947746296023964,0.23195419686916618,0.48124945533769065,0.251219341299389,0.15670138888888888,0.0,0.0,0.035208333333333335,0.2390625,0.003975694444444444,253,0.10800921074426362,0.011267361111111112,0.03607638888888889
Gb4UBK53sGQ,0.24813037739651414,0.2345012495871525,0.33805358115468404,0.2950712928072034,0.16006944444444443,1.0,0.0,0.06078125,0.3771701388888889,0.11130208333333333,168,0.046210508554588636,0.01935763888888889,0.26114583333333335
4BmRrbxQCos,0.6012525554193899,0.22653709457212623,0.42186553649237474,0.30320056919358623,0.11387152777777777,0.0,0.0,0.01887152777777778,0.6340451388888889,0.11395833333333333,144,0.03458057783955282,0.04986111111111111,0.03722222222222222
b_EoZzE7KJ0,0.25156808717320256,0.28999718368060984,0.6829851579520697,0.327822534241435,0.17618055555555556,1.0,0.0,0.6575173611111111,0.16586805555555556,0.07678819444444444,187,0.055475501638308916,0.04064236111111111,0.4432465277777778
Dsk0aIRrHb4,0.5404431695533768,0.24936389243526583,0.2600242374727669,0.1493132055958587,0.08753472222222222,0.0,0.0,0.0296875,0.31255208333333334,0.00015625,64,0.07230294227290257,0.0071875,0.03670138888888889
z_PlyQAWT4g,0.2584374183823529,0.2774010981346416,0.3191194172113289,0.13009221586089242,0.10043402777777778,1.0,0.0,0.22022569444444445,0.12807291666666668,0.010625,50,-0.05097587285923999,0.010642361111111111,0.41984375
IC32zBGdJok,0.28532352614379086,0.2820588934360191,0.2644460784313725,0.2064278385981752,0.2282986111111111,1.0,0.0,0.1802777777777778,0.13067708333333333,0.02779513888888889,113,0.02327488655541765,0.03967013888888889,0.33618055555555554
EVwlTsa9oMM,0.24223495373093681,0.26252396630421443,0.3922702205882353,0.2621900072445228,0.09607638888888889,1.0,0.0,0.3785763888888889,0.13447916666666668,0.021458333333333333,111,-0.14104738375229398,0.02666666666666667,0.43201388888888886
jiWtrVL4tmA,0.2329922680555555,0.23417563419473852,0.7427844498910675,0.2945958391919547,0.20378472222222221,1.0,0.0,0.22005208333333334,0.6002951388888889,0.025104166666666667,192,0.025198073200462995,0.049791666666666665,0.10598958333333333
h3sbDTl2MSU,0.26704063203976036,0.30461167028767394,0.5057352260348584,0.20954381271304537,0.15123263888888888,1.0,0.0,0.50453125,0.13402777777777777,0.013246527777777777,219,0.22846202935894083,0.002673611111111111,0.47671875
8VLovd9bS5U,0.3144537175925926,0.210193107183664,0.34659579248366007,0.1760050880921072,0.09458333333333334,0.0,0.0,0.41661458333333334,0.012083333333333333,3.472222222222222e-05,96,0.06070347466700787,0.03107638888888889,0.09107638888888889
n7Q1vubN4w8,0.390128266162854,0.22263271709110632,0.4457016612200435,0.3074176343684167,0.16875,0.0,0.0,0.27597222222222223,0.3919270833333333,0.0521875,233,0.02703213747311256,0.008038194444444445,0.049166666666666664
j0ZZfIz9R1I,0.26494432054738565,0.33326457234850726,0.36566060729847494,0.14129063551045062,0.18649305555555556,1.0,0.0,0.09897569444444444,0.3609375,0.007100694444444444,140,0.06640007966495443,0.06668402777777778,0.5556076388888889
SzKkBOUvsAY,0.2857168666666666,0.30123901719947765,0.14423297930283221,0.0771657339017121,0.12052083333333333,1.0,0.0,0.0895486111111111,0.037586805555555554,0.0,56,0.3001756253968034,0.0011805555555555556,0.4755034722222222
PB_8dGKh9JI,0.22139458660130715,0.31282258978643424,0.7140012254901961,0.30344448132899043,0.19510416666666666,1.0,0.0,0.03612847222222222,0.6611111111111111,0.0796875,461,0.015423680622545843,0.07395833333333333,0.6027083333333333
FYMdllTCrc0,0.2422689444172113,0.23714701776275224,0.8792169798474947,0.2786096617596998,0.1290625,1.0,0.0,0.9542361111111111,0.0,0.08980902777777777,68,0.13836316137563393,0.046857638888888886,0.2156597222222222
8jQzwxS8vxA,0.31896253880718956,0.3187557612129307,0.5217455746187363,0.2176951270636407,0.13776041666666666,1.0,0.0,0.025364583333333333,0.6139930555555555,0.018125,163,0.05980646049214955,0.0378125,0.35065972222222225
wKP6tYA6ds4,0.5903442123229847,0.2664797333037885,0.24711036220043572,0.12549915822385632,0.21381944444444445,0.0,1.0,0.004756944444444445,0.21791666666666668,0.0,67,0.004958147964128856,0.06800347222222222,0.10059027777777778
QsYYNk-EeJA,0.5960515736111109,0.36586122451575664,0.3377207244008715,0.31161195913820344,0.17060763888888889,0.0,1.0,0.1903298611111111,0.14987847222222223,0.07847222222222222,152,0.2049661740568246,0.32470486111111113,0.07840277777777778
_qpdUNMt2yg,0.2578668600626361,0.3076824594150779,0.28135913671023965,0.07536217190243051,0.16401041666666666,1.0,0.0,0.04423611111111111,0.3129340277777778,0.0007291666666666667,44,0.013270538953871869,0.07203125,0.44088541666666664
OX1yHmeLPy8,0.2386487598583878,0.2666238196238767,0.7309453295206974,0.45894907924697825,0.2312326388888889,1.0,0.0,0.09774305555555556,0.5975,0.20243055555555556,706,0.03049118101843687,0.030190972222222223,0.4110416666666667
SMJMYyszflM,0.2157341100217865,0.26260365438173316,0.37337288943355124,0.22212767806508443,0.22229166666666667,1.0,0.0,0.3214930555555556,0.13060763888888888,0.04460069444444444,158,0.15622268107932843,0.024947916666666667,0.4921701388888889
ZewlcJsfbn8,0.49502275826525055,0.2552861358904464,0.43839236111111113,0.33391130542848557,0.26666666666666666,0.0,0.0,0.2530208333333333,0.3487152777777778,0.05564236111111111,356,0.07474023665447688,0.058402777777777776,0.053125
Vf_pS0XSTyo,0.43396143069172116,0.36117736075164936,0.7138304738562091,0.353193068411205,0.2101215277777778,0.0,0.0,0.8679861111111111,0.0002951388888888889,0.15649305555555557,156,-0.07338482308991706,0.138125,0.24427083333333333
UiPJbxryrkU,0.47376702329793036,0.25086607958340357,0.15886798747276687,0.22933365504467415,0.22810763888888888,0.0,0.0,0.10567708333333334,0.04071180555555556,0.04852430555555556,88,0.014370691307954042,0.008385416666666666,0.07053819444444444
h7apO7q16V0,0.08420308751361656,0.20571965856332466,0.4468202614379085,0.12332812740189479,0.23085069444444445,1.0,0.0,0.07246527777777778,0.18975694444444444,0.0010069444444444444,52,-0.006845078112508354,0.005607638888888889,0.8499305555555555
ngCos392W4w,0.12876716858660128,0.277063301240835,0.17079752178649238,0.07133376475097855,0.25463541666666667,1.0,0.0,0.06345486111111111,0.08543402777777778,5.208333333333334e-05,12,-0.05037861659538323,0.04467013888888889,0.7926736111111111
aPQY__2H3tE,0.05610557540849673,0.18007709251541967,0.12573794934640523,0.12579112692046096,0.1332986111111111,1.0,0.0,0.013489583333333333,0.07251736111111111,0.0014756944444444444,6,-0.00672476043271792,0.007465277777777778,0.8819965277777778
0me3guauqOU,0.2567338163398693,0.2000888785904352,0.6830147739651418,0.2069622356317558,0.155625,1.0,0.0,0.003923611111111111,0.8968576388888889,0.0029861111111111113,71,-0.022245109947064662,0.020538194444444446,0.17814236111111112
LFKZLXVO-Dg,0.12938704022331154,0.2450278181384226,0.3950049019607843,0.19870757817049892,0.31633680555555554,1.0,0.0,0.035243055555555555,0.22046875,0.019895833333333335,182,0.12126346334848132,0.008125,0.7610590277777778
EFUYNoFRHQI,0.26854116779684095,0.2677635607118038,0.740960307734205,0.3091660787614641,0.25677083333333334,1.0,0.0,0.039774305555555556,0.7958680555555555,0.0007638888888888889,93,-0.04218303127635192,0.06737847222222222,0.12522569444444445
rf6uf3jNjbo,0.13169519377723313,0.310077263865276,0.06101606753812637,0.1444654963461494,0.09020833333333333,1.0,0.0,0.028680555555555556,0.02217013888888889,0.01578125,3,0.00670247866471968,0.08012152777777778,0.8369444444444445
PMMc4VsIacU,0.14632785223311548,0.29673971585370634,0.38567708333333334,0.1117517412904052,0.24131944444444445,1.0,0.0,0.06756944444444445,0.19317708333333333,0.00951388888888889,31,0.13598379080203565,0.07364583333333333,0.7700868055555555
eED4bSkYCB8,0.04456327041122004,0.16443848383745144,0.23640795206971676,0.09323616993536314,0.11119791666666666,1.0,0.0,0.06758680555555556,0.11036458333333334,0.005295138888888889,1,-0.007995338914993495,0.01140625,0.9199652777777778
6oMZb3yP_H8,0.3835988351851851,0.23072591563735675,0.8066188725490195,0.603078946191064,0.5936805555555555,0.0,0.0,0.05678819444444445,0.5069097222222222,0.4725,210,0.01571863788590727,0.013125,0.1153125
xlVX7dXLS64,0.06042014626906317,0.1928918899118563,0.19372889433551196,0.11807840663842076,0.13942708333333334,1.0,0.0,0.025069444444444443,0.05204861111111111,0.004791666666666666,3,0.024751292592477346,0.013055555555555556,0.9032118055555556
ajv46BSqcK4,0.1515949099809368,0.21889247939925993,0.3135442538126361,0.21964316098914416,0.12980902777777778,1.0,0.0,0.035034722222222224,0.2604340277777778,0.004861111111111111,52,-0.061293009051133135,0.0024131944444444444,0.6441145833333334
GiDsjIBOVoA,0.2391593319172113,0.212125977650717,0.7317686546840961,0.2605863746540532,0.23732638888888888,1.0,0.0,0.007326388888888889,0.9008506944444444,0.05907986111111111,92,-0.0435421272729159,0.028072916666666666,0.1171875
Q_1M2JaijjQ,0.03239894901960784,0.14021221811734746,0.230500204248366,0.04976877313598715,0.09555555555555556,1.0,0.0,0.10855902777777778,0.0553125,0.00034722222222222224,1,0.010051190424546549,0.008472222222222223,0.9425347222222222
B3y0RsVCyrw,0.06584170468409585,0.16970689553969745,0.3222073801742919,0.03268129756281449,0.2546527777777778,1.0,0.0,0.05824652777777778,0.18534722222222222,0.0,5,0.00023650196908246712,0.006319444444444444,0.8306770833333333
JGQe4kiPnrU,0.2595672381808279,0.25618953536576194,0.6523161764705883,0.26754904022161996,0.19670138888888888,1.0,0.0,0.0609375,0.7685069444444445,0.001857638888888889,89,0.051599293628978055,0.06260416666666667,0.23984375
yYEMxqreA10,0.3407211288126361,0.2620594911730229,0.6566278594771242,0.34379708510259,0.25048611111111113,1.0,0.0,0.07475694444444445,0.800625,0.11293402777777778,121,-0.10537490281365003,0.06508680555555556,0.051770833333333335
5AllG-i_yto,0.06896483559368191,0.21210883328470978,0.20770418028322443,0.041728441126749165,0.12791666666666668,1.0,0.0,0.05375,0.11578125,0.0,2,0.041009037319020565,0.029652777777777778,0.88953125
Ty0JcR6Dvis,0.04777311937636164,0.16049838126857963,0.2905366966230937,0.05248829143126955,0.14222222222222222,1.0,0.0,0.04902777777777778,0.12383680555555555,0.00010416666666666667,1,0.01431548915074169,0.00703125,0.9044618055555556
88I6IidylGc,0.2113816111383442,0.16217219066735464,0.7210705337690632,0.21262512924384924,0.16182291666666668,1.0,0.0,0.01375,0.9349652777777778,0.0,48,0.00037163902498241197,0.009375,0.03965277777777778
Ij7NQ-0mIVA,0.0329504154956427,0.12430283037350101,0.2705090550108933,0.05081964340576535,0.13269097222222223,1.0,0.0,0.11779513888888889,0.09510416666666667,6.944444444444444e-05,1,0.018242295898292304,0.0033333333333333335,0.9291319444444445
VAt2mR7gY0k,0.2098449000408497,0.2635060583622667,0.44310321350762527,0.2392401270435613,0.3026215277777778,1.0,0.0,0.40616319444444443,0.08310763888888889,0.05381944444444445,116,0.021374849157257292,0.0022222222222222222,0.6001736111111111
FtwF6cmzamo,0.10240050812908498,0.21902222548541533,0.49728376906318084,0.08629856029265458,0.2275,1.0,0.0,0.2126736111111111,0.19321180555555556,8.680555555555556e-05,38,-0.04275563695467019,0.021979166666666668,0.8032638888888889
RFdb2rKAqFw,0.2335013695397604,0.20309380030704033,0.502301947167756,0.14338715019775378,0.13543402777777777,1.0,0.0,0.15633680555555557,0.5207986111111111,0.0,94,0.053990512673315144,0.005434027777777778,0.2601736111111111
nS2hnm0JRBk,0.6631933937772332,0.3340277982613937,0.16840434368191717,0.10711048636031849,0.12015625,0.0,1.0,0.001736111111111111,0.4149305555555556,0.00043402777777777775,15,0.0595544775690563,0.4730902777777778,0.00045138888888888887
XeUB4h1OO1g,0.31111087587145975,0.3181984604664804,0.6928187636165577,0.32394287063205307,0.18546875,1.0,0.0,0.10822916666666667,0.6373958333333334,0.025607638888888888,109,-0.05694920842615925,0.10552083333333333,0.2742013888888889
wen3221_3gU,0.3391686615196079,0.2811934939963389,0.5231195533769063,0.29493071539133386,0.3016493055555556,1.0,0.0,0.07597222222222222,0.5421006944444444,0.08710069444444445,167,0.04167792249371782,0.003125,0.10022569444444444
7SfocUa8gis,0.3445650678104576,0.2387374491513358,0.3618706427015251,0.40025084376163167,0.14663194444444444,0.0,0.0,0.4571527777777778,0.01951388888888889,0.22246527777777778,93,-0.040767131178810256,0.04628472222222222,0.09991319444444445
3ZxbaeqZIHQ,0.7962385396105665,0.2461355974915859,0.1402936410675381,0.19431430530643873,0.16680555555555557,0.0,1.0,0.07395833333333333,0.021041666666666667,0.03260416666666666,95,0.09982855985292305,0.6134027777777777,0.015416666666666667
J4hSc9He614,0.8052114516476034,0.25193067176237155,0.13559633714596953,0.1385795138469091,0.09081597222222222,0.0,1.0,0.11225694444444445,0.012447916666666666,0.006024305555555555,86,0.09516525002718057,0.6460243055555556,0.03300347222222222
3THzlSIzfug,0.7318669270152507,0.278880889450806,0.2127743736383442,0.22800706168011453,0.14847222222222223,0.0,1.0,0.11909722222222222,0.11930555555555555,0.03588541666666667,174,-0.05983645241681779,0.5455208333333333,0.03815972222222222
gstdcCDqdlc,0.43986704315087144,0.19741464514647852,0.6470759123093682,0.43277011251886216,0.17706597222222223,0.0,0.0,0.05223958333333333,0.7441840277777778,0.6622569444444445,84,0.03592109694009454,0.07072916666666666,0.014756944444444444
nH7gORAiBC8,0.3652542382216775,0.22009658626890516,0.35467599400871463,0.4087031876024467,0.14737847222222222,0.0,0.0,0.3727083333333333,0.1051736111111111,0.22149305555555557,114,0.011187633403368202,0.04324652777777778,0.05673611111111111
xXL0gMo9Lso,0.7829110435866011,0.2744450002390134,0.0871933551198257,0.14154723154093662,0.13555555555555557,0.0,1.0,0.08446180555555556,0.0015104166666666666,0.010659722222222221,51,0.05818222350805191,0.6565798611111111,0.019479166666666665
sKcfJwjLiuA,0.8078119927151415,0.31395706484557934,0.13756930827886713,0.17136678661709076,0.18763888888888888,0.0,1.0,0.0321875,0.16671875,0.0017013888888888888,78,0.07023348731592793,0.62984375,0.08526041666666667
gGWufx8DTAo,0.8210048622140523,0.25378746378027905,0.08112050653594768,0.10757932095114418,0.1496875,0.0,1.0,0.024670138888888887,0.03211805555555555,0.0018402777777777777,42,0.08957733503560716,0.6977604166666667,0.03484375
vRXE4FVOt7M,0.33833848050108933,0.3473736478345911,0.5284624183006537,0.27237487791784126,0.20418402777777778,1.0,0.0,0.15128472222222222,0.45588541666666665,0.011163194444444444,146,0.15549159781159272,0.1357986111111111,0.21963541666666667
C_dKimu42D8,0.05722383668300653,0.20479447235069786,0.10374891067538126,0.11221589576058626,0.08178819444444445,1.0,0.0,0.04321180555555556,0.04541666666666667,0.010677083333333334,1,0.03383208076638049,0.01859375,0.9227951388888889
fkO9T027an0,0.17442465656318082,0.256756177497155,0.5551620370370369,0.19193976716865044,0.21916666666666668,1.0,0.0,0.03671875,0.7041840277777778,0.030347222222222223,145,-0.06525061588581435,0.02638888888888889,0.6312152777777778
TEsJpHTGURo,0.3802815861247277,0.22092704679139308,0.34222276688453157,0.3979208546466969,0.12692708333333333,0.0,0.0,0.4204513888888889,0.029652777777777778,0.2031423611111111,113,-0.06354236220936782,0.04604166666666667,0.028628472222222222
akR6JRGhKwk,0.4033650770424837,0.32773338650473177,0.5498900462962965,0.4078017280611361,0.18730902777777778,1.0,0.0,0.6421354166666666,0.0030381944444444445,0.1492534722222222,133,-0.10580638465779152,0.12416666666666666,0.12116319444444444
CyL0q0wCxhc,0.6135429223992375,0.17030043242662082,0.40562540849673207,0.320528924598653,0.1701909722222222,0.0,1.0,0.8155034722222222,0.06572916666666667,0.016041666666666666,215,0.014084400897199312,0.003142361111111111,0.013888888888888888
-zcc5QlXXPY,0.7604164135348584,0.2727194567641859,0.150411220043573,0.16025608553189552,0.17107638888888888,0.0,1.0,0.10887152777777778,0.05659722222222222,0.014461805555555556,147,-0.057676454141757816,0.40814236111111113,0.021493055555555557
d0Pk1XdllOI,0.3251244873502179,0.27492048271227926,0.43146793300653596,0.19554117626439,0.13182291666666668,1.0,0.0,0.0959375,0.5966666666666667,0.004826388888888889,132,0.09282450685615651,0.06642361111111111,0.03984375
u_T7IA1tSFc,0.15518151417483655,0.30035112262244773,0.13710743464052286,0.06332594107352935,0.09515625,1.0,0.0,0.050451388888888886,0.08052083333333333,0.0,39,0.4679921175951953,0.04376736111111111,0.7484375
L_vHn7t8Zv8,0.46654112903050104,0.187788882763055,0.5672549019607843,0.39309421892277563,0.2309548611111111,0.0,0.0,0.8316840277777777,0.031822916666666666,0.1589236111111111,217,0.05459459789188509,0.016996527777777777,0.017864583333333333
xpV4-j6Nnew,0.28884776508714594,0.22997913193235933,0.508463779956427,0.2698364667099027,0.19489583333333332,1.0,0.0,0.35194444444444445,0.47692708333333333,0.017743055555555557,147,-0.01254707951666334,0.043506944444444445,0.08664930555555556
OtBjvEDz_fk,0.6225532358796295,0.25706617748252814,0.2007438725490196,0.20252251966309354,0.28963541666666665,0.0,1.0,0.10177083333333334,0.08939236111111111,0.009409722222222222,97,0.12751774921868664,0.006458333333333333,0.0325
his4_4svUDo,0.2893537720315904,0.26571897071263617,0.7302472766884532,0.2236134338754682,0.1622222222222222,1.0,0.0,0.026284722222222223,0.7759548611111111,0.0,68,-0.1250782542200524,0.03916666666666667,0.02435763888888889
VT71Yy-c_54,0.166496438208061,0.3232948779432682,0.12741346677559912,0.07515088331376968,0.10190972222222222,1.0,0.0,0.07973958333333334,0.038524305555555555,0.0,48,0.5020185062457045,0.08404513888888888,0.7360763888888889
B2A2pGrDG8I,0.5834338504765794,0.23011254002427697,0.26251763344226575,0.17057609923431016,0.1295138888888889,0.0,1.0,0.3542534722222222,0.022847222222222224,0.0,53,-0.06382136465693855,0.03027777777777778,0.06065972222222222
EFg3u_E6eHU,0.6434477347630718,0.2538435997794442,0.11905419389978214,0.09513954545016091,0.14407986111111112,0.0,1.0,0.011475694444444445,0.08663194444444444,0.0,39,-0.014634954851134752,0.06090277777777778,0.07362847222222223
INEtYZqtjTo,0.2910986931781046,0.1826937330558474,0.2967822031590414,0.12603279152821142,0.15949652777777779,1.0,0.0,0.02328125,0.6652777777777777,0.0,19,-0.0011722823534790483,0.0009375,0.0006597222222222222
K1a2Bk8NrYQ,0.6555803391884532,0.20963267829102672,0.24732952069716777,0.19376728131581503,0.17208333333333334,0.0,1.0,0.12230902777777777,0.12626736111111111,0.0,90,0.02110064087477903,0.01203125,0.05727430555555556
goQ4ii-zBMw,0.5491888465958605,0.1562593900981059,0.3467442129629629,0.1297085502009211,0.17133680555555555,0.0,0.0,0.004670138888888889,0.27913194444444445,1.736111111111111e-05,14,-0.015381124277513258,0.0,0.05545138888888889
w6E7aQnA4Ws,0.6088561695669935,0.21579655617019697,0.2999965277777777,0.2341800669595982,0.1790625,0.0,1.0,0.09993055555555555,0.04845486111111111,0.026041666666666668,95,-0.004854663254051261,0.035347222222222224,0.05703125
74ZNSQp-O3I,0.189516109327342,0.27137645546049666,0.13178206699346406,0.18193009796571047,0.12092013888888889,1.0,0.0,0.06715277777777778,0.05559027777777778,0.027708333333333335,19,0.03029943563457238,0.06300347222222222,0.5951736111111111
I6Unxb-PFhs,0.5173843958605664,0.10702260562076236,0.36165965413943346,0.22913523909432718,0.03074652777777778,0.0,0.0,0.2511805555555556,0.11611111111111111,0.0,63,-0.03226902439311119,0.0031944444444444446,0.0
85oMrKd8afY,0.5479514072712419,0.157890938388609,0.28751674836601304,0.2058391848979213,0.08777777777777777,0.0,0.0,0.030416666666666668,0.2601909722222222,0.013333333333333334,52,0.04048556986218543,0.0165625,0.03248263888888889
xOayymoIl8U,0.5446472469771242,0.11755659493942702,0.43060382625272325,0.29034077511310424,0.03395833333333333,0.0,0.0,0.07100694444444444,0.8193576388888889,0.011284722222222222,31,-0.03648262542561642,0.0031944444444444446,0.0
C4ATDMIz5wc,0.5091672041122004,0.1911596533754751,0.29181038943355125,0.1969953427424096,0.19572916666666668,0.0,0.0,0.07092013888888889,0.058506944444444445,0.0006076388888888889,154,0.044766420976039556,0.01855902777777778,0.030364583333333334
AE5I0xACpZs,0.5288374884803921,0.10320268424516417,0.3112861519607843,0.11787854052353525,0.1084548611111111,0.0,0.0,0.0,0.6906770833333333,0.0,15,0.008189347353369625,0.0,0.003993055555555555
SLgZhpDsrfc,0.561690190454793,0.274696118466582,0.32811655773420473,0.1914198446090026,0.19824652777777776,0.0,1.0,0.29071180555555554,0.1193576388888889,0.016024305555555556,99,0.0046196392720060375,0.025868055555555554,0.10602430555555556
MqnpIwN7dz0,0.631070466040305,0.15771577078766116,0.3473214869281046,0.2541841758543631,0.08255208333333333,0.0,0.0,0.5390798611111111,0.04131944444444444,0.0,78,-0.0493002936155319,0.0,1.736111111111111e-05
5NGKbiA04Cw,0.6827560530637254,0.3086028417848822,0.4303877995642701,0.28916549172955597,0.14711805555555554,0.0,1.0,0.10802083333333333,0.3305034722222222,0.006319444444444444,47,-0.05620160803637675,0.4088888888888889,0.04161458333333334
meonLcN7LD4,0.6255184316040304,0.14047626926324544,0.5566124046840959,0.3979047765956547,0.08942708333333334,0.0,0.0,0.00012152777777777777,0.21375,0.45711805555555557,76,-0.06594646254017977,0.01220486111111111,0.0036458333333333334
bbkcEiUjehk,0.6354704577205882,0.14705657285950666,0.19977907135076253,0.17197165681502335,0.0961111111111111,0.0,1.0,0.059444444444444446,0.01765625,0.0,49,-0.014570773397428849,0.014288194444444444,0.03279513888888889
oifN-YVlrq8,0.3149395421296296,0.20846469472330464,0.40375013616557726,0.1133936486236796,0.15734375,1.0,0.0,0.7697222222222222,0.002638888888888889,0.0,22,0.004731411933742324,0.0,0.00703125
kfFacplFY4Y,0.35911672216775603,0.20300357170007663,0.49070329520697165,0.2667719848952101,0.1326388888888889,0.0,0.0,0.5630555555555555,0.16300347222222222,0.005121527777777778,187,-0.006915550833292039,0.0025520833333333333,0.06170138888888889
yj6wo5SCObY,0.5397815216367103,0.1698529117684768,0.22847467320261441,0.14115774198114686,0.14605902777777777,0.0,0.0,0.048854166666666664,0.021180555555555557,0.0,73,0.008238484182222727,0.013072916666666667,0.034965277777777776
Kzx88YBF7dY,0.5536567855392156,0.21786311360645977,0.22999693627450982,0.1349729070640194,0.13026041666666666,0.0,0.0,0.002534722222222222,0.23786458333333332,0.0,55,0.1043955531544698,0.03296875,0.03592013888888889
Yldkh0aOEcg,0.801664507448257,0.1303341360931269,0.10048869825708061,0.15926539010797944,0.06572916666666667,0.0,1.0,0.075,0.019600694444444445,0.01579861111111111,61,-0.034638293358519756,0.03598958333333333,0.0006076388888888889
0cHHKDAelCo,0.6219946379765795,0.21198507112055343,0.2731844362745097,0.22201513682917393,0.14607638888888888,0.0,0.0,0.23607638888888888,0.08755208333333334,0.0,74,0.07476766962557269,0.13019097222222223,0.009878472222222223
NQ4gLJYspdA,0.3082351167347495,0.24814321652816743,0.20968171296296295,0.08951180932074251,0.2862326388888889,1.0,0.0,0.015364583333333333,6.944444444444444e-05,0.0006770833333333334,23,-0.007807116867954489,0.011197916666666667,0.031041666666666665
yAj_JhJoNDo,0.2767866046840958,0.29750416280976766,0.5991703431372549,0.23904665498981031,0.15043402777777778,1.0,0.0,0.16777777777777778,0.5466666666666666,0.035208333333333335,156,-0.048668637487134986,0.07086805555555556,0.34039930555555553
Ip6RIHwi21c,0.3308071041938998,0.26676199964615577,0.06518028322440088,0.09125990716642661,0.15104166666666666,1.0,0.0,0.0005034722222222222,0.10107638888888888,0.0,21,0.05376834377863293,0.11326388888888889,0.010225694444444445
UWAtCiK4cK0,0.5565716122821351,0.32900633551532893,0.15830582788671024,0.12935022969921164,0.23850694444444445,0.0,1.0,0.016354166666666666,0.10097222222222223,0.0,51,0.04781485868822355,0.05378472222222222,0.13361111111111112
HzLom8rk2zo,0.30375139921023964,0.22830827319474264,0.09016176470588233,0.09648732269565656,0.18354166666666666,1.0,0.0,0.0011979166666666666,0.1359548611111111,0.0,18,0.055593355694549595,0.06484375,0.008385416666666666
_GkNhKqsgVQ,0.32879665170206973,0.2637438867127561,0.06301150599128541,0.10648359334090271,0.2215625,1.0,0.0,0.020868055555555556,0.08107638888888889,1.736111111111111e-05,19,0.04025357009461039,0.09342013888888889,0.010763888888888889
yNDEg9elOHY,0.20725482968409586,0.21642273126153985,0.565546364379085,0.21029513749559356,0.1771875,1.0,0.0,0.1009375,0.6768402777777778,0.013541666666666667,46,-0.013684212279037655,0.028385416666666666,0.2471875
C9QSpl5nmrY,0.8918701156318083,0.2686873321182741,0.010050653594771242,0.03431001621570941,0.23487847222222222,0.0,1.0,0.0023784722222222224,0.0011111111111111111,0.0,12,-0.049401806183583696,0.8251736111111111,0.06696180555555556
GDN649X_acE,0.8764697763071895,0.2834953841486836,0.03334381808278866,0.0870686643875383,0.24965277777777778,0.0,1.0,0.021059027777777777,8.680555555555556e-05,0.00421875,19,-0.021577287539824352,0.8077256944444444,0.07135416666666666
Z-T0iJEXiwM,0.8584203996868192,0.28060763804372535,0.1558299291938998,0.3109441636385396,0.19605902777777778,0.0,1.0,0.16942708333333334,0.00421875,0.11855902777777778,20,0.06968589336758624,0.7269965277777778,0.06690972222222222
qPN_XZcJf_s,0.8401096620234205,0.3174881664941998,0.06846752450980392,0.1985689783405366,0.22276041666666666,0.0,1.0,0.05241319444444444,0.0,0.03397569444444445,19,-0.04369540524643012,0.7529166666666667,0.08822916666666666
aFDOzpTeg0s,0.9219701507352942,0.22784051794287383,0.035566108387799555,0.10214775703513934,0.14322916666666666,0.0,1.0,0.014756944444444444,0.007899305555555555,0.0033854166666666668,11,-0.024225970678324105,0.8776909722222223,0.04003472222222222
9hbQieQh7-o,0.8493402290168846,0.3057034887444305,0.08113636982570807,0.19938261294257795,0.23472222222222222,0.0,1.0,0.05592013888888889,0.010850694444444444,0.044635416666666664,22,0.013069647713839672,0.77140625,0.08350694444444444
q-BiW5srMFQ,0.8209933523692811,0.2717119522261778,0.022870302287581697,0.06271487064560859,0.22560763888888888,0.0,1.0,0.02404513888888889,0.0,0.0,11,-0.09005802379264749,0.45546875,0.07135416666666666
DVGmsnxB2UQ,0.8535390456427014,0.30783510157793614,0.0560953839869281,0.16242906898440412,0.23994791666666668,0.0,1.0,0.035138888888888886,0.007291666666666667,0.028177083333333332,19,-0.012036664702002264,0.7905208333333333,0.08383680555555556
WRYk7oZiogg,0.8939239895833334,0.2648308649312624,0.04844253812636165,0.13960346648406288,0.1856076388888889,0.0,1.0,0.017100694444444446,0.013090277777777777,0.009253472222222222,16,-0.02250234084546654,0.8272569444444444,0.05954861111111111
h5o1n1QMcmM,0.8773590248910675,0.2742709663787154,0.04592647058823529,0.11038971147498954,0.2442361111111111,0.0,1.0,0.038315972222222223,0.01574652777777778,0.0026041666666666665,26,-0.02222177944048176,0.8018923611111111,0.06399305555555555
lgD9lNB9Ums,0.8913067412445534,0.25981105781516795,0.02926552287581699,0.07730072996088833,0.23140625,0.0,1.0,0.013819444444444445,0.00796875,0.0014583333333333334,16,-0.0021018750524877117,0.8218402777777778,0.05604166666666666
mIlw5j3WyVk,0.8974216011301743,0.2581952652717881,0.04718007897603486,0.14959063558228727,0.18222222222222223,0.0,1.0,0.0008854166666666666,0.025711805555555557,0.03060763888888889,16,-0.05742400151172389,0.8389756944444444,0.05873263888888889
fivdgj5w0K0,0.556043287377451,0.15593323605036738,0.6017316857298475,0.4669288397078107,0.15638888888888888,0.0,0.0,0.10888888888888888,0.7139409722222222,0.36975694444444446,267,-0.008977161933838351,0.02001736111111111,0.016059027777777776
DkmfIQRDyXc,0.5646212369553377,0.2802632067956516,0.1762674291938998,0.10073590189166368,0.21649305555555556,0.0,0.0,0.11694444444444445,0.0011458333333333333,1.736111111111111e-05,87,0.10499752483548719,0.0728125,0.02828125
0QOm7Sn5uwQ,0.9018600258578431,0.23983792028496598,0.05242572167755991,0.11323631102037379,0.18866319444444443,0.0,1.0,0.04345486111111111,0.017604166666666667,0.0022222222222222222,25,0.007790182867849049,0.8001388888888888,0.04446180555555555
iujLN48gumk,0.06843613834422657,0.23826149189526058,0.0,0.0,0.09619791666666666,1.0,0.0,0.0,0.0,0.0,1,0.10630726829809883,0.050555555555555555,0.9190277777777778
s-8kQT-YVJg,0.5542112624319173,0.2791570992758285,0.1805448665577342,0.10086219602063808,0.19074652777777779,0.0,0.0,0.11090277777777778,0.0010763888888888889,0.0,87,0.11910362456814061,0.06177083333333333,0.027743055555555556
wIGOnM6Cf_E,0.5656424145288671,0.2804181197470981,0.17606018518518518,0.1007098425861117,0.21338541666666666,0.0,0.0,0.11732638888888888,0.0011805555555555556,1.736111111111111e-05,88,0.1005000043108134,0.07383680555555555,0.028576388888888887
L3nlGfSyHV0,0.8833067704656862,0.2814692472951059,0.05186165577342047,0.1440323307168764,0.17258680555555556,0.0,1.0,0.02376736111111111,0.029930555555555554,0.021111111111111112,11,-0.021633663706992268,0.8337673611111112,0.06975694444444444
jp_NcF9Oagk,0.48369975882352945,0.1328882757578486,0.6254103349673202,0.36659791574726164,0.13338541666666667,0.0,0.0,0.10085069444444444,0.03057291666666667,0.014253472222222223,198,0.045805060081314186,0.0038368055555555555,0.011493055555555555
UC5jflMmubs,0.648622034082244,0.18119289165663577,0.6260693763616557,0.43005049746886614,0.17303819444444443,0.0,1.0,0.82421875,0.03927083333333333,0.6224652777777778,236,0.01522021589065492,0.01972222222222222,0.01640625
m8fvdRZb5CE,0.5645397774101306,0.28068871751603036,0.17671589052287578,0.10068613114520024,0.21833333333333332,0.0,0.0,0.11078125,0.0011284722222222221,0.0,87,0.11551633547087592,0.071875,0.028541666666666667
qJrmQe8TOTw,0.39747571217320254,0.16890127682951547,0.6410822440087146,0.5384724304541411,0.15630208333333334,0.0,0.0,0.7813368055555555,0.04140625,0.6247743055555556,233,0.012363055792398658,0.019375,0.01671875
JV0S5f89-Q4,0.5624939764433552,0.2799902679163414,0.17703390522875814,0.10077191116740704,0.21371527777777777,0.0,0.0,0.11373263888888889,0.0011111111111111111,0.0,88,0.11323794576542567,0.06954861111111112,0.028246527777777777
Oekl7K1iwxY,0.5648144778458607,0.2808873400570298,0.17647290305010893,0.10072821040803054,0.21375,0.0,0.0,0.11586805555555556,0.0011631944444444443,0.0,87,0.10538317987167833,0.07326388888888889,0.028125
QhWZq8oBpVw,0.557969356712963,0.2798862029068865,0.1793220996732026,0.10094075255767175,0.19967013888888888,0.0,0.0,0.11197916666666667,0.0011111111111111111,0.0,87,0.1205363962886512,0.06586805555555555,0.02765625
_mRJw2F6j5Q,0.39045345776143786,0.28752537056862126,0.4574795070806099,0.22465906811208597,0.3382291666666667,0.0,0.0,0.6285590277777777,0.047760416666666666,0.015260416666666667,234,-0.03654990013173315,0.0646701388888889,0.11296875
3MKRjt59hh4,0.3841766070533769,0.24215841865738078,0.3315096677559913,0.1871620381880089,0.2327951388888889,0.0,0.0,0.24350694444444446,0.19619791666666667,0.007760416666666666,195,-0.033650799802073694,0.007256944444444444,0.05753472222222222
OaGCB7Sdr9g,0.32574593021514164,0.32425736580452824,0.5250237608932462,0.27430622139715327,0.2673784722222222,1.0,0.0,0.11913194444444444,0.34881944444444446,0.05019097222222222,335,-0.06783977424991033,0.11534722222222223,0.26239583333333333
fLjPGhCDzKY,0.49004501531862743,0.27591034952130195,0.24668252995642698,0.2389889905089337,0.24541666666666667,0.0,0.0,0.18059027777777778,0.03342013888888889,0.05869791666666667,111,0.04737502410305999,0.0700173611111111,0.13309027777777777
-fejxDK1mSc,0.39180548657407405,0.25714048743282536,0.2906778322440087,0.20885514727750407,0.24291666666666667,0.0,0.0,0.16621527777777778,0.21444444444444444,0.029461805555555557,165,0.024607231585688616,0.061875,0.031180555555555555
Mr8E79ANG4Q,0.4331351727532679,0.2271847130753054,0.24811124727668848,0.21625239233640953,0.19095486111111112,0.0,0.0,0.08414930555555555,0.14949652777777778,0.04321180555555556,165,0.04386662099186739,0.057465277777777775,0.03795138888888889
YrHM3Zy6qoQ,0.5314857710784313,0.32942130113321344,0.3324453295206972,0.2967835138242914,0.27178819444444446,0.0,1.0,0.2839756944444444,0.12465277777777778,0.07753472222222223,208,0.005631688246089395,0.12741319444444443,0.12996527777777778
QO1NZOFQgmM,0.5418651870642701,0.2996594311747942,0.42835913671023973,0.2900645735960927,0.30690972222222224,0.0,0.0,0.5304340277777778,0.03774305555555556,0.02737847222222222,222,-0.029465104229791206,0.13430555555555557,0.11279513888888888
w7i4amO_zaE,0.21271361782407408,0.25562102865501146,0.2443024237472767,0.07312128951151296,0.27171875,1.0,0.0,0.11342013888888888,0.16741319444444444,0.0,52,0.019690693072848153,0.017482638888888888,0.43105902777777777
JjHFubUPLV0,0.44637089537037034,0.23492178914087355,0.4006062772331155,0.26949676721988935,0.17875,0.0,0.0,0.5197222222222222,0.05171875,0.041493055555555554,224,0.10502517198958577,0.016979166666666667,0.033368055555555554
U16RnpV48KQ,0.2928347642973856,0.33025085336693,0.4019714052287582,0.13405244084985463,0.29953125,1.0,0.0,0.19934027777777777,0.25836805555555553,0.0019618055555555556,105,-0.020488255805153233,0.08135416666666667,0.4884895833333333
ZH3iKbEiks0,0.32316359876089323,0.24125501745599484,0.29009347766884536,0.19737806923152035,0.13258680555555555,1.0,0.0,0.09800347222222222,0.2833159722222222,0.017256944444444443,142,0.024056860475015485,0.02684027777777778,0.04847222222222222
RDd71IUIgpg,0.4880223339460784,0.40935806362002986,0.29527369281045757,0.2166791382271454,0.2259201388888889,0.0,0.0,0.13963541666666668,0.24651041666666668,0.027552083333333335,215,0.0012849697386351777,0.2851736111111111,0.3335590277777778
UWb1dw_kbvo,0.5965785618464051,0.373578288330811,0.16781045751633988,0.21203236956410873,0.09578125,0.0,0.0,0.21604166666666666,0.0012152777777777778,0.02671875,49,-0.09968417231344429,0.3516840277777778,0.04147569444444445
FrMRyXtiJkc,0.2754305505038126,0.28824314266098167,0.24441053921568628,0.119253205955625,0.18802083333333333,1.0,0.0,0.17489583333333333,0.09838541666666667,0.008211805555555556,85,0.025603724634641112,0.0171875,0.44979166666666665
x7v6SNIgJpE,0.2290242637663398,0.15500920513770033,0.3331493055555555,0.07580447589747309,0.0726736111111111,1.0,0.0,0.010677083333333334,0.5449131944444444,0.001388888888888889,32,-0.0006952912451800852,0.0007638888888888889,0.15645833333333334
GwcFxTuMYmU,0.26948147332516337,0.2537690827250056,0.2508601579520697,0.13503821345499953,0.19336805555555556,1.0,0.0,0.18428819444444444,0.08154513888888888,0.005486111111111111,96,0.10829265091285448,0.04572916666666667,0.16057291666666668
E8cM12jRH7k,0.11838821497821349,0.1862367846187267,0.7112179330065359,0.09593313702436926,0.12585069444444444,1.0,0.0,0.72515625,0.04055555555555555,1.736111111111111e-05,37,0.008943992693015601,0.009600694444444445,0.7872916666666666
gutR_LNoZw0,0.5592864190223311,0.35612928689399675,0.1622847222222222,0.19185964957460283,0.18192708333333332,0.0,1.0,0.11407986111111111,0.0828125,0.03748263888888889,73,0.06863263108334305,0.010729166666666666,0.08762152777777778
6jPiuOXmxEc,0.4979863705610021,0.38018788704201273,0.30919982298474946,0.26653768435657577,0.16444444444444445,0.0,0.0,0.21234375,0.06317708333333333,0.07177083333333334,88,-0.09818019187249738,0.08243055555555556,0.2890277777777778
3f9tbqSIm-E,0.2305335135620915,0.31827943595600167,0.11830255991285403,0.009957766295640515,0.36126736111111113,1.0,0.0,0.056614583333333336,0.024774305555555556,0.0,15,0.1946839141356341,0.05263888888888889,0.5910763888888889
HwmqZTnb7Co,0.15876005595043574,0.22615645719204122,0.5608239379084969,0.289680217310762,0.15270833333333333,1.0,0.0,0.23607638888888888,0.4886284722222222,0.06022569444444444,124,0.011169301561781475,0.02748263888888889,0.6263020833333334
2gG08VUuwzg,0.11178337348856208,0.14719079377273367,0.4155192674291939,0.13396069886649511,0.11909722222222222,1.0,0.0,0.12664930555555556,0.6061458333333334,0.008784722222222222,34,-0.03333342632527456,3.472222222222222e-05,0.7330902777777778
SCPVDpyApgQ,0.22027614207516344,0.2589297200681324,0.3198882080610022,0.10811766470391294,0.13015625,1.0,0.0,0.2357986111111111,0.21661458333333333,0.0003298611111111111,66,0.039254615842786805,0.06362847222222222,0.4146701388888889
boD0ReK62FI,0.3914929567401961,0.22753179780711277,0.4101320806100217,0.18192073665166705,0.18503472222222223,0.0,0.0,0.5567881944444445,0.035555555555555556,3.472222222222222e-05,108,0.08209177313503824,0.0024652777777777776,0.10661458333333333
ReeLQR7KCcM,0.7195864633714595,0.3754342666821223,0.15310219226579522,0.14013520159014484,0.14847222222222223,0.0,1.0,0.1568402777777778,0.021388888888888888,0.006059027777777778,62,0.06504071573487258,0.5569270833333333,0.12253472222222223
nMHxdz-N7EU,0.7732228823120915,0.35003749529215095,0.11149428104575164,0.08269053581553273,0.17368055555555556,0.0,1.0,0.09965277777777778,0.049375,0.0019097222222222222,43,-0.3744234040485763,0.6653125,0.08137152777777777
Epwlk4B90vk,0.4753268668300653,0.286483242769681,0.4244571078431373,0.29905894532586935,0.1504861111111111,0.0,0.0,0.5299305555555556,0.27598958333333334,0.04418402777777778,101,0.02874124696646807,0.05685763888888889,0.10730902777777777
A_XGsAl-LqY,0.10991143820806101,0.08442403034559616,0.8438144744008717,0.37865897413634236,0.058125,1.0,0.0,0.8152256944444445,0.030833333333333334,0.08567708333333333,31,-0.029999013244389444,0.0,0.32522569444444444
G8vdu30EEfw,0.14939709769880175,0.1971336310626769,0.3250761846405229,0.15318837090322143,0.23006944444444444,1.0,0.0,0.1700347222222222,0.3717361111111111,0.013836805555555555,43,0.005855197715011473,0.02201388888888889,0.6018055555555556
taoAAcS5PSw,0.2624539643927015,0.2896782489851064,0.48295166122004357,0.20375335574030481,0.24913194444444445,1.0,0.0,0.5061284722222222,0.06642361111111111,0.011163194444444444,311,0.09585404970785508,0.038038194444444444,0.44307291666666665
7ap3CkBEpOE,0.16318166665305012,0.16998949061780474,0.49216945806100215,0.1221905673132963,0.13935763888888889,1.0,0.0,0.018368055555555554,0.8892708333333333,0.011024305555555556,9,-8.121928559823299e-05,0.021180555555555557,0.040625
dQYXM4U831A,0.539330633156318,0.36688539755969835,0.21664978213507627,0.0869749353773315,0.2248784722222222,0.0,0.0,0.12723958333333332,0.15595486111111112,0.0002951388888888889,65,0.06183579288003138,0.1842361111111111,0.15675347222222222
js7_bCY6WEw,0.5996716578567537,0.3264403879211909,0.34428907952069726,0.2750693366635516,0.12092013888888889,0.0,1.0,0.15432291666666667,0.15986111111111112,0.056614583333333336,136,0.06985710518599952,0.10029513888888889,0.17689236111111112
o462tY758CY,0.19865813457244008,0.2717028556897433,0.5293161764705883,0.27296309798209584,0.12524305555555557,1.0,0.0,0.6036805555555556,0.0178125,0.08340277777777778,110,-0.0011050628792514672,0.031145833333333334,0.5678298611111111
TB0cXGvuw9A,0.5290089555691722,0.3369625606136271,0.19895254629629633,0.10748793484668673,0.2205902777777778,0.0,0.0,0.25255208333333334,0.012135416666666666,0.0,77,0.1227889557347343,0.2190798611111111,0.17366319444444445
PHvbLmLPX6s,0.6056513412854031,0.41055381227335797,0.33997385620915027,0.5267512666696249,0.16085069444444444,0.0,1.0,0.18317708333333332,0.06314236111111111,0.2092013888888889,38,0.20711576149111655,0.43578125,0.2195659722222222
tYQyh1tjSFc,0.36799247787309375,0.222955775010852,0.5125004765795207,0.21479891503772958,0.20741319444444445,0.0,0.0,0.39368055555555553,0.034409722222222223,0.00017361111111111112,170,0.0058349725046858425,0.0027604166666666667,0.08284722222222222
7DKv5H5Frt0,0.5467674229030501,0.2630006556083622,0.28010253267973856,0.2841090287642001,0.15942708333333333,0.0,0.0,0.2929340277777778,0.06727430555555555,0.14375,95,0.017801761715474207,0.10703125,0.05776041666666667
GpaNijzRaJI,0.41456891142429186,0.22562490875901958,0.3370817674291939,0.2239478497064359,0.14131944444444444,0.0,0.0,0.45321180555555557,0.050104166666666665,0.026145833333333333,267,-0.09683896955192667,0.05175347222222222,0.0037847222222222223
F0JDK_71yDg,0.5405140792619826,0.24707588094182611,0.36629799836601307,0.26228806247954345,0.3473263888888889,0.0,0.0,0.31732638888888887,0.04833333333333333,0.07102430555555556,294,0.03309767820263543,0.034583333333333334,0.013229166666666667
V2lEgMHF2Fo,0.38271711663943353,0.23088487803919694,0.318421568627451,0.15676637786046776,0.20151041666666666,0.0,0.0,0.29184027777777777,0.0010243055555555556,0.01921875,126,-0.010989318601807407,0.029427083333333333,0.04425347222222222
jUa2x_xpFuM,0.515995155691721,0.23873642742144813,0.28207502723311545,0.1442312056796083,0.1996527777777778,0.0,0.0,0.25850694444444444,0.0005208333333333333,0.0,147,-0.03731911942847238,0.14546875,0.004548611111111111
Mi_fYfpycT0,0.3878405311410675,0.23205879318399447,0.33868647875816993,0.2582107185398191,0.1254861111111111,0.0,0.0,0.2897222222222222,0.08036458333333334,0.0971875,302,0.06215739286988908,0.039496527777777776,0.017743055555555557
zKx1VJsLsfk,0.6664326499591502,0.23947900419109933,0.2868272739651416,0.27761453863772156,0.1685763888888889,0.0,1.0,0.351875,0.05862847222222222,0.05831597222222222,223,-0.07647516737450666,0.19666666666666666,0.008246527777777778
SzM1hpnXux4,0.5434804166666667,0.23977173987545852,0.5758028322440086,0.4193545668350828,0.24284722222222221,0.0,0.0,0.5927083333333333,0.11440972222222222,0.2238888888888889,413,-0.045551740049612266,0.005364583333333333,0.029496527777777778
cMYYcddinkE,0.507263177587146,0.2551860187116516,0.421062704248366,0.209383352386175,0.25979166666666664,0.0,0.0,0.28553819444444445,0.0010243055555555556,0.006788194444444445,284,0.22309911473847954,0.04904513888888889,0.008246527777777778
omYfLDlt-MA,0.5193157515250545,0.29485700702917267,0.24395200163398692,0.16852736149999165,0.29109375,0.0,0.0,0.33729166666666666,0.01234375,0.009340277777777777,219,0.013897819446797577,0.16618055555555555,0.011770833333333333
NxZOBBenmZM,0.5793055106345316,0.28503279380334884,0.20232305283224403,0.1643210175927501,0.08180555555555556,0.0,1.0,0.2978645833333333,0.010763888888888889,0.004131944444444444,92,0.20258012140927228,0.09305555555555556,0.01659722222222222
PTEkUe1k6gc,0.6811050925517429,0.15243312062385272,0.06963705065359478,0.061345120610575454,0.06293402777777778,0.0,1.0,0.023229166666666665,0.0036979166666666666,0.0,34,0.05648036361237019,0.02411458333333333,1.736111111111111e-05
Wp-TX1FoEN4,0.3790263410675382,0.25737228060233625,0.2791186002178649,0.2197486677111505,0.19371527777777778,0.0,0.0,0.18491319444444446,0.09840277777777778,0.05704861111111111,227,-0.04489775169391802,0.04331597222222222,0.10164930555555556
8IsbKH-EsAY,0.5275003343954248,0.24768168097827914,0.2647594635076253,0.2273234535323088,0.2113715277777778,0.0,0.0,0.25505208333333335,0.07314236111111111,0.06741319444444445,222,-0.056466169674170674,0.02046875,0.013472222222222222
Pwn8IrDeiwc,0.5361223559912853,0.19330115841412177,0.27145390795206975,0.19880014796952153,0.12279513888888889,0.0,0.0,0.13258680555555555,0.30868055555555557,0.0,122,0.010502768919883998,0.024635416666666667,0.008315972222222223
aZRXpmnys7I,0.6977279226034857,0.20958475508487437,0.18700108932461873,0.19796441487620225,0.1338888888888889,0.0,1.0,0.24664930555555556,0.0014756944444444444,0.020260416666666666,147,0.04495542524843543,0.06723958333333334,0.005607638888888889
YrZyJuaBfKA,0.522224875122549,0.2764545373558728,0.227057325708061,0.14997746293157815,0.29071180555555554,0.0,0.0,0.14352430555555556,0.026458333333333334,0.017604166666666667,153,-0.003910447695706698,0.11944444444444445,0.03546875
-v2ZhcJcnBE,0.629768418409586,0.2981702587553268,0.2912476171023965,0.2206675978606134,0.14725694444444445,0.0,1.0,0.20065972222222223,0.1357986111111111,0.03173611111111111,226,0.0507965393537968,0.1284722222222222,0.06322916666666667
blubg9l8AVc,0.4715508154275599,0.2257112829619911,0.34486798747276687,0.3027112350107959,0.2934027777777778,0.0,0.0,0.1571875,0.23602430555555556,0.12144097222222222,287,0.1386467602648339,0.021232638888888888,0.026961805555555555
WGia1R3xacM,0.385066760620915,0.20282312762465224,0.26804656862745097,0.14714456411662344,0.25359375,0.0,0.0,0.22220486111111112,0.045260416666666664,0.010503472222222223,170,0.00347787952234907,0.0090625,0.040625
hCZwH5CSlEY,0.41091728528050114,0.22277591690015575,0.3476715005446623,0.217206235075605,0.24409722222222222,0.0,0.0,0.1311284722222222,0.21197916666666666,0.0,307,-0.016090860776975968,0.0021527777777777778,0.013645833333333333
Ae9q7KsRbuI,0.5220776656590413,0.2334234417516955,0.4124626225490196,0.22204506944429017,0.31840277777777776,0.0,0.0,0.04170138888888889,0.4340625,0.0030381944444444445,286,0.03782263602420133,0.032239583333333335,0.012256944444444445
mG4SmhWyeFA,0.7778958270288671,0.25131444241561535,0.15850251906318086,0.1975478495981115,0.1545659722222222,0.0,1.0,0.025677083333333333,0.20526041666666667,0.008454861111111111,93,-0.04206274519830855,0.5123611111111112,0.008177083333333333
vO6SWG-jxvE,0.8665363706427016,0.2573868805781364,0.10709225217864923,0.20845865898608615,0.12465277777777778,0.0,1.0,0.0007118055555555556,0.12991319444444444,0.04536458333333333,49,-0.05764445932733486,0.7643923611111111,0.024722222222222222
bm1BjOjS7sQ,0.8250965705201525,0.2566737189527066,0.21422549019607842,0.32921973466721294,0.18107638888888888,0.0,1.0,0.04914930555555556,0.23369791666666667,0.17286458333333332,76,-0.12813815963379016,0.6682291666666667,0.009809027777777778
ppQh4Tc9BmM,0.8368012340413943,0.2337228826240731,0.08925919117647056,0.17003016862213202,0.16555555555555557,0.0,1.0,0.01859375,0.08722222222222223,0.03338541666666667,58,-0.04643619276301214,0.62578125,0.012638888888888889
dUmT0OIGoqE,0.8480717510212419,0.21155679840251,0.20545622276688452,0.265558644005173,0.1365625,0.0,1.0,0.10414930555555556,0.08491319444444445,0.07333333333333333,69,0.05185213004933942,0.7293055555555555,0.010972222222222222
Xj-QdEUxJkE,0.5952003920206971,0.4657008550026796,0.03244260620915033,0.11620164775135607,0.1021875,0.0,1.0,0.021684027777777778,0.02331597222222222,0.013975694444444445,8,-0.1837164937193359,0.5543576388888889,0.3660069444444444
qks6dGQFd_c,0.8066596592592593,0.29845341941446624,0.21952587145969502,0.27336637953762655,0.21309027777777778,0.0,1.0,0.07258680555555555,0.15671875,0.0609375,193,0.13034299766614454,0.6341145833333334,0.04352430555555555
l72ufA-4SzE,0.7943379723175381,0.23603379491352067,0.22173903867102399,0.28368185556159586,0.22756944444444444,0.0,1.0,0.22875,0.08991319444444444,0.043229166666666666,213,-0.18634312037853407,0.48454861111111114,0.011475694444444445
axOcn--n_lM,0.834977071337146,0.22907280504512675,0.1712263071895425,0.3265495939781595,0.0720486111111111,0.0,1.0,0.19713541666666667,0.0,0.1228298611111111,50,-0.1174315088642327,0.6818576388888888,0.00020833333333333335
0CqLVnx-2UM,0.8509545533632897,0.26708815178314477,0.1447494553376906,0.18641071125399344,0.13317708333333333,0.0,1.0,0.17135416666666667,0.026788194444444444,0.008940972222222222,195,-0.275930689567647,0.7419097222222222,0.015711805555555555
zJvN8PDX1is,0.14607383695533765,0.21248975891302463,0.39894744008714594,0.14054935516976927,0.2485763888888889,1.0,0.0,0.16182291666666668,0.11805555555555555,0.009774305555555555,111,0.03389302408193043,0.003958333333333334,0.6317881944444445
1yBU41auQhw,0.9104501453839869,0.2035564765902124,0.10482809095860567,0.2196414251105814,0.08310763888888889,0.0,1.0,0.059722222222222225,0.06484375,0.07664930555555556,34,-0.15172952686354058,0.8317708333333333,0.0
8B05cy3UuSE,0.5600517942129629,0.23396490362904815,0.17114583333333333,0.13537789923444352,0.1771875,0.0,0.0,0.03798611111111111,0.10210069444444445,0.008888888888888889,92,0.003333217016668222,0.06897569444444444,0.00012152777777777777
uO5cvkzh3P0,0.6393960436683006,0.23823942902571874,0.11146949891067538,0.15699596194620893,0.3553125,0.0,1.0,0.12777777777777777,0.00038194444444444446,0.017447916666666667,131,-0.13444972144369416,0.13932291666666666,0.009097222222222222
nD-Dco7xSSU,0.10826140249183006,0.13462099650146772,0.4116332380174292,0.17220564121355975,0.1684027777777778,1.0,0.0,0.6455381944444445,0.002170138888888889,0.00043402777777777775,16,0.018228895755226,0.005190972222222222,0.7515451388888889
y-FuqptTZow,0.15821786033496732,0.16239939385491467,0.63114345043573,0.19960676876264105,0.04618055555555556,1.0,0.0,0.8572048611111112,0.016909722222222222,0.0028125,35,0.24817757884531974,3.472222222222222e-05,0.4097048611111111
UZDiGooFs54,0.07303352374727669,0.14246428597532892,0.29926252723311547,0.05700909523727483,0.11260416666666667,1.0,0.0,0.017222222222222222,0.10003472222222222,0.0019097222222222222,2,0.0015499937218328708,0.0013368055555555555,0.9078645833333333
5eqRuVp65eY,0.07919305283224401,0.22259993795263838,0.2712393790849673,0.08844518928724232,0.16387152777777778,1.0,0.0,0.13149305555555554,0.08973958333333333,0.00022569444444444443,8,-0.0025567082304227967,0.02376736111111111,0.8710763888888889
W06g7gIfwRE,0.37498292625272334,0.2089245999525432,0.22045955882352944,0.1058607605712969,0.20185763888888889,0.0,0.0,0.12909722222222222,0.053350694444444444,0.0013541666666666667,61,-0.03691218204610164,3.472222222222222e-05,0.11206597222222223
f8CXG7dS-D0,0.3249623823393246,0.2579721254048988,0.6100811546840957,0.3142803134941404,0.05796875,1.0,0.0,0.8136284722222222,0.0661111111111111,0.07901041666666667,124,0.37364125785126256,0.008211805555555556,0.19520833333333334
kYkIdXwW2AE,0.1612172188453159,0.2503443139158971,0.21593028322440092,0.11387424765036448,0.11107638888888889,1.0,0.0,0.12428819444444444,0.053350694444444444,0.00010416666666666667,50,0.09289374393207195,0.03331597222222222,0.79078125
0VLAoVGf_74,0.1794128898965142,0.2496442658259329,0.5394633714596949,0.1921194443653695,0.17555555555555555,1.0,0.0,0.050138888888888886,0.6946527777777778,0.0013541666666666667,102,0.1933815247309919,0.023680555555555555,0.6567013888888888
uVKMY-WTrVo,0.07541869609204792,0.1629158259261751,0.28573713235294124,0.16307384326360638,0.12253472222222223,1.0,0.0,0.109375,0.10571180555555555,0.016006944444444445,154,0.04935539868474282,0.004288194444444444,0.7846006944444445
D8GOeCFFby4,0.07026569843409586,0.1643790359725908,0.6375554874727668,0.05143878843282424,0.23868055555555556,1.0,0.0,0.10828125,0.2378125,0.0,21,0.014151410348257329,0.009548611111111112,0.83625
l-9ALe3U-Fg,0.1860444316312636,0.22810896126997798,0.48329227941176467,0.1299187184745935,0.18098958333333334,1.0,0.0,0.7011979166666666,0.03,0.00010416666666666667,98,0.24415720073845867,0.003003472222222222,0.5644791666666666
NrO20Jb-hy0,0.3363300331018519,0.2932788777755935,0.6713067129629631,0.4532123972434514,0.1234548611111111,0.0,0.0,0.10605902777777777,0.15248263888888888,0.22854166666666667,97,0.06995542578051606,0.009496527777777777,0.41434027777777777
0fgbMTC30F8,0.09201452559912854,0.21035850572001039,0.36033183551198256,0.09358643114201974,0.11491319444444445,1.0,0.0,0.03380208333333334,0.7351736111111111,0.007118055555555555,4,0.05631417468149118,0.03357638888888889,0.8862673611111112
OjIwCOevUew,0.20862342045206975,0.1933203277459982,0.36446248638344225,0.08569657163620958,0.17262152777777778,1.0,0.0,0.17319444444444446,0.37895833333333334,0.0,37,0.1285944656800317,0.014930555555555556,0.14032986111111112
qx7hirqgfuU,0.09787238061002176,0.19724939181146553,0.4349476443355119,0.19827930744897052,0.1710590277777778,1.0,0.0,0.13559027777777777,0.09572916666666667,0.012256944444444445,29,-0.023821211882186194,0.007725694444444445,0.7617708333333333
hBkmyJ3TE0g,0.05150080285947712,0.20157713800253815,0.05546820533769063,0.0327736738346573,0.11220486111111111,1.0,0.0,0.023333333333333334,0.018784722222222223,0.0,1,0.02145413905859763,0.02982638888888889,0.9330729166666667
z64a7USuGX0,0.2287403102396514,0.2605950109755634,0.4334198665577342,0.1607163639935388,0.14987847222222223,1.0,0.0,0.53734375,0.17225694444444445,0.009114583333333334,143,-0.07744289600609144,0.03109375,0.39557291666666666
UGO_Ehywuxc,0.23670696169662306,0.279207213401556,0.6412340686274509,0.27471973057286836,0.2090972222222222,1.0,0.0,0.07206597222222222,0.5479340277777778,0.008611111111111111,138,0.15686675549109125,0.004670138888888889,0.5872395833333334
2hcsmtkSzIw,0.16985616658496727,0.17547208839302295,0.08603254357298475,0.05976767464120855,0.3703125,1.0,0.0,0.038489583333333334,0.008472222222222223,0.00012152777777777777,9,0.040308448448303114,0.01421875,0.4602777777777778
A9WY_HZUK8Q,0.2841719967456427,0.25489621703547233,0.45472385620915035,0.1896397774003159,0.07288194444444444,1.0,0.0,0.7743229166666666,0.006111111111111111,0.0029340277777777776,71,0.3020602386667789,0.002673611111111111,0.35640625
Phscjl0u6TI,0.06245287075163399,0.16615878011665036,0.24997004357298475,0.058648992684526724,0.18659722222222222,1.0,0.0,0.1823611111111111,0.049305555555555554,0.0013715277777777777,4,0.025803285206353145,0.00012152777777777777,0.8356770833333333
VkHfRKewkWw,0.19088831023965136,0.23384552047180016,0.4622640931372549,0.12734850950405902,0.4625,1.0,0.0,0.13821180555555557,0.35725694444444445,0.0015277777777777779,119,0.021682367573585604,0.0004166666666666667,0.5501215277777778
v_jDvpEGTIg,0.16455662862200432,0.25360163101032884,0.232593954248366,0.11643614071587502,0.12085069444444445,1.0,0.0,0.14326388888888889,0.06144097222222222,0.00010416666666666667,57,0.08790023398562194,0.03340277777777778,0.7816145833333333
2mrGMMmrVNE,0.08012283443627449,0.18417510661661787,0.49339147603485844,0.16480317545870443,0.13989583333333333,1.0,0.0,0.24232638888888888,0.12473958333333333,0.021996527777777778,46,0.03929050866791982,0.006822916666666666,0.8331770833333333
NUAb6zHXqdI,0.15332112250816995,0.1935904028765117,0.8761412717864925,0.21550414390614392,0.07628472222222223,1.0,0.0,0.9363715277777778,0.0059375,0.0010416666666666667,33,0.2396569493758906,0.0,0.5152083333333334
MprJN5teQxc,0.07249348736383442,0.18246691030294704,0.27365781590413946,0.07067398379248638,0.1984375,1.0,0.0,0.20692708333333334,0.05524305555555555,0.00140625,7,0.05610768425990275,0.00012152777777777777,0.8222743055555556
3VoD3Lnv8YY,0.3606397718273421,0.22945397877533624,0.4708596132897603,0.20127156343786837,0.15993055555555555,0.0,0.0,0.6581423611111111,0.016354166666666666,0.015989583333333335,139,-0.008892164461317298,0.004201388888888889,0.1293402777777778
BptsHHD5yDg,0.18717296940359474,0.18715085710669557,0.5633516476034858,0.27892096352559415,0.09994791666666666,1.0,0.0,0.7260763888888889,0.02732638888888889,0.07578125,92,0.19015599284169082,0.0033159722222222223,0.3884201388888889
DIAKL0s4Mzs,0.6943585260348583,0.33148099688584426,0.18229432189542485,0.1169876438009857,0.15779513888888888,0.0,1.0,0.009583333333333333,0.3873263888888889,0.0,31,0.14286645662505693,0.5088541666666667,0.042673611111111114
gokC5fXEM00,0.38804889056372555,0.30392772261850215,0.5247264433551198,0.33986581760232437,0.24234375,0.0,0.0,0.21961805555555555,0.3854166666666667,0.09862847222222222,452,0.10412771319471575,0.021979166666666668,0.17880208333333333
aaQWgd3guy8,0.4762112598583878,0.25595363993461645,0.6942052015250545,0.5375985904550697,0.26284722222222223,0.0,0.0,0.05340277777777778,0.7208506944444445,0.5298090277777778,241,0.008676083712993055,0.09222222222222222,0.08822916666666666
2iHPVsyv4GU,0.4198921240876906,0.2640162481839275,0.647965005446623,0.3647310527161033,0.27536458333333336,0.0,0.0,0.22711805555555556,0.5203125,0.04446180555555555,374,-0.053880963503495416,0.037586805555555554,0.09336805555555555
hIOW2HKgzPk,0.28428325272331156,0.25563797855721787,0.8355025871459698,0.5176920413231341,0.2728993055555556,1.0,0.0,0.83546875,0.027430555555555555,0.47039930555555554,114,-0.019423901307304814,0.06118055555555556,0.08217013888888888
3_V6HJNDjDs,0.39797476398420484,0.330168544994053,0.3838769744008714,0.17760056226451684,0.23947916666666666,0.0,0.0,0.08024305555555555,0.41864583333333333,0.03131944444444444,98,0.12370512893024133,0.09831597222222223,0.24340277777777777
EpzzTNhKXAg,0.4872415336601306,0.2870352443051772,0.2580763888888889,0.187969865537396,0.4961111111111111,0.0,0.0,0.18598958333333335,0.042916666666666665,0.03666666666666667,163,0.08309537557938201,0.089375,0.11595486111111111
5qjvluMnyAw,0.4221469716911765,0.29641515888610603,0.307812704248366,0.17391520749868594,0.19385416666666666,0.0,0.0,0.27664930555555556,0.025746527777777778,0.028333333333333332,89,-0.16510514325377484,0.03331597222222222,0.15361111111111111
624QcAMbLxI,0.4899931475898692,0.26680271248233434,0.36263807189542485,0.20533709524632687,0.41977430555555556,0.0,0.0,0.17963541666666666,0.18557291666666667,0.027135416666666665,171,0.08266926340948805,0.03732638888888889,0.06598958333333334
dXC_IPcDW_A,0.29883539421296296,0.276292011788072,0.56578022875817,0.20747007860727879,0.13364583333333332,1.0,0.0,0.6561979166666667,0.031684027777777776,0.03501736111111111,110,0.050469355712605746,0.054010416666666665,0.18631944444444445
uBpgTgFF1ek,0.355289026443355,0.23605944882203567,0.625560185185185,0.27353467618020627,0.3221875,0.0,0.0,0.5919444444444445,0.029184027777777777,0.036006944444444446,163,-0.011652162727541271,0.06258680555555556,0.11361111111111111
GREaEG_0Xcw,0.43799739241557734,0.26360616490254996,0.32715754357298477,0.2943981599679847,0.23142361111111112,0.0,0.0,0.2724652777777778,0.10432291666666667,0.0732986111111111,201,-0.04197804344428652,0.020920138888888887,0.056475694444444446
WGhy62UZnbg,0.4058845014978213,0.1921255925379324,0.7315605936819173,0.46799295478594716,0.12756944444444446,0.0,0.0,0.8625347222222223,0.010659722222222221,0.7383680555555555,106,-0.03305613335669105,0.04684027777777778,0.017065972222222222
7NBa5o--y3k,0.5013063151279956,0.22557973279084098,0.5500458877995643,0.36231904260314335,0.2565104166666667,0.0,0.0,0.0471875,0.72546875,0.21774305555555556,165,-0.006878946141916031,0.0692013888888889,0.05765625
XcbAhYQ49_U,0.345077751293573,0.32282302606612273,0.671428989651416,0.36057086018362383,0.26536458333333335,1.0,0.0,0.08472222222222223,0.661875,0.13916666666666666,415,-0.011143227833463776,0.09854166666666667,0.28664930555555557
uEVv8SOJ6Is,0.3590987104847494,0.2820440737020578,0.38114535675381267,0.30518632511443283,0.2401736111111111,0.0,0.0,0.36645833333333333,0.11282986111111111,0.0921875,183,0.05913131416460077,0.08012152777777778,0.11965277777777777
2NK0wBBZZ24,0.6327246536900871,0.1828717180785126,0.27366843681917213,0.2715848906330047,0.168125,0.0,1.0,0.23015625,0.038663194444444444,0.08394097222222222,244,0.024584435734841814,0.011267361111111112,0.005659722222222222
coEQlXTXh-c,0.39361370992647043,0.2424216493258445,0.2728999183006535,0.19236567103583632,0.41086805555555556,0.0,0.0,0.08927083333333333,0.19821180555555556,0.02998263888888889,121,0.0032617793540425377,0.006388888888888889,0.05210069444444444
GeYvNkaLAqA,0.507331805759804,0.3094955262315382,0.2720065359477124,0.18545875841864537,0.33852430555555557,0.0,0.0,0.18803819444444445,0.11315972222222222,0.028125,162,0.023870601329855745,0.09989583333333334,0.11076388888888888
EBChGfYdkh0,0.5180061240196079,0.20528850735681142,0.21196813725490193,0.1471430694236812,0.18284722222222222,0.0,0.0,0.0821875,0.12890625,0.005364583333333333,87,0.05782540794294566,5.208333333333334e-05,0.03774305555555556
VuliaG_-uao,0.5729936404139433,0.3122307540657182,0.45966904956427024,0.3061392397542798,0.37050347222222224,0.0,1.0,0.059166666666666666,0.51640625,0.06380208333333333,175,0.059879943904488364,0.06979166666666667,0.1140625
ABRjwGo6Usg,0.5071876510620915,0.2297888876405946,0.5556200299564269,0.44004910895997196,0.18138888888888888,0.0,0.0,0.5561805555555556,0.17451388888888889,0.22956597222222222,364,-0.01905589903837468,0.02625,0.074375
DPeRd48YfqY,0.44533752708333324,0.31395139631399543,0.45617081971677564,0.3523361023780407,0.33911458333333333,0.0,0.0,0.3678298611111111,0.1921875,0.15336805555555555,375,0.01156418038762358,0.1387326388888889,0.1506597222222222
aRUhgrqnpGY,0.4680447767973856,0.29327468547432234,0.37967374727668846,0.2606187053115331,0.3306076388888889,0.0,0.0,0.20756944444444445,0.16142361111111111,0.05060763888888889,472,0.06340759296946696,0.11190972222222222,0.11307291666666666
fiG1MZATT3M,0.5588660352396514,0.3297584204362883,0.4381656454248365,0.3511213778755321,0.31493055555555555,0.0,0.0,0.3203472222222222,0.2285763888888889,0.10604166666666667,404,0.053951820263551054,0.18894097222222223,0.09458333333333334
dzmoALgtB1Q,0.5422829396650327,0.268843134452884,0.5059537037037037,0.36695212257922466,0.28571180555555553,0.0,0.0,0.48206597222222225,0.1809375,0.07847222222222222,395,-0.04397422164941933,0.10152777777777777,0.07918402777777778
8JqxcibEnjg,0.5679452649645969,0.273351352950074,0.31425034041394334,0.2133331364019483,0.2205902777777778,0.0,0.0,0.34923611111111114,0.028211805555555556,0.03074652777777778,142,0.12640026450860908,0.11444444444444445,0.08505208333333333
LU58bHm7GlE,0.46984204660947715,0.34694408941360133,0.49579908769063175,0.330026171605797,0.2950520833333333,0.0,0.0,0.18383680555555557,0.4124479166666667,0.10628472222222222,428,0.046836052991772126,0.1712326388888889,0.16460069444444445
bAWV_yrqx4w,0.868382025708061,0.23899601935521445,0.030026279956427013,0.05566346224551841,0.1661111111111111,0.0,1.0,0.006267361111111111,0.016875,0.0016666666666666668,9,0.014492223492300615,0.64625,0.03947916666666667
hkAH7-u7t5k,0.3979749188589325,0.24379913906436904,0.24892946623093684,0.12098014089700856,0.21291666666666667,0.0,0.0,0.090625,0.14649305555555556,0.0,125,-0.04570003466514838,0.022604166666666668,0.08652777777777777
jE9jAZC42NE,0.860653441380719,0.2611846143905773,0.03408918845315904,0.07171210177513446,0.33684027777777775,0.0,1.0,0.012482638888888889,0.0034027777777777776,0.004253472222222222,17,0.008141639294288128,0.7243402777777778,0.04649305555555556
r_UBBfTPcF0,0.8607776061002178,0.23732064981387055,0.13203050108932463,0.24723328257468966,0.16039930555555557,0.0,1.0,0.08737847222222223,0.024826388888888887,0.0453125,84,0.00258909599080126,0.6602430555555555,0.011944444444444445
mU3g2YPKlsA,0.8793378611383441,0.24625735215869174,0.036001021241830064,0.04112205520521166,0.22789930555555554,0.0,1.0,0.01659722222222222,0.0060416666666666665,0.00010416666666666667,17,0.057032332481620096,0.7518055555555555,0.052395833333333336
loaTGpqfctI,0.7511948811819172,0.362068300616932,0.08405078976034858,0.09062241096875655,0.26262152777777775,0.0,1.0,0.044270833333333336,0.018159722222222223,0.0,64,0.15530774982068685,0.5826041666666667,0.15944444444444444
0OaEv1a5jUM,0.629120074782135,0.40207724166856984,0.14601906318082788,0.1588636231659089,0.28998263888888887,0.0,1.0,0.10732638888888889,0.020590277777777777,0.016145833333333335,76,0.04540900097695366,0.35704861111111114,0.24546875
no7EQkOiHQM,0.8449208998366013,0.24405514425348088,0.16298556644880172,0.2802871073059478,0.21449652777777778,0.0,1.0,0.15289930555555556,0.007899305555555555,0.053072916666666664,168,0.04859475740696573,0.618125,0.009253472222222222
GtveKYXYo_0,0.17974595437091503,0.31132408474060436,0.26025646786492374,0.21936618308541464,0.13104166666666667,1.0,0.0,0.15296875,0.04920138888888889,0.04420138888888889,62,0.03004998177210888,0.012569444444444444,0.7259027777777778
3a0_hAiFKag,0.5400841340277777,0.44300348179390325,0.09327301198257079,0.09581790975452488,0.23331597222222222,0.0,1.0,0.05736111111111111,0.020121527777777776,0.004548611111111111,60,-0.01479906704138978,0.3857465277777778,0.37710069444444444
zKohTkN0Fyk,0.9031795970724401,0.21130880001639196,0.04913807189542483,0.11427337365732831,0.18916666666666668,0.0,1.0,0.044305555555555556,0.00036458333333333335,0.012708333333333334,39,0.06818802741118002,0.8013020833333333,0.00796875
B45FlSQ8ITo,0.6346589062227669,0.40646003004360015,0.2195261437908497,0.19816605578212365,0.32829861111111114,0.0,1.0,0.14416666666666667,0.03720486111111111,0.029357638888888888,80,0.10866406208055446,0.4353472222222222,0.2329513888888889
hpC4qjWu_aY,0.3835567060457517,0.319935403928818,0.11067109204793028,0.04537803415633604,0.22774305555555555,0.0,0.0,0.007934027777777778,0.020104166666666666,0.0,40,0.019903236165807803,0.1247048611111111,0.07149305555555556
5bPBbQyLI7E,0.24812811169662313,0.25342536013950684,0.4968882080610022,0.25064663399227144,0.22993055555555555,1.0,0.0,0.5006597222222222,0.06567708333333333,0.04722222222222222,184,0.10689816187505977,0.017013888888888887,0.35913194444444446
RAEy3JZmIaA,0.9186551681781046,0.22606579546207456,0.03535443899782135,0.057665609596057994,0.1102951388888889,0.0,1.0,0.006927083333333334,0.020086805555555556,0.0013020833333333333,14,0.04423296484041994,0.87078125,0.022916666666666665
AfAmwIP2ntY,0.818519221582244,0.2702326378584554,0.1143609068627451,0.2594351647886666,0.39925347222222224,0.0,1.0,0.004774305555555556,0.0055381944444444445,0.06769097222222223,66,0.004098378568253569,0.6040277777777778,0.05255208333333333
tRavLU8Ih4A,0.19337120285947712,0.32772252544934666,0.3070578022875816,0.13691431366370474,0.13767361111111112,1.0,0.0,0.11592013888888889,0.10418402777777777,0.010190972222222223,67,0.23682774207881785,0.025625,0.7275520833333333
52kMBrAI_IM,0.782663272875817,0.32520749414876693,0.1034121051198257,0.15021361462204746,0.24633680555555557,0.0,1.0,0.07208333333333333,0.04512152777777778,0.010850694444444444,128,0.016404685213806225,0.5460416666666666,0.10571180555555555
v67plFw1nMw,0.9147778610021785,0.21795295685013977,0.06279636437908497,0.0806253658782173,0.12545138888888888,0.0,1.0,0.0515625,0.014305555555555556,6.944444444444444e-05,38,0.05334231411043244,0.8472569444444444,0.02279513888888889
taCVT5vDAk0,0.8817744959694989,0.27080031852315595,0.02808748638344226,0.06570428261973131,0.1746875,0.0,1.0,0.004565972222222222,5.208333333333334e-05,0.0,27,0.0818303215910633,0.7689583333333333,0.07503472222222222
Nao16-6l6dQ,0.9094600552015251,0.24441582770579023,0.04794424019607843,0.08295766419543005,0.109375,0.0,1.0,0.03637152777777778,0.003107638888888889,0.0015625,15,0.07796110057245731,0.8624305555555556,0.05081597222222222
Bs6eyNQjGpo,0.8821353780092592,0.2389690274723514,0.04201688453159041,0.11218690032125864,0.2791840277777778,0.0,1.0,0.00920138888888889,0.001388888888888889,0.01265625,17,0.015046735958930246,0.7431076388888889,0.045625
gfU5y7qCxF0,0.8706917395424835,0.2447408246748667,0.09027389705882354,0.18626440544654638,0.28520833333333334,0.0,1.0,0.06229166666666667,0.00045138888888888887,0.027899305555555556,101,-0.033210309461930154,0.7370659722222223,0.025243055555555557
WwbukAcMM4k,0.9132181514161221,0.19135711620415966,0.04875919117647059,0.09863629037054113,0.2496701388888889,0.0,1.0,0.042569444444444444,0.009583333333333333,0.002361111111111111,43,0.01660604380579389,0.7803645833333334,0.010642361111111111
V71AJoYAtBQ,0.8983517779139432,0.17891871255705505,0.04591598583877995,0.08150814701001921,0.17305555555555555,0.0,1.0,0.032239583333333335,0.0010416666666666667,0.003767361111111111,25,0.05486159861221074,0.7577777777777778,0.009236111111111112
-r0XPC7TLzY,0.9075994809912853,0.22770422418935077,0.05388882080610021,0.11310604126995563,0.18086805555555555,0.0,1.0,0.026770833333333334,0.006284722222222222,0.010121527777777778,32,0.031063472703111605,0.8350347222222222,0.03203125
xHi8PUIVyoo,0.517593614038671,0.22352865834821312,0.5599541802832243,0.4033647716443181,0.10894097222222222,0.0,0.0,0.062065972222222224,0.021545138888888888,0.33144097222222224,117,-0.1719897823751848,0.017239583333333332,0.031875
0bpYCxv2qhw,0.7011710869689541,0.4297855988419219,0.025692197712418298,0.032391439921804384,0.13045138888888888,0.0,1.0,0.014288194444444444,0.00390625,0.0,8,0.14908799103223247,0.6272743055555555,0.24447916666666666
R3nQ7pGXJcA,0.23776185480664486,0.34658730226226125,0.22447971132897607,0.16261534344374648,0.24458333333333335,1.0,0.0,0.14321180555555554,0.03215277777777778,0.01529513888888889,32,-0.15076486484614415,0.11276041666666667,0.5821527777777777
Dr6jw-WAd9E,0.3096633038671024,0.18766576726642592,0.5198561410675381,0.19685632084590463,0.13494791666666667,0.0,0.0,0.14885416666666668,0.04810763888888889,0.009184027777777777,81,0.05653391972536187,0.0014756944444444444,0.1800173611111111
QFK25a7xkxs,0.1562375243327887,0.31028737404646395,0.10976123366013071,0.13131353252119418,0.22453125,1.0,0.0,0.061753472222222223,0.03078125,0.02246527777777778,9,0.09675765560630492,0.07409722222222222,0.7572569444444445
rNtoDOtmoHQ,0.2838268495915033,0.38163216030214536,0.4631679602396515,0.394954101428071,0.16947916666666665,1.0,0.0,0.3462673611111111,0.08003472222222222,0.24953125,17,0.0704767449412963,0.004131944444444444,0.6369965277777778
hhCOCRwKZXY,0.07739840525599129,0.1936043610043665,0.18676960784313723,0.10290436664115822,0.1521701388888889,1.0,0.0,0.09052083333333333,0.058576388888888886,0.0004861111111111111,24,-0.044983693171964996,0.008993055555555556,0.8479340277777778
2m4zJh-M5FE,0.07633919434912853,0.19205549068507444,0.19447773692810452,0.10135878950765584,0.15008680555555556,1.0,0.0,0.08831597222222222,0.062413194444444445,0.0004861111111111111,22,-0.042327145965273004,0.008958333333333334,0.8499652777777778
dlWZA96p6rs,0.27874767841775594,0.3785590553276005,0.4943416394335512,0.3895822835628212,0.175,1.0,0.0,0.36352430555555554,0.07751736111111111,0.24203125,20,0.06874644618974574,0.004427083333333333,0.6360416666666666
yThqSL6rPus,0.08138858544389979,0.19849949363915909,0.21088310185185183,0.10717675804277169,0.16303819444444445,1.0,0.0,0.09628472222222222,0.06364583333333333,0.0008506944444444444,29,-0.03351489532034134,0.009184027777777777,0.8412673611111111
eGcpu7yhkew,0.175629640209695,0.1332023368050532,0.4390416666666667,0.058533182574058484,0.09192708333333334,1.0,0.0,0.030069444444444444,0.5389583333333333,0.0,22,0.08846556217448484,0.0026215277777777777,0.2659548611111111
bADNpBKn1Zg,0.08577647918028322,0.2039705342027278,0.2504130582788671,0.11295376126727555,0.17282986111111112,1.0,0.0,0.10501736111111111,0.08220486111111111,0.0015104166666666666,34,-0.046426806230452755,0.00951388888888889,0.8340798611111111
FL_AIaGNdgk,0.15994387092864926,0.21590837843753305,0.1607619825708061,0.10391186210639751,0.12475694444444445,1.0,0.0,0.020260416666666666,0.09428819444444445,0.0067708333333333336,44,0.011636108668534512,0.00203125,0.5605208333333334
TDt-cMYiWKA,0.08085758154956427,0.19977259197019084,0.2363044662309368,0.11059024165127333,0.16296875,1.0,0.0,0.09763888888888889,0.07848958333333333,0.0022916666666666667,23,-0.04338985210348564,0.009496527777777777,0.8453298611111111
4S4t-ctD9G0,0.5816911445397603,0.296779625164458,0.2318376225490196,0.1404424948561719,0.16675347222222223,0.0,1.0,0.03581597222222222,0.010260416666666666,0.0,86,0.09786177492298276,0.03477430555555556,0.07770833333333334
R74kx7GKEbs,0.3083259084831155,0.36486554902784935,0.6201465822440086,0.4010479596189056,0.24263888888888888,1.0,0.0,0.33197916666666666,0.30918402777777776,0.23043402777777777,55,0.09746648126941754,0.011944444444444445,0.5177604166666666
l1_6gGAPN10,0.2557212876089325,0.32907485306077117,0.5442921432461874,0.33325189782371295,0.25100694444444444,1.0,0.0,0.2653125,0.3601736111111111,0.1525173611111111,77,0.0557011043127727,0.013368055555555555,0.5003298611111111
GZnuXGBxJv8,0.4028261173883442,0.2626360842457978,0.2775756399782135,0.1380820826962241,0.0565625,0.0,0.0,0.3762847222222222,0.08668402777777778,0.0,90,0.07587763367689987,0.0008506944444444444,0.04777777777777778
oB_X5MEr4Rw,0.3612526093545751,0.26962624322784395,0.29683251633986923,0.11381308157079648,0.4061458333333333,0.0,0.0,0.2974826388888889,0.016614583333333332,0.0,105,0.01901770589003632,0.01564236111111111,0.20567708333333334
g-GRGVMzfVo,0.5236278400190632,0.2868302982982198,0.037487268518518524,0.01707379472374381,0.05340277777777778,0.0,1.0,0.007135416666666667,0.0006076388888888889,0.0,13,-0.023501269726072582,0.0,0.12994791666666666
5j6WXmQb1Ak,0.2657396864379085,0.19822570475725104,0.09223304738562091,0.03747336822128037,0.07241319444444444,1.0,0.0,0.027065972222222224,1.736111111111111e-05,0.0,22,0.02116249594754338,0.03314236111111111,0.04387152777777778
lnrUrZbUgs4,0.6887198670751633,0.20021905484341043,0.05950674019607842,0.07392333094680045,0.06590277777777778,0.0,1.0,0.002777777777777778,0.018680555555555554,0.006145833333333333,24,0.08213478536636154,0.01857638888888889,0.027604166666666666
QyGu-SqotHA,0.24061222002995644,0.2377570358850801,0.44102668845315907,0.0870055515044383,0.12092013888888889,1.0,0.0,0.005399305555555556,0.7539930555555555,0.0,34,-0.05127899230730518,0.062170138888888886,0.15385416666666665
XMIKUxkeTlo,0.6264907344226579,0.22520846830958866,0.0994264705882353,0.0883287909007832,0.07487847222222223,0.0,1.0,0.1335763888888889,0.0023263888888888887,0.0,46,-0.2111411911337312,6.944444444444444e-05,0.01765625
C4nWewXds5g,0.6023419065631808,0.22590995984802872,0.09073372821350764,0.11341219624683328,0.06736111111111111,0.0,0.0,0.14411458333333332,0.0009895833333333334,0.0,47,-0.15208315898146318,0.007309027777777778,0.02638888888888889
V4z7oYtNFQY,0.3014853814814814,0.2988115921706467,0.13253397331154684,0.05704950460515877,0.12324652777777778,1.0,0.0,0.07972222222222222,0.02753472222222222,0.0,36,-0.0035728068800904844,0.0074131944444444445,0.2980902777777778
ZQxne-Z30MA,0.2384588845043573,0.2466530790904068,0.19303342864923745,0.07055098257283504,0.046232638888888886,1.0,0.0,0.06368055555555556,0.07767361111111111,0.0003125,24,-0.06714914580660925,0.0018402777777777777,0.37171875
YeuKWihc83Q,0.30934337020697167,0.262355112926915,0.4817132352941177,0.2622665726618288,0.15241319444444446,1.0,0.0,0.3936631944444444,0.3501736111111111,0.021440972222222222,159,-0.044873111766511486,0.07013888888888889,0.12199652777777778
TmbKfk_V2Pg,0.23021487572167754,0.24335239742222725,0.5083362608932462,0.21872296979683614,0.2062673611111111,1.0,0.0,0.1943923611111111,0.5810590277777777,0.021805555555555557,176,-0.020520404423145816,0.03121527777777778,0.3542534722222222
MC9t6YEpCVI,0.4736930142020698,0.2545572479838199,0.36217578976034853,0.226632885836904,0.21800347222222222,0.0,0.0,0.27295138888888887,0.2362326388888889,0.01640625,261,0.01794247155135892,0.04269097222222222,0.11796875
s4m4XfHibRI,0.21205931128812638,0.24257599536539942,0.541677559912854,0.2235610866760042,0.10152777777777777,1.0,0.0,0.5379340277777778,0.28619791666666666,0.034131944444444444,122,0.01902718041720497,0.04241319444444445,0.3635069444444444
JIZ7jnvAkkM,0.30896389907407407,0.24538659154395348,0.699018858932462,0.2630084992714497,0.20741319444444445,1.0,0.0,0.8335763888888889,0.05696180555555556,0.043333333333333335,159,0.03168100070956892,0.058541666666666665,0.05796875
ChtxaFGdCx4,0.27546089889705877,0.2620583128026473,0.6554330065359477,0.27598070534893615,0.1624826388888889,1.0,0.0,0.23987847222222222,0.6317881944444445,0.029965277777777778,185,-0.013846382506802701,0.05982638888888889,0.13899305555555555
bYrO9GdZbLw,0.49077032362472767,0.2783907500320811,0.40659729030501085,0.3021655776529676,0.1712673611111111,0.0,0.0,0.39263888888888887,0.07743055555555556,0.028958333333333332,212,-0.06245940591028243,0.06805555555555555,0.05588541666666667
O8lQbMzQ4Ao,0.34653496544117646,0.2793111014576204,0.48410287309368194,0.28822669410479573,0.16645833333333335,1.0,0.0,0.48494791666666665,0.21805555555555556,0.04145833333333333,208,-0.012785961448934291,0.04362847222222222,0.04479166666666667
zMOVP0pa5kE,0.4121061200571896,0.31736378384317904,0.47059688180827886,0.2556384714194145,0.52375,0.0,0.0,0.37157986111111113,0.14899305555555556,0.045538194444444444,342,-0.026587233100485608,0.05246527777777778,0.22522569444444446
K9ClM5eCwP0,0.3828484206290849,0.3077830366150461,0.6441514161220043,0.41188935370028745,0.31666666666666665,0.0,0.0,0.5711458333333334,0.1846701388888889,0.15237847222222223,377,0.02048262709408305,0.06144097222222222,0.1398090277777778
pNRhEbC7A2I,0.4004424729302832,0.3185324630967583,0.5579563589324619,0.4001306438249447,0.3630902777777778,0.0,0.0,0.29387152777777775,0.3609027777777778,0.17739583333333334,463,0.08424353707372562,0.07137152777777778,0.19126736111111112
Lf726TFVq_4,0.45090765351307194,0.28937079352173767,0.6085061955337691,0.4388155772451875,0.42149305555555555,0.0,0.0,0.4871875,0.20574652777777777,0.20873263888888888,489,0.03011420934856035,0.041041666666666664,0.1195486111111111
HXBvf0Ne5cM,0.4327729337554466,0.3006168240740358,0.49593069172113285,0.327610209953292,0.42086805555555556,0.0,0.0,0.44078125,0.23590277777777777,0.08605902777777778,380,-0.012430894942314308,0.05597222222222222,0.13088541666666667
Bp-5BhkXzTA,0.20307733280228754,0.22503625131596408,0.5031377995642702,0.26260464323930616,0.2301388888888889,1.0,0.0,0.3484201388888889,0.2934201388888889,0.05866319444444444,118,-0.06927487432832025,0.0007465277777777778,0.4762152777777778
Gwhm87Epldk,0.5644601413807189,0.323273318192835,0.28790618191721123,0.1767731194867719,0.2941666666666667,0.0,0.0,0.34144097222222225,0.004965277777777778,0.01581597222222222,125,0.13017176992334578,0.16789930555555554,0.10703125
a0rvCbzK0Pc,0.5708645610566448,0.2978094822203811,0.3549225217864924,0.2641362312311355,0.56375,0.0,0.0,0.33260416666666665,0.10088541666666667,0.036493055555555556,308,0.02140269053307553,0.1359548611111111,0.06243055555555556
HtwReOOko5M,0.18694523838507623,0.26447904401898775,0.5439863153594772,0.17135870884049015,0.33651041666666665,1.0,0.0,0.6078645833333334,0.030694444444444444,0.030833333333333334,61,-0.012759923930143385,0.03467013888888889,0.57375
6hzx6u-A_fo,0.35825846843681924,0.3049029977238582,0.48836492374727664,0.25165085968300743,0.40166666666666667,0.0,0.0,0.3648263888888889,0.0896875,0.048802083333333336,305,0.047464066538122185,0.06265625,0.2245138888888889
8rx6ZhEbpk4,0.30626926619008715,0.32450409200533153,0.531120846949891,0.3067247153247868,0.3414583333333333,1.0,0.0,0.376875,0.23371527777777779,0.08822916666666666,393,-0.027900946649025427,0.08298611111111111,0.37201388888888887
47n6u_jMqp8,0.3241037221269063,0.2885663492361844,0.48356631263616556,0.30292646016020647,0.42381944444444447,1.0,0.0,0.48692708333333334,0.033715277777777775,0.09607638888888889,204,-0.04886161908060316,0.029027777777777777,0.276875
xf0kaGvIVf8,0.432335299537037,0.35807208048129086,0.4556170343137255,0.31442663344158234,0.29859375,0.0,0.0,0.2969097222222222,0.17949652777777778,0.10451388888888889,253,0.08788665640384952,0.09848958333333334,0.2948090277777778
rwNMjgSPU1g,0.40050196032135077,0.29906541847834356,0.5204543164488017,0.3331794609985119,0.4482465277777778,0.0,0.0,0.3459201388888889,0.20229166666666668,0.10585069444444445,385,-0.03697696528029887,0.04434027777777778,0.17597222222222222
2yvw6WaPFDw,0.26003225697167753,0.3270209807549835,0.6008430010893246,0.321046883088953,0.33788194444444447,1.0,0.0,0.37083333333333335,0.27012152777777776,0.0973611111111111,196,0.04986770883165459,0.08095486111111111,0.47822916666666665
82AlKWPDEE0,0.2884832028594772,0.32226706932661103,0.6834141476034858,0.33069238391335515,0.3219270833333333,1.0,0.0,0.1759375,0.576875,0.07439236111111111,250,-0.07680631071203137,0.08986111111111111,0.3468576388888889
vWPs7LPZmag,0.304591587962963,0.2709709832411434,0.42692960239651406,0.24021763830511206,0.471875,1.0,0.0,0.39265625,0.08678819444444444,0.05310763888888889,202,-0.023723903274274316,0.027065972222222224,0.26098958333333333
c8dJM8qAvCg,0.2914662029684096,0.315824639497956,0.5774980255991284,0.24700076317908962,0.3253298611111111,1.0,0.0,0.21069444444444443,0.5190972222222222,0.04970486111111111,237,0.007679469987003418,0.07930555555555556,0.37453125
agGoZqM6nak,0.3662383606617647,0.2953665106278185,0.4839392020697168,0.3137332836150748,0.3152951388888889,0.0,0.0,0.4976215277777778,0.09668402777777778,0.05887152777777778,336,0.058868984551605885,0.0745138888888889,0.21541666666666667
o9lTxxsamAc,0.38558524430827884,0.2963581469461658,0.430427968409586,0.26743799132147933,0.3117013888888889,0.0,0.0,0.3413888888888889,0.22246527777777778,0.06107638888888889,269,0.02643494362596227,0.058715277777777776,0.2120138888888889
ptjmXipB3I8,0.42190702638888883,0.22407941237052856,0.2489073393246187,0.11507412154080389,0.4712326388888889,0.0,0.0,0.08864583333333333,0.018159722222222223,0.004774305555555556,125,0.037673714028756855,0.015052083333333334,0.028350694444444446
kcvqyDbTc_U,0.5783899014569717,0.23322702247903143,0.1260174291938998,0.07270351093340295,0.20694444444444443,0.0,0.0,0.0425,0.0,0.0,65,0.25593809911643883,0.1,0.005138888888888889
cU_KsDb7h7c,0.3525459605800654,0.2198095308711407,0.33226661220043574,0.16689981597062853,0.19774305555555555,0.0,0.0,0.5222743055555555,0.009166666666666667,0.004392361111111111,126,0.05972014664487635,0.02357638888888889,0.08913194444444444
sc87wa0ftvk,0.5203897222766884,0.1953063940210669,0.06417994281045751,0.02785100602434735,0.17618055555555556,0.0,0.0,0.0077083333333333335,0.050555555555555555,0.0,22,-0.05502968888919629,0.01611111111111111,0.043125
Wd9RrALo3kI,0.4967044333469498,0.1863217800345183,0.4918346269063181,0.21027812348414915,0.12793402777777776,0.0,0.0,0.016475694444444446,0.8169444444444445,0.00015625,75,-0.06301831600709801,0.006197916666666667,0.0375
Oz0qxb-TxBk,0.3064090481889978,0.2316872205127864,0.41203649237472767,0.12450873183911532,0.08585069444444444,1.0,0.0,0.0,0.2581423611111111,0.0,48,0.4237195041058568,0.009027777777777777,0.00012152777777777777
Fy3WDcXJy4Y,0.40096132506808274,0.24528740132203344,0.35973917483660134,0.18876609796239116,0.5103645833333333,0.0,0.0,0.32571180555555557,0.06194444444444445,0.0009201388888888889,226,0.00030824256691058816,0.05744791666666667,0.06631944444444444
zrLaj3KiLlM,0.5082872109204792,0.2362751614151729,0.41789011437908496,0.2802228240975064,0.31972222222222224,0.0,0.0,0.5890972222222223,0.030972222222222224,0.07430555555555556,153,-0.042600635258158936,0.0843923611111111,0.04583333333333333
tCOd6H0UcFw,0.5390667985294118,0.2680602696809462,0.6423014025054467,0.6170762490157657,0.23309027777777777,0.0,0.0,0.464375,0.2309548611111111,0.4490104166666667,251,0.04408913747541765,0.011440972222222222,0.0026041666666666665
pMbT7b8I2yc,0.3999954532407407,0.20904557964552023,0.38365638616557735,0.25270057534103263,0.31961805555555556,0.0,0.0,0.39272569444444444,0.10453125,0.04534722222222222,276,0.06680929181106793,0.009149305555555556,0.023819444444444445
fAg2iFuJVn4,0.5386233737336601,0.2961165654012674,0.23312397875816995,0.22388137259499397,0.30213541666666666,0.0,0.0,0.08137152777777777,0.09104166666666667,0.0678125,89,-0.20861477661680478,0.01967013888888889,0.026197916666666668
FyPtbrT0NM0,0.5167565757761439,0.26251507048265427,0.389348924291939,0.38494996191647657,0.24585069444444443,0.0,0.0,0.37038194444444444,0.13944444444444445,0.23699652777777777,118,0.008008996432562476,0.017482638888888888,0.07512152777777778
FbER2MpFyi8,0.5060335029820262,0.25743390200881244,0.45457468681917207,0.44904494953853585,0.4035416666666667,0.0,0.0,0.40819444444444447,0.1498611111111111,0.1931423611111111,235,0.07388971462922045,0.005434027777777778,0.040503472222222225
F2iLLWU8PFY,0.6674452135076252,0.2587269583534949,0.17259368191721133,0.09366291983293983,0.1262326388888889,0.0,1.0,0.03105902777777778,0.03982638888888889,0.0,66,0.04693425590350164,0.04338541666666667,0.07131944444444445
0FuM3a8m2zw,0.5124318421568627,0.23339041745967887,0.20297664760348583,0.19655697184960044,0.3751215277777778,0.0,0.0,0.10371527777777778,0.05751736111111111,0.04079861111111111,107,-0.061021377817578215,0.03125,0.035347222222222224
cdphMhMRg00,0.3418635837826798,0.18372442115038692,0.4948784041394336,0.46147783929398667,0.22552083333333334,0.0,0.0,0.28072916666666664,0.3539236111111111,0.23710069444444445,227,0.048017688546129145,0.0003993055555555556,0.045989583333333334
EvCbRBs04Y0,0.49023553213507626,0.253378352803629,0.4171293572984749,0.2719507562023963,0.31722222222222224,0.0,0.0,0.5238020833333333,0.17652777777777778,0.037274305555555554,233,-0.10145135957163093,0.0014583333333333334,0.055
Bla3WVjNUGc,0.42307009620098035,0.2031007460914059,0.5785826525054466,0.514102381469898,0.23598958333333334,0.0,0.0,0.3560763888888889,0.30321180555555555,0.2871875,246,0.04332674713377582,0.0031770833333333334,0.028645833333333332
vKaTe1Q5suE,0.4208898282135076,0.28574954794426405,0.5638148148148148,0.5191076163592545,0.28434027777777776,0.0,0.0,0.46447916666666667,0.16526041666666666,0.30477430555555557,196,0.09210166448187063,0.005763888888888889,0.09246527777777777
AUVPNq62fmI,0.4302519986247276,0.22123790545988245,0.5438726171023965,0.4480405681725752,0.31019097222222225,0.0,0.0,0.48347222222222225,0.24753472222222223,0.21276041666666667,467,0.0859853237616448,0.0014583333333333334,0.050763888888888886
ssaQi-gLeUo,0.5415663419389978,0.24420188341545174,0.5615767293028323,0.5362635505665495,0.39328125,0.0,0.0,0.4358680555555556,0.22828125,0.3266145833333333,250,-0.0723102665958249,0.004618055555555556,0.03043402777777778
-Cant7Nzjq0,0.48292732834967317,0.18319033271806912,0.4454496187363835,0.26326178788813975,0.20472222222222222,0.0,0.0,0.7394791666666667,0.0015104166666666666,0.0646701388888889,133,-0.017121281527505472,0.0053125,0.00484375
sxlgWYhV89Q,0.4409551212962963,0.2522997175562802,0.47468116830065366,0.31006780581467736,0.24664930555555556,0.0,0.0,0.4990104166666667,0.15737847222222223,0.12524305555555557,303,-0.20074455351290382,0.00265625,0.08201388888888889
A0q-pZy2FsY,0.24281497293028317,0.2032180408119786,0.2935206290849673,0.1502977297991569,0.24970486111111112,1.0,0.0,0.2799826388888889,0.004131944444444444,0.015885416666666666,60,-0.010979578967102804,0.007673611111111111,0.13932291666666666
WvwmhuaFvXk,0.4229952445669935,0.1335420496068653,0.4067623229847494,0.3180299637695719,0.1975347222222222,0.0,0.0,0.4159201388888889,0.18925347222222222,0.10892361111111111,109,-0.04021737272535525,0.00046875,0.007152777777777778
ediSJ2oyAeE,0.488476349074074,0.20724590291119738,0.5548109340958606,0.5545790983101698,0.1899826388888889,0.0,0.0,0.23612847222222222,0.3481076388888889,0.37666666666666665,234,0.1347326004112963,0.006197916666666667,0.0044444444444444444
D3c8xGE78ic,0.1609050252042484,0.18216536261882568,0.5505145016339869,0.0842918382478984,0.1282638888888889,1.0,0.0,0.8004166666666667,0.018958333333333334,0.0,27,0.03848988017121854,0.022569444444444444,0.35864583333333333
ALLnpcVIOKU,0.7036016641203705,0.15371285295446474,0.43498508986928097,0.4042722308698526,0.22149305555555557,0.0,1.0,0.18255208333333334,0.6229166666666667,3.472222222222222e-05,57,0.017338493858790827,0.1159375,0.01001736111111111
4gpfLNg3NAo,0.6832695863970589,0.19051028000190218,0.44357863562091504,0.4060282824779877,0.13887152777777778,0.0,1.0,0.18284722222222222,0.6378993055555555,3.472222222222222e-05,52,0.06098966225174218,0.11664930555555555,0.024288194444444446
yfGqY2dOgvQ,0.6577094883850763,0.22137663935016963,0.4076017837690631,0.39532377332401086,0.17305555555555555,0.0,1.0,0.18633680555555557,0.5663020833333333,3.472222222222222e-05,62,0.05985901986101372,0.11982638888888889,0.03965277777777778
mNHRe6TXlL4,0.7202708228077344,0.12822054428254456,0.47936812363834413,0.41423211106416674,0.12397569444444445,0.0,1.0,0.18552083333333333,0.7025520833333333,3.472222222222222e-05,49,0.010936182645796877,0.11682291666666667,0.004548611111111111
1KM5O4DvOLE,0.7056987331427016,0.16046669595688498,0.45439821623093674,0.41107468787355345,0.13769097222222224,0.0,1.0,0.18597222222222223,0.6592708333333334,3.472222222222222e-05,47,0.03276847260361093,0.12036458333333333,0.012881944444444444
W_L3flNgpcE,0.7174187122685186,0.1385282247038717,0.4600403730936818,0.4116108494599417,0.16027777777777777,0.0,1.0,0.18600694444444443,0.6692361111111111,3.472222222222222e-05,52,0.018208624724499356,0.12321180555555555,0.0065451388888888885
YqUyvhJEovY,0.6566147646922659,0.22168841088614832,0.3989123774509803,0.3917870254262007,0.1801736111111111,0.0,1.0,0.18557291666666667,0.5526909722222222,3.472222222222222e-05,65,0.06285454061196571,0.11404513888888888,0.04173611111111111
PeD8oNEdbjc,0.39253302578976035,0.34819202934733473,0.30362002995642695,0.1346070359445909,0.1707986111111111,0.0,0.0,0.5608854166666667,0.005329861111111111,0.0,36,-0.020829079024920982,0.15869791666666666,0.23357638888888888
Y947dNh1yOQ,0.6676287718681918,0.21277537425028908,0.4256892020697168,0.4024093525362624,0.13602430555555556,0.0,1.0,0.18850694444444444,0.6043402777777778,3.472222222222222e-05,51,0.08036014337440545,0.12024305555555556,0.031961805555555556
XyMCH-lG66o,0.738809418436819,0.280080641553691,0.22588664215686272,0.17763803590695693,0.21116319444444445,0.0,1.0,0.40125,0.0005729166666666667,0.0,19,-0.021552349936937887,0.5049131944444445,0.028628472222222222
f7POZmYf_Lw,0.6664099089733115,0.21150335038401016,0.42363929738562084,0.4025900856588125,0.13963541666666668,0.0,1.0,0.1879340277777778,0.6002256944444444,0.0,39,0.08820263949828444,0.12789930555555556,0.03142361111111111
6R6TSmm09Vo,0.662881355392157,0.20773105009156131,0.41953009259259244,0.39825129232059386,0.15802083333333333,0.0,1.0,0.18192708333333332,0.5934375,0.0,48,0.07569753174523597,0.11550347222222222,0.023975694444444445
nUJno8oRPiI,0.6596065744417212,0.2204833950501333,0.41145404411764697,0.40073476806814134,0.13182291666666668,0.0,1.0,0.18953125,0.5798958333333334,0.0,37,0.08246034241750544,0.1362326388888889,0.03173611111111111
xUGcSbYCwP8,0.6578871580610023,0.22285473343216197,0.40939753540305013,0.40014326786268356,0.1278125,0.0,1.0,0.18975694444444444,0.5769270833333333,0.0,36,0.08663617414287961,0.13574652777777776,0.036944444444444446
ggGTqN4qmlE,0.6536497202750545,0.22332189083285098,0.40737370642701515,0.3949933268889394,0.16522569444444443,0.0,1.0,0.17965277777777777,0.5752083333333333,0.0,47,0.09110676170318044,0.12572916666666667,0.037135416666666664
8epgaPrvfaI,0.6568661563589325,0.22249963109931936,0.4087889433551198,0.39777946512718043,0.14793402777777778,0.0,1.0,0.18534722222222222,0.5775694444444445,0.0,41,0.0904445977301479,0.13206597222222222,0.03657986111111111
XKt2MaBpyJQ,0.6683987442401963,0.20783635684688026,0.42509626906318077,0.3976777176951404,0.1661284722222222,0.0,1.0,0.17927083333333332,0.6011805555555556,0.0,52,0.05922092135579515,0.12329861111111111,0.038836805555555555
TXLaLsBD-vk,0.6772054241693901,0.20036250387274543,0.42454997276688444,0.4008596320859337,0.1592361111111111,0.0,1.0,0.18059027777777778,0.60765625,0.0,44,0.061440335751322905,0.1296875,0.028090277777777777
md0XSvjwK4E,0.6902595020833333,0.18423663086975117,0.4411326933551198,0.4067123475339842,0.13258680555555555,0.0,1.0,0.18559027777777778,0.6354166666666666,0.0,38,0.0514712519073266,0.1347048611111111,0.020625
qzbPe3QIlP0,0.6754203382216775,0.20181725896692682,0.43484409041394334,0.40418770694081513,0.12932291666666668,0.0,1.0,0.1850173611111111,0.6228993055555555,0.0,38,0.059100734798725574,0.1311284722222222,0.030989583333333334
BOGjL9LCkxg,0.44690575457516335,0.34403224131569676,0.3462787990196079,0.3264359260505228,0.48114583333333333,0.0,0.0,0.30694444444444446,0.05130208333333333,0.10522569444444445,266,-0.0932829649944737,0.06746527777777778,0.24041666666666667
WQWl4qVPwb0,0.5213833364379085,0.23038709986862954,0.5498227124183006,0.40968088863187985,0.3489409722222222,0.0,0.0,0.6959027777777778,0.09071180555555555,0.13381944444444444,308,0.009775896277702367,0.013472222222222222,0.03760416666666667
18xAz7x-hyc,0.448526197753268,0.3113986130630434,0.5441525735294117,0.38697388574013214,0.49571180555555555,0.0,0.0,0.5737152777777778,0.059409722222222225,0.16463541666666667,391,-0.05003886616462844,0.05109375,0.1476215277777778
u9v4jU_E4DI,0.48501028474945534,0.26486824428835504,0.4550606617647059,0.40909788537564645,0.5030034722222222,0.0,0.0,0.15348958333333335,0.2908159722222222,0.18460069444444444,340,-0.05447320268199368,0.023333333333333334,0.08651041666666667
DZxC3W-KXvQ,0.39061971349400876,0.2442352378443066,0.5315215822440087,0.3976186005260967,0.3425347222222222,0.0,0.0,0.4527083333333333,0.2199826388888889,0.1398090277777778,389,0.012156227833847899,0.026510416666666668,0.060833333333333336
RUZafPcCUgo,0.5568719321623093,0.25068048761005957,0.39894417211328975,0.3388894672828132,0.47796875,0.0,0.0,0.14854166666666666,0.09421875,0.09092013888888889,488,-0.009286126293272967,0.04763888888888889,0.04190972222222222
67eImicVeXU,0.3072708375136166,0.283083907394368,0.5309016203703704,0.3475798057955637,0.47946180555555556,1.0,0.0,0.57921875,0.02019097222222222,0.13824652777777777,232,-0.013296033210666636,0.020069444444444445,0.2609548611111111
m3WwFjtDeS8,0.41296424592864917,0.3180900629861503,0.38999754901960776,0.3340557608287533,0.26121527777777775,0.0,0.0,0.25982638888888887,0.19822916666666668,0.10942708333333333,167,-0.08803718283596285,0.04079861111111111,0.1813715277777778
wXqpTNJUMWE,0.42756462634803927,0.2656022675312369,0.44020349945533765,0.3451910365126621,0.41585069444444445,0.0,0.0,0.29215277777777776,0.2524826388888889,0.10607638888888889,260,0.13366190844947867,0.013055555555555556,0.08442708333333333
GaPc-uzAjHg,0.11437456519607843,0.17433483431473337,0.794607230392157,0.15738411392248233,0.18119791666666665,1.0,0.0,0.231875,0.6618923611111112,0.004861111111111111,78,0.0025133515646819787,0.0015451388888888889,0.6953819444444445
ZJOIoY5B2RQ,0.18409989285130715,0.257603110959181,0.8120851715686275,0.2931226519283142,0.28942708333333333,1.0,0.0,0.10206597222222222,0.7906076388888889,0.08732638888888888,145,0.07000145279791806,0.0159375,0.5754861111111111
vpuD80EBJwE,0.13822180522875818,0.2277942127370213,0.7020323393246187,0.1391568417022774,0.23336805555555556,1.0,0.0,0.1846875,0.6561458333333333,0.0028993055555555556,80,0.06656189248283419,0.009548611111111112,0.6664756944444444
7J2REyfKnws,0.2514046930555556,0.3083027779387817,0.6924151007625273,0.29033937046515296,0.33708333333333335,1.0,0.0,0.15274305555555556,0.6447916666666667,0.06440972222222222,311,0.06932140938206033,0.053350694444444444,0.4832986111111111
66JDd_S8FLw,0.6701647965005445,0.3367473288211891,0.14979275599128536,0.12198370423436306,0.20472222222222222,0.0,1.0,0.13989583333333333,0.02109375,0.014461805555555556,46,-0.12977857971547313,0.4481076388888889,0.05880208333333333
8TZREGifAzA,0.9127520227668842,0.20518504731938078,0.08561628540305008,0.15444493761303038,0.13425347222222223,0.0,1.0,0.03923611111111111,0.02875,0.01940972222222222,23,-0.06356904944892183,0.8674131944444444,0.018350694444444444
VkhUy9KQoMU,0.3094069381535947,0.28012536281132044,0.2618878676470588,0.19340218386417762,0.1868923611111111,1.0,0.0,0.23803819444444443,0.14996527777777777,0.0015972222222222223,161,-0.09910503885878885,0.04684027777777778,0.09432291666666667
jMCqT7iGKx0,0.4807664585511983,0.3012880780324475,0.2831003540305011,0.19234628683529698,0.1303298611111111,0.0,0.0,0.22710069444444445,0.045434027777777775,0.011597222222222222,118,-0.04985942743054239,0.04439236111111111,0.19619791666666667
Eewz56s1odQ,0.29823431098856207,0.290465149185526,0.2119705882352941,0.1813400996790218,0.20847222222222223,1.0,0.0,0.2191840277777778,0.11008680555555556,0.012065972222222223,102,0.020907020511035657,0.08498263888888889,0.12505208333333334
JsfMw-FOp9s,0.31546342950708056,0.31028810636831394,0.1876548883442266,0.16299765152529208,0.2220486111111111,1.0,0.0,0.2376909722222222,0.05201388888888889,5.208333333333334e-05,135,-0.030126127685902615,0.08355902777777778,0.17211805555555557
rS3b_TqhhSE,0.916626136723856,0.20983018280996382,0.07182761437908494,0.08849581339624941,0.10032986111111111,0.0,1.0,0.02638888888888889,0.0012847222222222223,0.005729166666666666,7,0.03757726662194871,0.8861111111111111,0.024618055555555556
BTvWy4Vti38,0.8358899652913944,0.338951396856335,0.07841966230936817,0.0411957755890927,0.10282986111111111,0.0,1.0,0.03197916666666667,0.006649305555555556,0.0,3,-0.22671707620086,0.8199652777777777,0.13223958333333333
pwLFcGnawW0,0.25604877568082784,0.17628385783269684,0.2604816176470588,0.1136820935188659,0.05883680555555556,1.0,0.0,0.27725694444444443,0.056163194444444446,0.0,55,0.2590626704922687,0.00203125,0.07635416666666667
ZDTu3j2n-DQ,0.23454724723583878,0.23068470097851493,0.14962493191721135,0.18692650604735603,0.13961805555555556,1.0,0.0,0.1596701388888889,0.07479166666666667,1.736111111111111e-05,73,-0.06928799299612867,0.01934027777777778,0.05019097222222222
SOlC0rFbW94,0.3859538192810457,0.26984536029828254,0.2697843137254902,0.15657193039802994,0.15680555555555556,0.0,0.0,0.2780902777777778,0.0874826388888889,0.004861111111111111,158,-0.12159086961335608,0.02276041666666667,0.16163194444444445
mUXdUBWrOhY,0.23032359330065358,0.24039046244081838,0.14326749727668847,0.1728786166056417,0.1747048611111111,1.0,0.0,0.14505208333333333,0.06425347222222222,0.00265625,73,-0.04160731634132914,0.027447916666666666,0.08223958333333334
9_rEuJTbVQs,0.2192518429330066,0.2281590795967447,0.07453622004357298,0.11927605727432503,0.1673784722222222,1.0,0.0,0.050208333333333334,0.05361111111111111,0.0,22,-0.033899271216666665,0.024930555555555556,0.09432291666666667
DZd1Hnko62g,0.6757720127995642,0.1455956793011543,0.5341371868191721,0.49760266069186,0.09911458333333334,0.0,0.0,0.4818923611111111,0.001979166666666667,0.41684027777777777,75,0.0030368932715429953,0.04097222222222222,0.009461805555555555
-m6sw9CNyjY,0.5252270909449891,0.24115754910907214,0.580114447167756,0.4873294187104917,0.29359375,0.0,0.0,0.7130381944444445,0.01154513888888889,0.35973958333333333,148,-0.02322065541844398,0.05534722222222222,0.04307291666666667
D9cO3dkr2Dg,0.5811952974400871,0.2565728111936419,0.31059531590413947,0.3114434719478629,0.34479166666666666,0.0,0.0,0.20347222222222222,0.032864583333333336,0.07524305555555555,407,-0.042140559907091535,0.18135416666666668,0.030850694444444444
pwOOCUXCYPc,0.5025819745234206,0.2707645765795831,0.5526317401960784,0.3979626465709607,0.17364583333333333,0.0,0.0,0.18800347222222222,0.4235069444444444,0.011927083333333333,137,-0.027740267652687,0.046927083333333335,0.00125
z5yknvQeus8,0.5049851913943355,0.19287166802962974,0.22877124183006536,0.15742433039104134,0.29213541666666665,0.0,0.0,0.25307291666666665,0.01675347222222222,0.0015277777777777779,178,-0.004969281456049135,0.038246527777777775,0.0021527777777777778
Zi2PxbN6P3k,0.46267853266612197,0.20163233184606433,0.2767738289760348,0.20524008082869125,0.30710069444444443,0.0,0.0,0.3268576388888889,0.02748263888888889,0.0030381944444444445,216,-0.007448367836744463,0.034166666666666665,0.008454861111111111
sTdRsyNAWJc,0.5167046393518518,0.2208115397682151,0.19822256263616556,0.13120956552412322,0.17743055555555556,0.0,0.0,0.07024305555555556,0.07772569444444444,0.0008159722222222223,163,-0.06835198971720574,0.032065972222222225,0.019427083333333334
zvS_UTua2jc,0.5942982964869281,0.1508251183259331,0.5240404411764706,0.5541624935570624,0.2195138888888889,0.0,0.0,0.4884027777777778,0.03743055555555556,0.45119791666666664,115,0.010011949269858489,0.03262152777777778,0.005086805555555555
W9hCn2b2aCo,0.44528300691721134,0.2894233778828603,0.504292619825708,0.3862041423508791,0.20302083333333334,0.0,0.0,0.08746527777777778,0.42671875,0.04097222222222222,100,0.059345676326715224,0.037725694444444444,0.030503472222222223
7phT8D-I75U,0.5397845582788671,0.2076133991673175,0.5239349128540305,0.4469747464331135,0.18940972222222222,0.0,0.0,0.6061979166666667,0.047517361111111114,0.279375,204,0.037920607655276384,0.03871527777777778,0.014149305555555556
3rzELkal7Ig,0.5821473767156863,0.46615821627386045,0.02863269335511983,0.010729919747152109,0.1781076388888889,0.0,1.0,0.008315972222222223,0.012326388888888888,0.0,6,0.18733716850205662,0.5197743055555556,0.35756944444444444
G8HK6AXBzuw,0.7062881086328976,0.23304128908566799,0.3051498502178649,0.3928912856107495,0.17444444444444446,0.0,1.0,0.21671875,0.08217013888888888,0.1678125,149,-0.07012141520152404,0.27296875,0.00890625
Mlab9-e299M,0.6862422875680828,0.23307082617658118,0.43838099128540303,0.4681997526329845,0.17072916666666665,0.0,1.0,0.49274305555555553,0.000625,0.30145833333333333,116,0.09098650447351087,0.24022569444444444,0.006128472222222223
C_FnFO5F_dc,0.7032781917075164,0.320920735478326,0.1992572167755991,0.15857835197706002,0.32852430555555556,0.0,1.0,0.13053819444444445,0.02701388888888889,0.0043055555555555555,111,0.0043433721667667236,0.2802777777777778,0.12977430555555555
DI1mZw6is6k,0.5019537918981481,0.28222783961869863,0.4531424972766884,0.4422232945123237,0.26189236111111114,0.0,0.0,0.5343229166666666,0.06019097222222222,0.23557291666666666,155,0.048087261006097226,0.10222222222222223,0.12234375
WquqPyY7MN4,0.37484605532407406,0.1980099694155081,0.8229384531590413,0.6123672669359707,0.11197916666666667,0.0,0.0,0.45602430555555556,0.44723958333333336,0.3832291666666667,90,0.05239031978275743,0.031024305555555555,0.0026215277777777777
1ebJU2R_YbA,0.3221571225490196,0.2930274704360199,0.5382003676470589,0.3899225774731392,0.20267361111111112,1.0,0.0,0.2739756944444444,0.5015625,0.15243055555555557,83,0.00406343899263506,0.037934027777777775,0.21465277777777778
iizaHJnMI2Y,0.5949643713507626,0.20595333988538106,0.40279833877995647,0.3973488057133232,0.31321180555555556,0.0,0.0,0.39015625,0.07876736111111111,0.12694444444444444,166,-0.1387220554739187,0.050277777777777775,0.004618055555555556
RkGswnIagL8,0.7028589793981481,0.23522237686504568,0.3134275599128541,0.4056629810730694,0.16539930555555554,0.0,1.0,0.22005208333333334,0.08579861111111112,0.17385416666666667,104,-0.08442399489625196,0.2696875,0.009583333333333333
p3s8OzNBS8c,0.5310674881944444,0.25568622152867426,0.46475408496732024,0.44008589797943815,0.3195486111111111,0.0,0.0,0.4434548611111111,0.09008680555555555,0.21980902777777778,202,0.06496731852151516,0.08729166666666667,0.02109375
D01Ir5ISUK8,0.651946015795207,0.2223452285200972,0.3740177696078431,0.4401002044682088,0.24276041666666667,0.0,0.0,0.26220486111111113,0.07897569444444444,0.2140277777777778,141,-0.011396248558868227,0.11953125,0.0022222222222222222
CCoW2x5If6c,0.41587806277233125,0.25133638748778053,0.20316414760348586,0.11642548878391133,0.37633680555555554,0.0,0.0,0.17119791666666667,0.003628472222222222,0.0,110,0.03387171310750842,0.05022569444444445,0.03222222222222222
fuxhcZWzHeE,0.648433099046841,0.24583793997670145,0.37249148965141615,0.3216569015425036,0.15527777777777776,0.0,1.0,0.40270833333333333,0.14793402777777778,0.017395833333333333,125,0.06481829530512795,0.074375,0.004479166666666667
p6LUH9keYRc,0.5183382676470588,0.2807461761371142,0.44981998910675386,0.4063788062685732,0.3703125,0.0,0.0,0.48078125,0.1348611111111111,0.1685763888888889,188,0.0857261086819806,0.11310763888888889,0.06253472222222223
l9shbK18CJM,0.44511743206699333,0.24969060094255455,0.15661928104575165,0.041017842633863356,0.4975,0.0,0.0,0.07802083333333333,0.002170138888888889,0.0,37,-0.06332257317376294,0.0253125,0.07605902777777777
ZxU6nOjEuvY,0.4842457121187364,0.23236666959291943,0.22489467592592594,0.25534851183217017,0.34694444444444444,0.0,0.0,0.05390625,0.09336805555555555,0.05552083333333333,58,0.04687201744071906,0.034965277777777776,0.029236111111111112
H7il5bIM0wU,0.5350587296160131,0.24417043955331574,0.1686540713507625,0.21949805929914826,0.14697916666666666,0.0,0.0,0.062065972222222224,0.08951388888888889,0.05569444444444444,92,0.00038105753846828794,0.02810763888888889,0.008489583333333333
-KO8sjKvgIc,0.3669274792755991,0.2548299869156651,0.5643672385620916,0.22664019360386822,0.27652777777777776,0.0,0.0,0.05548611111111111,0.6455381944444445,0.010243055555555556,173,0.13808466950340548,0.051666666666666666,0.04
AjkG5Y3kMDc,0.38066522839052286,0.30924171396634414,0.5046331699346406,0.24615375860448568,0.3388888888888889,0.0,0.0,0.1407986111111111,0.5002951388888889,0.031684027777777776,301,0.07853157716417547,0.07828125,0.20994791666666668
k5ewHxe6hwo,0.4438816543164487,0.252423051010795,0.47810729847494554,0.2915093832870835,0.38984375,0.0,0.0,0.35706597222222225,0.12020833333333333,0.07508680555555555,336,0.002134759966715194,0.005,0.08645833333333333
Cn87cDeIcSE,0.4098117801606753,0.2632264975909133,0.4868304738562091,0.2922934825507721,0.3459548611111111,0.0,0.0,0.1096875,0.5505381944444444,0.0681423611111111,337,-0.10531768326143531,0.04213541666666667,0.042152777777777775
LFF-j9RmOaE,0.33325917004357297,0.28131593434979607,0.7360632489106754,0.3565041174850554,0.3400520833333333,1.0,0.0,0.11416666666666667,0.7397048611111111,0.08293402777777778,234,-0.02101562347900815,0.058020833333333334,0.16831597222222222
sxkJY_eMdUY,0.3339500543436819,0.2872573498996232,0.7631344635076254,0.3313516449666593,0.32819444444444446,0.0,0.0,0.0008854166666666666,0.9051041666666667,0.11762152777777778,144,-0.02388916594077045,0.06055555555555556,0.2545659722222222
psl95GQ-_aQ,0.36301751610838784,0.28923216705079247,0.4701970315904139,0.26318894066031295,0.36194444444444446,0.0,0.0,0.09845486111111111,0.5530381944444445,0.054010416666666665,253,0.01813971428269584,0.06265625,0.2012326388888889
j4LSQsiG-_k,0.218177841748366,0.2206972920112902,0.35749870642701526,0.3072017143053492,0.18222222222222223,1.0,0.0,0.17789930555555555,0.24454861111111112,0.0971875,381,0.05862576893179347,0.029479166666666667,0.15864583333333335
ZC9lRC6Q2HY,0.16079374347766887,0.21930415315881796,0.16180072167755993,0.08331061019315872,0.20649305555555555,1.0,0.0,0.13583333333333333,0.026319444444444444,0.003958333333333334,41,-0.04199406492036656,0.030104166666666668,0.5962152777777778
fbrHDQzWqPk,0.26679446439270155,0.28650411605273257,0.5306629221132897,0.14079565117818232,0.21970486111111112,1.0,0.0,0.10130208333333333,0.5180034722222222,0.0038194444444444443,96,0.14059903999402226,0.04420138888888889,0.43755208333333334
Ixipw6uVODY,0.2337638950844227,0.20819531850547193,0.5178910675381263,0.18481550477155273,0.1776215277777778,1.0,0.0,0.044097222222222225,0.7171006944444445,0.0033854166666666668,136,-0.023222130909888672,0.025295138888888888,0.25708333333333333
RrK06yItXzc,0.23730840401688455,0.28553421407893104,0.2528231209150327,0.08165636358550593,0.21059027777777778,1.0,0.0,0.20574652777777777,0.11180555555555556,0.0,82,0.01109606099641608,0.04763888888888889,0.43409722222222225
oh4REU4e0HY,0.21600922653867102,0.25258643705569667,0.44074366830065365,0.1657291483249761,0.15550347222222222,1.0,0.0,0.12869791666666666,0.03321180555555556,0.03197916666666667,26,0.014092166505121656,0.04241319444444445,0.2937152777777778
2F_dUl37uqc,0.16841730544662306,0.2523558569206572,0.2805582107843137,0.11027144909963063,0.18965277777777778,1.0,0.0,0.05210069444444444,0.0196875,0.0,17,-0.0083946160417889,0.0446875,0.55046875
O5IfYBHfHIY,0.2535579240468409,0.23313720452863582,0.6058985566448801,0.21992613301057193,0.20690972222222223,1.0,0.0,0.028871527777777777,0.7877430555555556,0.02295138888888889,193,-0.06911571159386379,0.03644097222222222,0.18048611111111112
7MqLL4X11Lw,0.3054635220043572,0.2961027872298904,0.42438636982570804,0.13019863789840627,0.21758680555555557,1.0,0.0,6.944444444444444e-05,0.7886111111111112,0.016909722222222222,45,0.0683099962512328,0.07307291666666667,0.17953125
4s4_cRNA46Q,0.3316055794117647,0.2753500636443731,0.24871098856209148,0.09800043827426912,0.24041666666666667,0.0,0.0,0.13854166666666667,0.11836805555555556,0.0002777777777777778,94,-0.05992345478832217,0.06836805555555556,0.2162673611111111
JH36sgZaNV4,0.32606564407679733,0.2819039894385488,0.3233756127450981,0.16160388939352524,0.21366319444444445,1.0,0.0,0.07262152777777778,0.4296875,0.02267361111111111,97,0.10315237466120675,0.06276041666666667,0.19902777777777778
ftqh5fbpFKQ,0.34602818163126364,0.28709469227152723,0.23809552015250543,0.0813864431291691,0.23777777777777778,0.0,0.0,0.05392361111111111,0.25383680555555554,0.0,76,-0.027328849383151443,0.0765625,0.2351388888888889
-KOKiTCPP7o,0.33899048669662313,0.2967511363414956,0.32246037581699355,0.14060841245563196,0.22611111111111112,0.0,0.0,0.05552083333333333,0.3437847222222222,0.019375,93,0.020454609935347423,0.07236111111111111,0.2848090277777778
y1n5OFMo9UM,0.2784658905637255,0.23230284651634112,0.4933411628540305,0.23258989053305754,0.15993055555555555,1.0,0.0,0.008454861111111111,0.6766319444444444,0.05036458333333333,161,-0.004654141327143535,0.040052083333333335,0.1671527777777778
YBoG6p6OiSI,0.30183054964596945,0.27490462275367616,0.3066695942265795,0.15453108398087376,0.21748263888888889,1.0,0.0,0.048489583333333336,0.331875,0.005121527777777778,99,-0.0024003990635381722,0.06604166666666667,0.2723784722222222
Pvrt1mPQ3hI,0.3098478795070806,0.3098737322006322,0.23325885076252723,0.1135695995873474,0.2550173611111111,1.0,0.0,0.20307291666666666,0.08131944444444444,0.0,61,-0.018835628964624873,0.10352430555555556,0.35743055555555553
fIPhkmAcqZc,0.3780610659313725,0.26428531931761046,0.3324730392156864,0.20564874367774233,0.2631597222222222,0.0,0.0,0.06435763888888889,0.3565625,0.028055555555555556,137,0.024724116964766396,0.04506944444444445,0.17930555555555555
OW7fbBt-wVE,0.24592733996459692,0.27769864104276404,0.21543634259259256,0.09088664734406432,0.2243923611111111,1.0,0.0,0.16109375,0.12935763888888888,0.0,40,0.01118789942984777,0.058506944444444445,0.42994791666666665
TQzR_RMgx9Y,0.3383144328159041,0.27411188590633007,0.2707056100217865,0.12069627463428488,0.22774305555555555,0.0,0.0,0.08751736111111111,0.30102430555555554,0.0027256944444444446,111,0.017448854859548057,0.05963541666666667,0.19111111111111112
0Bn5OYWUJKY,0.3785427017293028,0.28294048720930176,0.19601661220043576,0.08234012614567567,0.24416666666666667,0.0,0.0,0.029635416666666668,0.1647048611111111,0.0,79,0.043996024940942846,0.06269097222222222,0.14225694444444445
xrUGI3X8Dx4,0.28817912261710243,0.3073012104843696,0.3549545206971677,0.13161480949771853,0.2207986111111111,1.0,0.0,0.10333333333333333,0.40977430555555555,5.208333333333334e-05,94,-0.06771963332346001,0.07927083333333333,0.419375
zY_tlot2-jg,0.16179645710784313,0.27709630522665857,0.3931067538126361,0.0913721123720182,0.2501215277777778,1.0,0.0,0.05137152777777778,0.3494965277777778,0.000625,44,-0.02122452421043655,0.041041666666666664,0.7087673611111112
HhAzbqdQGPw,0.2527108973992374,0.285505176451323,0.417484068627451,0.199885434364845,0.22784722222222223,1.0,0.0,0.23362847222222222,0.39598958333333334,0.008385416666666666,131,-0.02990037173610799,0.06519097222222223,0.42526041666666664
xeV_K1Knbrs,0.253456352246732,0.28732069283349315,0.40780943627450983,0.13353482393533014,0.24949652777777778,1.0,0.0,0.10645833333333334,0.44583333333333336,0.002447916666666667,121,0.0657849498338256,0.05732638888888889,0.40692708333333333
74LpyiECbr4,0.3709714003267974,0.3201840378225048,0.25026300381263616,0.18470122571017117,0.24333333333333335,0.0,0.0,0.17802083333333332,0.12430555555555556,0.015034722222222222,94,-0.0036580931690453067,0.0746875,0.28401041666666665
z05RVZUl_qE,0.29807799368191723,0.3233613595817683,0.37372766884531594,0.13574724198412697,0.21588541666666666,1.0,0.0,0.16991319444444444,0.34171875,0.005868055555555555,127,0.06114955259203941,0.09206597222222222,0.4401909722222222
J_MrmqJwlTk,0.186809088085512,0.2263358523300191,0.6085292755991286,0.13094480351857765,0.14788194444444444,1.0,0.0,0.04522569444444444,0.7740104166666667,0.00017361111111111112,75,-0.03059995344467456,0.039184027777777776,0.4311979166666667
ihYv1vdDEPE,0.2564473362881264,0.3140692979030982,0.31445145697167765,0.0668428960753726,0.25366319444444446,1.0,0.0,0.07534722222222222,0.34848958333333335,0.0,36,0.06058172521628016,0.09052083333333333,0.5155208333333333
NnE1d0I_xpM,0.37616029003267976,0.2720604576952271,0.32710750272331146,0.2875016199441513,0.25873263888888887,0.0,0.0,0.23467013888888888,0.22569444444444445,0.012934027777777777,190,-0.025715257874697084,0.07234375,0.21779513888888888
km8Yjm-7pSs,0.6527026206290849,0.3757908313885181,0.25814488017429194,0.2135343617165661,0.3007638888888889,0.0,1.0,0.14173611111111112,0.14418402777777778,0.03203125,345,0.06210383413567999,0.4690798611111111,0.09960069444444444
JWvf5MSlR30,0.6950529430691721,0.35402805197313647,0.2239311683006536,0.16421562795710873,0.26734375,0.0,1.0,0.11272569444444444,0.17571180555555554,0.00921875,326,-0.04830192963819668,0.4859895833333333,0.06236111111111111
lScrxBKbgSE,0.6498835174155774,0.3578779298488018,0.2818407543572985,0.25957930950825253,0.31696180555555553,0.0,1.0,0.2503472222222222,0.07538194444444445,0.07274305555555556,349,0.08477521672700117,0.41630208333333335,0.07873263888888889
l_7S1PYt5KI,0.7560037595996733,0.32684410673486064,0.211015318627451,0.20904743849954593,0.32571180555555557,0.0,1.0,0.1531597222222222,0.06053819444444444,0.028402777777777777,232,-0.01929158491449623,0.5131076388888889,0.06777777777777778
znW-gx8clXk,0.6863772760348583,0.35311532263405265,0.16943811274509804,0.1473576002118076,0.29083333333333333,0.0,1.0,0.1207986111111111,0.07737847222222222,0.006458333333333333,227,0.022203845619017115,0.5056770833333334,0.0403125
xYAfprGipr0,0.872482039651416,0.2471990815200401,0.13116830065359478,0.19829279714983739,0.24244791666666668,0.0,1.0,0.09236111111111112,0.039496527777777776,0.03934027777777778,150,0.005708012897480685,0.7527951388888889,0.015416666666666667
trbG3Spc5zo,0.7058570756127451,0.3482212650567113,0.2560957244008714,0.2240702174730891,0.3050173611111111,0.0,1.0,0.1992361111111111,0.08458333333333333,0.0290625,430,-0.008984386883309936,0.5126215277777778,0.06553819444444445
hCPjW5iVy4c,0.7544068714188452,0.30831769156793326,0.17348277505446624,0.1797264946859191,0.256875,0.0,1.0,0.1238888888888889,0.06739583333333334,0.019288194444444445,236,-0.039216007997344704,0.5139930555555555,0.019600694444444445
VlRpz7txguo,0.7138322274101307,0.3718246725462673,0.1312254901960784,0.147447254921527,0.27796875,0.0,1.0,0.10786458333333333,0.023177083333333334,0.014461805555555556,109,-0.10458374505347512,0.5576388888888889,0.10881944444444444
iWGaDJKvaKM,0.5888812726851851,0.3730119409637216,0.3465445261437908,0.2376061563963674,0.3991840277777778,0.0,0.0,0.16331597222222222,0.22411458333333334,0.03480902777777778,398,-0.016538700247292648,0.36072916666666666,0.10984375
oJs6o8vvjlc,0.6738425333061002,0.36005018813206713,0.14835287309368192,0.17772106534614748,0.3752256944444444,0.0,1.0,0.15541666666666668,0.01576388888888889,0.02331597222222222,157,0.024483265554330003,0.4809375,0.054149305555555555
TSEQK7puEyY,0.7021000702478215,0.34143851351478066,0.20121881808278866,0.19016547020443753,0.4052951388888889,0.0,1.0,0.13145833333333334,0.03826388888888889,0.017482638888888888,325,0.01337819265966933,0.5018055555555555,0.03112847222222222
YPH_U-aOeKg,0.7476943659994552,0.32311767952227666,0.14334919662309367,0.16773695072626268,0.3278125,0.0,1.0,0.09456597222222222,0.006996527777777778,0.015711805555555555,180,-0.018332444719128538,0.5543576388888889,0.02217013888888889
gYW-4tFztVQ,0.6103842329248367,0.3793118708128005,0.26945431644880175,0.21312157071576485,0.29605902777777776,0.0,1.0,0.1646527777777778,0.13269097222222223,0.026284722222222223,392,-0.011358766117720909,0.41746527777777775,0.08317708333333333
WhAkZgYjwwg,0.8822111835103487,0.25453732685731256,0.12795656318082788,0.20346538512985274,0.2179340277777778,0.0,1.0,0.10503472222222222,0.032274305555555556,0.03392361111111111,114,0.023184443468259097,0.7800520833333333,0.035
Rmx-KzJZJm8,0.6032288985974944,0.3298356103451767,0.20040189270152506,0.17971832813548422,0.4942361111111111,0.0,0.0,0.21055555555555555,0.01310763888888889,0.018836805555555555,191,-0.04741053293310116,0.3172048611111111,0.03786458333333333
_ce3Hrp9AFI,0.4563782078431372,0.3811336473357809,0.4188519880174292,0.2796841226657101,0.29552083333333334,0.0,0.0,0.09536458333333334,0.23503472222222221,0.053020833333333336,604,0.002144928729241602,0.24373263888888888,0.2206076388888889
y70pO7gBVX4,0.7560902281590413,0.2813351014852414,0.14767776416122003,0.19568257549941406,0.3422395833333333,0.0,1.0,0.08890625,0.04888888888888889,0.035138888888888886,260,0.02128507733686169,0.44055555555555553,0.020590277777777777
4l-jLNtlX-Y,0.6764616058006536,0.3255210049541098,0.24079942810457516,0.2109295028598963,0.43678819444444444,0.0,1.0,0.20939236111111112,0.03703125,0.018697916666666668,482,-0.024657268167479818,0.40380208333333334,0.03553819444444444
xe-TOHzR-q0,0.8216170086737473,0.28757322266934715,0.15713024237472767,0.18261963599051778,0.23958333333333334,0.0,1.0,0.12331597222222222,0.002170138888888889,0.025503472222222223,157,-0.04835762198034643,0.6651909722222222,0.010243055555555556
F4XvTsywEjs,0.6780934427832244,0.34591717363571844,0.21159443082788676,0.16448973746247214,0.39619791666666665,0.0,1.0,0.11753472222222222,0.023506944444444445,0.008246527777777778,250,0.017874495599482065,0.4578993055555556,0.03321180555555556
d3b6P0QTIOw,0.7654613529956426,0.30963468730199434,0.1545044934640523,0.1596214271582123,0.34875,0.0,1.0,0.16694444444444445,0.014774305555555556,0.0077083333333333335,250,0.08351097767528026,0.5631770833333334,0.033854166666666664
eU_r6C9vAVw,0.8296497732706972,0.25236377827234424,0.1202574891067538,0.1424950658372331,0.2725694444444444,0.0,1.0,0.10057291666666666,0.02045138888888889,0.007378472222222222,173,0.008203224870715897,0.5640104166666666,0.01234375
xpntKZctoWk,0.7289530900735295,0.3113239911241319,0.3864773284313725,0.5010825154227164,0.31159722222222225,0.0,1.0,0.1929861111111111,0.12060763888888888,0.23994791666666668,358,-0.14108924558459524,0.45652777777777775,0.028680555555555556
zxGFtqPNHOg,0.7877888524373637,0.2797753715581262,0.1837598720043573,0.19061961122737373,0.2834375,0.0,1.0,0.21022569444444444,0.014114583333333333,0.021267361111111112,204,-0.052373223751233655,0.5581944444444444,0.017517361111111112
DYU_szrlC78,0.7400756996732025,0.3190121402440943,0.1857589188453159,0.17194195508586485,0.35484375,0.0,1.0,0.19029513888888888,0.036631944444444446,0.01046875,272,0.04033167808546245,0.5291840277777777,0.03027777777777778
N9DHJHYYdyk,0.7951579310457516,0.2867406071689922,0.12527342047930282,0.13908728945506926,0.26678819444444446,0.0,1.0,0.11696180555555556,0.020243055555555556,0.005017361111111111,151,-0.018567636915868713,0.5990277777777778,0.014357638888888889
xzLPQ15fibQ,0.1507965558006536,0.16479267881598436,0.23296017156862747,0.20028777293743674,0.1492534722222222,1.0,0.0,0.0017708333333333332,0.0031944444444444446,0.02666666666666667,43,0.21939415181777566,0.0,0.704375
oMPoItOJwdI,0.19235213255718955,0.22900133096246383,0.2867458469498911,0.41489378014051986,0.06494791666666666,1.0,0.0,0.09227430555555556,0.1135763888888889,0.27619791666666665,68,0.27654202090174024,0.0,0.6764930555555555
vnq9QPjn_DQ,0.14791295593681916,0.14332816877821614,0.29006447440087146,0.2052320407105374,0.13616319444444444,1.0,0.0,0.006579861111111111,0.009305555555555555,0.002013888888888889,28,0.13220539974160475,0.0,0.6559548611111111
8J3qv04Gk9k,0.07331219488017428,0.06675625508671192,0.19553390522875816,0.1040091667879885,0.051041666666666666,1.0,0.0,0.09434027777777777,0.09928819444444445,0.0011979166666666666,18,0.00563036755975535,0.0,0.8914409722222222
uEBdeSKvIs8,0.49618240520152507,0.20640949414404802,0.7735630446623094,0.6460018910122979,0.4062673611111111,0.0,0.0,0.26579861111111114,0.32819444444444446,0.6806770833333333,1520,-0.00681287829260907,0.00043402777777777775,0.0008854166666666666
HlyQ_S9twaE,0.09169600604575165,0.11064967249116521,0.21327498638344228,0.12344660581450675,0.1295138888888889,1.0,0.0,0.06142361111111111,0.12072916666666667,0.0029340277777777776,42,0.06167924839789948,0.00019097222222222223,0.82625
7258imxiVrQ,0.08135967201797385,0.07515739170434792,0.29483775871459694,0.31080991717730844,0.030364583333333334,1.0,0.0,0.026927083333333334,0.2434201388888889,0.08607638888888888,27,0.04515471460348085,0.0002777777777777778,0.7375694444444445
f2L2SJDVk6E,0.4908635290032679,0.44615473393489496,4.745370370370371e-05,0.0008749210059965777,0.2882638888888889,1.0,0.0,0.0,0.0,0.0,6,0.020314057719798384,0.40038194444444447,0.43555555555555553
wCT0Ft2PT8g,0.1817326500816993,0.16925609931032667,0.3594443082788671,0.2838841819644173,0.08225694444444444,1.0,0.0,0.16625,0.1309375,0.02095486111111111,503,-0.07430140009273958,0.006354166666666667,0.5025347222222222
c6jYRfmRNWs,0.19492035153867102,0.17406677601185658,0.17530113017429194,0.12501898305276885,0.26458333333333334,1.0,0.0,0.06463541666666667,0.07131944444444445,0.01017361111111111,121,0.19787984192749186,0.0,0.5543923611111111
4faygJpWLAs,0.11418035855119825,0.19782038434963553,0.3523525326797386,0.16810257498131356,0.13322916666666668,1.0,0.0,0.11644097222222222,0.16618055555555555,0.011475694444444445,184,0.0045796947140383515,0.0,0.7278125
53kj3qgcvMk,0.1578812250953159,0.18447384535008648,0.27204214324618736,0.24564257386081773,0.09534722222222222,1.0,0.0,0.12336805555555555,0.10348958333333333,0.012135416666666666,171,0.05968900632964641,0.009149305555555556,0.7009375
LAakGALKhcc,0.13726991998910673,0.16434584741984962,0.1469017565359477,0.172242606628557,0.06796875,1.0,0.0,0.06532986111111111,0.059097222222222225,0.0008854166666666666,55,0.13054462723737983,0.0,0.7862152777777778
Bg4OyR_kKz0,0.19675977222222224,0.1985248003125101,0.38532318899782136,0.3816260848723434,0.06633680555555556,1.0,0.0,0.12475694444444445,0.22118055555555555,0.183125,201,-0.0559063718117902,0.0065451388888888885,0.5964409722222223
pVoxkUnnfH0,0.2099479758986928,0.28783449166144337,0.5216776960784313,0.42934019403816953,0.10104166666666667,1.0,0.0,0.6499131944444444,5.208333333333334e-05,0.15473958333333335,25,0.03298591379756116,0.10388888888888889,0.45914930555555555
EkslFWtZQ-c,0.46829282534041394,0.20704936929203055,0.3912376089324619,0.2982680649893126,0.6265798611111111,0.0,0.0,0.4408680555555556,0.06270833333333334,0.06578125,663,0.012404483734276328,0.03828125,0.023125
96FRnA9aUjs,0.10645171094771241,0.10783630717288492,0.2353444989106754,0.10899732274182353,0.19331597222222222,1.0,0.0,0.09036458333333333,0.12817708333333333,0.003246527777777778,103,0.0958798434737911,1.736111111111111e-05,0.7871701388888889
M67mNzsabZM,0.09830032794117646,0.09343660151867823,0.10478696895424837,0.02918446937160574,0.14303819444444443,1.0,0.0,0.01015625,0.054184027777777775,0.0,16,0.054702116323964475,0.0,0.7705381944444445
n2bFB6dwAl8,0.16914060894607844,0.11998447998268806,0.23756787854030503,0.12721413382622837,0.04432291666666666,1.0,0.0,0.2707118055555556,0.05486111111111111,0.0,64,0.05760799076254258,0.0,0.4690451388888889
-uO1jIWwWUk,0.47965224718137256,0.4572125029713513,0.12821309912854031,0.30900104554772045,0.0740625,0.0,0.0,0.13458333333333333,0.010138888888888888,0.11053819444444445,5,-0.25058049398940985,0.4150173611111111,0.4371701388888889
qI71eQJxBUg,0.10183509670479303,0.11765327213405435,0.19225687636165575,0.09136650037043849,0.14647569444444444,1.0,0.0,0.0375,0.11385416666666667,0.0015104166666666666,30,0.003842472078829373,0.0,0.8014409722222222
22fNo9ZckQw,0.18277427739651414,0.18523219108389338,0.1861687091503268,0.16849006040798933,0.09789930555555555,1.0,0.0,0.10963541666666667,0.09670138888888889,0.023697916666666666,78,0.26222441242894223,0.0,0.5498090277777777
5UfSH6T6yIw,0.08113928973311545,0.09737572190361554,0.30266605392156865,0.11838113538273538,0.08317708333333333,1.0,0.0,0.10071180555555556,0.16520833333333335,0.0012326388888888888,30,0.10037536451594685,0.00010416666666666667,0.734375
75RYFTY0t8w,0.08824662024782134,0.1321407810167507,0.5948557325708063,0.1561943020302833,0.10805555555555556,1.0,0.0,0.06305555555555556,0.5596180555555555,0.011684027777777778,66,0.17366604113847578,0.00020833333333333335,0.6329513888888889
SkeGCqnGYbU,0.32342076885893245,0.2556101235899639,0.5118868464052287,0.30695659522512103,0.29527777777777775,0.0,0.0,0.5685069444444445,0.12256944444444444,0.08651041666666667,276,0.030030900996892318,0.04170138888888889,0.13690972222222222
Jmt9onolbco,0.5944257176334423,0.345710616914884,0.33282557189542483,0.23243155959560252,0.26364583333333336,0.0,0.0,0.42770833333333336,0.0049479166666666664,0.03953125,128,-0.2130510960664836,0.3472395833333333,0.09357638888888889
0CHPOavPHOI,0.20720905219226576,0.26501925996674774,0.6569460784313725,0.25485512099847935,0.32331597222222225,1.0,0.0,0.4270833333333333,0.33288194444444447,0.058680555555555555,168,0.07753255165158204,0.03791666666666667,0.4998090277777778
EAAeV3yunBw,0.2661039112608932,0.2963620331905563,0.6266050517429195,0.354359813880951,0.31805555555555554,1.0,0.0,0.2565451388888889,0.44571180555555556,0.11414930555555555,498,0.06265310212259823,0.03446180555555556,0.44621527777777775
NUdI6lnm93Q,0.4322394920479303,0.2980197975182486,0.4342117374727669,0.306915063041886,0.33390625,0.0,0.0,0.3548611111111111,0.18234375,0.08934027777777778,269,0.024056296323956783,0.04977430555555556,0.11975694444444444
n7mw4Ou3N8A,0.41880449790305013,0.2882730535489567,0.368803581154684,0.29606042917518366,0.2437673611111111,0.0,0.0,0.3790277777777778,0.06699652777777777,0.08730902777777778,181,0.009207450635404235,0.04079861111111111,0.15154513888888888
SRvHDMo1aD0,0.2734810584014161,0.2204138558464126,0.773267361111111,0.41936755613681526,0.2606597222222222,1.0,0.0,0.2545138888888889,0.5509375,0.08932291666666667,332,0.006118915401870706,0.01887152777777778,0.15329861111111112
p8nrrpNa39o,0.30265175127995647,0.21923431763903917,0.3277785266884532,0.25944855218751534,0.2516145833333333,0.0,0.0,0.36046875,0.02032986111111111,0.05977430555555555,182,-0.0661262557091099,0.020729166666666667,0.14159722222222224
ew0LvGGHVMw,0.24770907058823527,0.21052206038745017,0.569697031590414,0.3222102706975609,0.1615798611111111,1.0,0.0,0.5825694444444445,0.21184027777777778,0.09666666666666666,164,0.051411564216368194,0.019270833333333334,0.15838541666666667
IeOsilm2TG4,0.32545540582788673,0.2729213990583485,0.28075,0.24426065619238457,0.28878472222222223,1.0,0.0,0.17947916666666666,0.054739583333333335,0.06050347222222222,135,0.025068225208788875,0.029583333333333333,0.19640625
eZEgRE95p3E,0.30730002058823525,0.3045049930529436,0.34440005446623095,0.20165096754900366,0.2544444444444444,1.0,0.0,0.22793402777777777,0.10210069444444445,0.03633680555555555,143,-0.01200920614570411,0.07081597222222222,0.29269097222222223
dBnDHJxu1Qw,0.3830596050517428,0.3605481663424972,0.3229903322440087,0.3018331059672828,0.27458333333333335,0.0,0.0,0.26630208333333333,0.10006944444444445,0.09755208333333333,132,0.34603079957118527,0.08131944444444444,0.36647569444444444
3kMa1GG4iAU,0.3884617980392156,0.2589759296510266,0.6940469090413944,0.5520038812341073,0.38890625,0.0,0.0,0.35291666666666666,0.42526041666666664,0.38241319444444444,497,-0.10512292161972248,0.031579861111111114,0.13506944444444444
8vW35jUW6iM,0.30539428954248365,0.3582764658493745,0.19450313180827886,0.19737466934431752,0.31223958333333335,1.0,0.0,0.12392361111111111,0.050069444444444444,0.04048611111111111,43,0.07423356298778061,0.06201388888888889,0.5440104166666667
2Ej71ZrJshI,0.14429676202342048,0.22098026271277704,0.6024011437908497,0.23299060318489478,0.20112847222222222,1.0,0.0,0.5883506944444444,0.04213541666666667,0.0325,101,0.025441765924097276,0.014739583333333334,0.6127604166666667
KhYpSbS22ic,0.3762416815359477,0.24934164008475018,0.27095145697167755,0.24596232825736966,0.3401388888888889,0.0,0.0,0.1875,0.1278125,0.042326388888888886,260,0.07083049901632316,0.04055555555555555,0.07517361111111111
YbT-kDUSgQ0,0.3686798303513073,0.20545395448691933,0.27308292483660124,0.202258291994806,0.29680555555555554,0.0,0.0,0.2568229166666667,0.04609375,0.038836805555555555,122,-0.022852595379004748,0.01359375,0.09128472222222223
T1rYCqZ6mgU,0.32253089658224404,0.27744752033556225,0.47530827886710236,0.28333207239955915,0.2722222222222222,1.0,0.0,0.4292361111111111,0.09619791666666666,0.06166666666666667,235,0.19543357798861233,0.03046875,0.23765625
BBMY5V2d7AY,0.3393452703976034,0.31918862981742224,0.3926820533769063,0.2994308415684132,0.1629861111111111,0.0,0.0,0.41928819444444443,0.1189236111111111,0.05776041666666667,121,0.14259922807434072,0.051076388888888886,0.40265625
AYjF4LG6C2E,0.26440011486928106,0.2965967470545648,0.22892728758169933,0.2075141560476387,0.24703125,1.0,0.0,0.21651041666666668,0.01513888888888889,0.03388888888888889,103,0.0822536263395657,0.018090277777777778,0.46375
Ssng7kj254I,0.3002041713916121,0.22751452900522276,0.379500612745098,0.22820615295805508,0.3915798611111111,1.0,0.0,0.32059027777777777,0.15777777777777777,0.036458333333333336,188,0.13310853819551288,0.012708333333333334,0.15074652777777778
8D9nQCf-GNc,0.23939169195261434,0.2773757451901571,0.3605854438997821,0.21342460406659855,0.23149305555555555,1.0,0.0,0.38928819444444446,0.028993055555555557,0.047378472222222225,49,0.2186151321188833,0.04595486111111111,0.4097395833333333
vRCcSFSx80A,0.33180556684368184,0.25291100707625774,0.5166715005446624,0.23257493000124996,0.35291666666666666,0.0,0.0,0.13034722222222223,0.5640277777777778,0.02309027777777778,215,0.06516781342641087,0.04423611111111111,0.15567708333333333
0jVypXmHFzo,0.3900843890931372,0.21887758270646565,0.6306121323529412,0.3744077074547317,0.2775520833333333,0.0,0.0,0.070625,0.7362673611111111,0.07538194444444445,215,-0.0907332717253127,0.00970486111111111,0.04145833333333333
L8AYgKYbpi0,0.4390494122821351,0.27461411624243104,0.5768263888888889,0.38492220043975006,0.16019097222222223,0.0,0.0,0.22944444444444445,0.43560763888888887,0.08164930555555555,325,-0.12535136236611066,0.01390625,0.028229166666666666
Utpx9dKuJBY,0.3661518762118736,0.28808835183984466,0.3849881535947713,0.22326289674621158,0.27567708333333335,0.0,0.0,0.47100694444444446,0.006822916666666666,0.03671875,164,0.1703251082132886,0.04095486111111111,0.12347222222222222
yInPmVbNpH8,0.43725996067538125,0.2839717532293058,0.46753063725490196,0.25557974970891445,0.17854166666666665,0.0,0.0,0.07586805555555555,0.4443402777777778,0.03833333333333333,120,0.03732010974460509,0.02921875,0.16244791666666666
NNNgT8c89w8,0.48935182321623094,0.194184092590204,0.29553839869281046,0.2349938438369023,0.22739583333333332,0.0,0.0,0.32581597222222225,0.035902777777777777,0.033125,223,-0.030139350316501445,0.02328125,0.017638888888888888
UwS4d8hT0mE,0.33269740904139433,0.23402916211165745,0.7176466503267974,0.3141662576394992,0.12482638888888889,1.0,0.0,0.16211805555555556,0.6764583333333334,0.06864583333333334,220,0.08313603416687515,0.011788194444444445,0.03222222222222222
JF_W3Oa6w8g,0.2892363522875817,0.27242746810142354,0.6389257897603485,0.26792337426755164,0.28194444444444444,1.0,0.0,0.16020833333333334,0.6114583333333333,0.02329861111111111,264,0.07310102420870773,0.039878472222222225,0.25230902777777775
HQpPJNFcYkI,0.29030283999183004,0.24832191238049497,0.415207788671024,0.17557828560350203,0.22633680555555555,1.0,0.0,0.01630208333333333,0.5896354166666666,0.017309027777777777,104,0.0639461037764662,0.023072916666666665,0.25199652777777776
tgKMalfIbvY,0.46193758026960785,0.25367970480888,0.48021371187363837,0.30800538770667135,0.39602430555555557,0.0,0.0,0.22256944444444443,0.42960069444444443,0.05206597222222222,373,-0.09706134473676215,0.024618055555555556,0.09935763888888889
bAXFetQ9Eec,0.36341356864106755,0.30980940798711004,0.4795279820261438,0.31807422282421993,0.25592013888888887,0.0,0.0,0.41788194444444443,0.06487847222222222,0.09753472222222222,287,0.06495862586703216,0.05586805555555555,0.26647569444444447
BH3SF86-vS8,0.19333281674836605,0.28327261823153654,0.5657538807189543,0.1882113269815779,0.11934027777777778,1.0,0.0,0.012690972222222222,0.6713368055555555,0.02032986111111111,162,0.07297607155235769,0.039774305555555556,0.5535416666666667
mrCSPKsAhk4,0.5265435997140523,0.1928374547510042,0.050393314270152506,0.05393580902981279,0.07111111111111111,0.0,0.0,0.05465277777777778,0.0,0.0,29,-0.13073479629725665,0.038836805555555555,0.0013020833333333333
d8Bxnn5wfTU,0.36420448812636164,0.24291660913340773,0.34870915032679745,0.23489789412687306,0.24904513888888888,0.0,0.0,0.10588541666666666,0.37881944444444443,0.030243055555555554,220,0.01995800393163394,0.05255208333333333,0.07902777777777778
rntBJRfE8CQ,0.31263261000816994,0.2779980128939798,0.23080351307189545,0.08985235764745021,0.21256944444444445,1.0,0.0,0.12736111111111112,0.07059027777777778,0.0,73,0.07136091109605147,0.05461805555555556,0.24628472222222222
ERi_OzXqZx0,0.07125845535130719,0.18162449307826478,0.566358455882353,0.0984117421405061,0.10159722222222223,1.0,0.0,0.06138888888888889,0.5583680555555556,0.0005729166666666667,17,-0.002166032992455963,0.0115625,0.8427951388888889
xqf20LE9Z0U,0.4215903136982571,0.19286449175662018,0.32216666666666666,0.157019476943479,0.10809027777777777,0.0,0.0,0.38885416666666667,0.0032118055555555554,0.0,80,0.009616979659153313,0.00020833333333333335,0.01828125
f2n-2FXw2Zw,0.5447320143790849,0.2377644202934755,0.10175095315904138,0.142563707265951,0.12123263888888888,0.0,0.0,0.07072916666666666,0.006145833333333333,0.024670138888888887,44,0.09759229668354352,0.028541666666666667,0.09842013888888888
Tqck05p6rYU,0.48954309458061007,0.17989488838203238,0.20342939814814814,0.14374028327315813,0.07935763888888889,0.0,0.0,0.23918402777777778,0.023819444444444445,0.0,54,-0.036127113920957576,5.208333333333334e-05,0.04503472222222222
YF_saRv0BPA,0.2831481824891068,0.14272539789264843,0.8540967456427015,0.4988428323902679,0.08618055555555555,0.0,0.0,0.2694097222222222,0.6913368055555555,0.13817708333333334,45,-0.012632677120802238,0.014253472222222223,0.0334375
8O8JdmFAyjA,0.5498851693491286,0.3080977901716383,0.16340727124183005,0.08604768301378264,0.17703125,0.0,0.0,0.09453125,0.013125,0.0020833333333333333,62,0.18663051697836602,0.2702951388888889,0.06376736111111111
fW6k0QF__1A,0.6427272813453159,0.2729260388140397,0.18926232298474946,0.13931435027263164,0.17074652777777777,0.0,1.0,0.14447916666666666,0.025885416666666668,0.004375,138,0.15154067455298503,0.23722222222222222,0.04512152777777778
qekB5Jhwx0A,0.16919253924291938,0.13667589143829825,0.4887583741830065,0.0965969342514381,0.12336805555555555,1.0,0.0,0.04505208333333333,0.7137326388888889,0.0,34,0.12120091251019496,0.0,0.21777777777777776
AArfyWiXbFI,0.3017228662309368,0.3017902376345543,0.6490482706971678,0.24368920125442886,0.16805555555555557,1.0,0.0,0.09032986111111112,0.6515972222222223,0.03043402777777778,117,0.17419130921874812,0.11286458333333334,0.14930555555555555
zjYcBccva-k,0.5144314117919392,0.2476218251036043,0.37336070261437904,0.39694927748110376,0.10085069444444444,0.0,0.0,0.3330902777777778,0.10623263888888888,0.21763888888888888,118,0.020524486724300517,0.0015451388888888889,0.049479166666666664
6nNwTzVTFcU,0.41591916550925917,0.2288959883062794,0.16694151688453157,0.15638180080980307,0.11456597222222223,0.0,0.0,0.06470486111111111,0.012326388888888888,0.021197916666666667,77,0.16760603510233812,0.06588541666666667,0.040625
uJVUjk1mjI0,0.3714861868464052,0.33550656067925266,0.30207918028322445,0.11487932113870272,0.11397569444444444,0.0,0.0,0.2403125,0.1815277777777778,0.0005034722222222222,86,0.2524290807890467,0.1734548611111111,0.2363888888888889
dX8VAyqqurw,0.32797710635893246,0.278719780873977,0.490183346949891,0.17271859743141163,0.16609375,1.0,0.0,0.06854166666666667,0.6899305555555556,0.0,83,-0.0839618498514591,0.03888888888888889,0.2012847222222222
z5qNOzE-xr0,0.3477848589733115,0.2545676809899513,0.2621808278867102,0.14176702713655037,0.12927083333333333,1.0,0.0,0.25385416666666666,0.09034722222222222,0.0,89,0.2313866511310651,0.035833333333333335,0.05744791666666667
unVbo0bjUhc,0.13868173229847494,0.21274970064420481,0.034764365468409594,0.0048606708387606,0.09998263888888889,1.0,0.0,0.026041666666666668,0.002013888888888889,0.0,6,-0.013412753699689056,0.027916666666666666,0.7778993055555555
Fj3nJ4fiCEg,0.48054824458061,0.3780680128994876,0.43110580065359483,0.2489944037399269,0.16822916666666668,1.0,0.0,0.06729166666666667,0.41758680555555555,0.00015625,68,0.08912474249180452,0.30701388888888886,0.12211805555555555
G2U14ONQ5kk,0.5625730268110022,0.1940887673513601,0.7172180010893248,0.6052956493986303,0.171875,0.0,0.0,0.04394097222222222,0.7184895833333333,0.6808506944444445,83,-0.045208362492887955,0.04862847222222222,0.025086805555555557
3TCsOp4yxDw,0.431657538916122,0.3036219425217134,0.22375013616557732,0.10043852548730099,0.2253125,0.0,0.0,0.13515625,0.1431076388888889,0.00036458333333333335,87,-0.13709014516542328,0.10243055555555555,0.10262152777777778
GOFHTAwfXV0,0.3459144472766884,0.31820972122704433,0.34992109204793026,0.15861647446049815,0.18385416666666668,1.0,0.0,0.41053819444444445,0.15678819444444445,0.0022569444444444442,66,0.19711320547877842,0.11088541666666667,0.20175347222222223
MikDvAqmTqs,0.2480221184640523,0.2753815103941885,0.5372424428104575,0.18465393936587735,0.20010416666666667,1.0,0.0,0.1718576388888889,0.5683506944444444,0.017204861111111112,107,-0.028412741805670355,0.05475694444444444,0.36289930555555555
rs6vRrqF8Ss,0.27044286022603486,0.26326159017931683,0.6643760893246188,0.2509703154451071,0.16269097222222223,1.0,0.0,0.13918402777777777,0.6243402777777778,0.036041666666666666,166,-0.0775474555270883,0.019947916666666666,0.28184027777777776
mDdJrx_ZAkk,0.3231694702205883,0.237106754107537,0.7045052423747278,0.3994237708127885,0.21994791666666666,0.0,0.0,0.047309027777777776,0.7381423611111111,0.2697222222222222,177,0.006601734233606049,0.028975694444444443,0.199375
YBfvGq-KU_s,0.21387854276960783,0.20154492287090306,0.6106631944444445,0.23803712083688144,0.13848958333333333,1.0,0.0,0.30949652777777775,0.49166666666666664,0.0346875,160,0.06159976808469034,0.014791666666666667,0.35100694444444447
7_NzJeT_4e8,0.23849896199618734,0.25845462878110886,0.6910604575163399,0.22719683997213944,0.2725,1.0,0.0,0.22008680555555554,0.6007986111111111,0.022083333333333333,227,0.002220252395611383,0.034618055555555555,0.33508680555555553
YjFlxdR9YmU,0.3549436776688453,0.2559436545350849,0.5720959967320263,0.3091916343820425,0.3960590277777778,0.0,0.0,0.2984895833333333,0.4853472222222222,0.06862847222222222,519,0.12579320719987674,0.012986111111111111,0.15336805555555555
wOFWmXwUEWo,0.37626314836601304,0.27779474527032844,0.5308106617647058,0.29950793503573303,0.2995659722222222,0.0,0.0,0.38027777777777777,0.2900347222222222,0.052118055555555556,354,0.13475945763581781,0.026875,0.15888888888888889
SV3-KWk0rwM,0.3768420942946623,0.28928799327626115,0.5491672794117647,0.25464032686389726,0.3268923611111111,0.0,0.0,0.47789930555555554,0.2727951388888889,0.00578125,298,0.20726946642302374,0.01887152777777778,0.1907638888888889
B0YbG5q6J8w,0.45368586350762535,0.32237557590164073,0.5433841230936819,0.34422085171772926,0.32526041666666666,0.0,0.0,0.33491319444444445,0.32927083333333335,0.05954861111111111,442,0.07872667118915977,0.04397569444444444,0.22621527777777778
7KR69Yb2XKc,0.29684641018518515,0.23660780446361424,0.5717571486928105,0.24296986695078512,0.24989583333333334,1.0,0.0,0.3564409722222222,0.47039930555555554,0.0165625,201,-0.0016298613985691324,0.01125,0.15223958333333334
EMN6bWqcPas,0.30753793525326795,0.2507453676628567,0.6505404411764706,0.3274209476539319,0.28619791666666666,1.0,0.0,0.19265625,0.686875,0.050104166666666665,318,0.032087977511622234,0.016788194444444446,0.16015625
GeOdZNFIY_I,0.3178986178921569,0.25969915096874147,0.4503629493464052,0.165537126266266,0.33541666666666664,0.0,0.0,0.20487847222222222,0.37017361111111113,0.010503472222222223,192,0.017745558174083687,0.020086805555555556,0.2209375
AgYQ9lz_bCM,0.46254599994553364,0.22165016733466655,0.44758517156862737,0.24631796892981894,0.2415625,0.0,0.0,0.15046875,0.6032638888888889,0.005086805555555555,200,0.12163326848173395,0.00484375,0.05817708333333333
bg1yUVHvgLg,0.28847109129901966,0.23237749882938183,0.3968199891067538,0.200965936229801,0.2582465277777778,1.0,0.0,0.1636284722222222,0.54171875,0.04994791666666667,112,-0.017830896037209498,0.03657986111111111,0.0646701388888889
fjX5iDZdKF8,0.3067872572848584,0.2538697985812698,0.598573052832244,0.31398151496294363,0.17321180555555554,0.0,0.0,0.44083333333333335,0.0134375,0.00026041666666666666,155,0.11441344153394423,0.0428125,0.13802083333333334
GZf3I6WJQZM,0.3100703793709151,0.2860556744721902,0.6354694308278868,0.2542647014799061,0.21329861111111112,1.0,0.0,0.16258680555555555,0.5755381944444444,0.007152777777777778,373,0.103256004542086,0.03204861111111111,0.27328125
ROyJACqAn3I,0.41932369688180826,0.3274924101878135,0.46924407679738567,0.27704581814335494,0.3476215277777778,0.0,0.0,0.31958333333333333,0.29399305555555555,0.03675347222222222,339,0.1049637564788019,0.09994791666666666,0.18807291666666667
wDlDOvFTQGg,0.2973831901552288,0.2771855772407687,0.4443639025054465,0.29286302755497806,0.2205902777777778,1.0,0.0,0.33144097222222224,0.3527430555555556,0.09972222222222223,136,0.02327906916817546,0.04227430555555556,0.17131944444444444
0HcP0nIrmEY,0.1992081025054466,0.2047435888142656,0.42949053649237473,0.13556790936123297,0.19387152777777777,1.0,0.0,0.047100694444444445,0.5188020833333333,0.006302083333333333,59,-0.002921000412986763,0.02357638888888889,0.3437673611111111
fYY_GFm4ays,0.27066548533496726,0.23082612579509235,0.45166979847494554,0.1947331225562369,0.20913194444444444,1.0,0.0,0.2634201388888889,0.45803819444444444,0.014322916666666666,147,-0.04237552701106306,0.02388888888888889,0.0959375
fvihH8HiTmg,0.1790353631944444,0.16654833326634455,0.4688219635076252,0.12921843592657453,0.1535763888888889,1.0,0.0,0.07956597222222223,0.61546875,0.003246527777777778,70,-0.04144858031632098,0.003628472222222222,0.22701388888888888
sEb0vRw-2Qo,0.1992680933006536,0.22927740484600934,0.3966843681917211,0.24096818123447836,0.16197916666666667,1.0,0.0,0.36246527777777776,0.06576388888888889,0.0640625,67,0.053870889582706666,0.017760416666666667,0.33380208333333333
Ccr1e52KUMg,0.21062083145424834,0.2213489715305986,0.4261235702614378,0.17162117338662033,0.2395138888888889,1.0,0.0,0.2928645833333333,0.25579861111111113,0.012222222222222223,149,0.07400950548542465,0.024913194444444446,0.4503298611111111
PxSAGaKpnD8,0.24064701354847498,0.22836899399251023,0.3774046840958606,0.17302563450439093,0.16119791666666666,1.0,0.0,0.3303125,0.2838541666666667,0.0069791666666666665,93,-0.03963986709701808,0.020121527777777776,0.3250868055555556
ldFtXum4FYE,0.16100381070261435,0.19396218948310237,0.5901569989106754,0.147156113003046,0.14944444444444444,1.0,0.0,0.0825,0.7521875,0.00640625,67,-0.07454154152553086,0.015364583333333333,0.48986111111111114
MrANdwFQ75w,0.19387825584150326,0.16064544796569907,0.5084260620915032,0.11902455449765763,0.09473958333333334,1.0,0.0,0.008472222222222223,0.8038888888888889,3.472222222222222e-05,31,-0.024002036726624626,0.015017361111111112,0.034652777777777775
Xt1EqPkUvZc,0.14664439737200435,0.09056012060419066,0.5942540168845317,0.37506641716937167,0.07831597222222222,1.0,0.0,0.5840104166666666,0.21756944444444445,0.03881944444444444,50,0.009994509858090056,0.00020833333333333335,0.09425347222222222
dgHQ02QnKls,0.23654322385620913,0.2033555423242274,0.5956710239651416,0.29981916781553597,0.21696180555555555,1.0,0.0,0.12196180555555555,0.6429166666666667,0.02982638888888889,302,0.007030228909918584,0.021979166666666668,0.28322916666666664
OA_tt9jxmbg,0.24941663656045748,0.21007996219064448,0.5922933006535948,0.13760385270270875,0.14326388888888889,1.0,0.0,0.00026041666666666666,0.8372569444444444,0.005052083333333333,61,-0.03804086637976567,0.03236111111111111,0.038524305555555555
XlW1gio17ko,0.21518260819716775,0.2111722620445318,0.26708660130718953,0.1274269979066451,0.1506076388888889,1.0,0.0,0.10491319444444444,0.10746527777777778,0.0038368055555555555,93,-0.020780512778962923,0.021354166666666667,0.17022569444444444
_7I8q8atZLc,0.15014688552559913,0.191963271212977,0.28669417211328974,0.09472211051437222,0.17039930555555555,1.0,0.0,0.15477430555555555,0.17446180555555554,0.0021006944444444445,43,0.0008664231354800489,0.017100694444444446,0.4765277777777778
ObrJkNJxy2M,0.1513370489651416,0.2271850106518328,0.601753336056645,0.2545982204279845,0.10232638888888888,1.0,0.0,0.536875,0.24418402777777778,0.0018055555555555555,37,-0.07284418183403771,0.05237847222222222,0.4580208333333333
LANzP0OUoZs,0.19120264403594775,0.19094506774534367,0.38140999455337693,0.15971501444863642,0.1385763888888889,1.0,0.0,0.3104166666666667,0.29583333333333334,0.00578125,57,-0.04332537005496373,0.02423611111111111,0.13946180555555557
ud7j26Uw1MI,0.22321104298747277,0.21340070072265577,0.6470639978213507,0.2092289637593966,0.2916840277777778,1.0,0.0,0.09732638888888889,0.52109375,0.012013888888888888,104,0.043128454265077554,0.015364583333333333,0.26220486111111113
mcZ2kWOV5ss,0.22252146077069718,0.2619026280822683,0.4452257625272331,0.2116971375961993,0.3016666666666667,1.0,0.0,0.32786458333333335,0.11107638888888889,0.015,249,-0.08723582442607322,0.02685763888888889,0.4992534722222222
v0gAbp5Ooi0,0.18449129424019609,0.2507971917034822,0.6508865059912855,0.2679963315173263,0.25980902777777776,1.0,0.0,0.19149305555555557,0.24840277777777778,0.03310763888888889,280,-0.04349542123958264,0.039288194444444445,0.49819444444444444
1ZzofQ6E9qU,0.20600460565087148,0.2509813483380583,0.6472030909586057,0.2801407567636297,0.28133680555555557,1.0,0.0,0.11295138888888889,0.42135416666666664,0.03689236111111111,361,-0.05175100880833533,0.03265625,0.4060416666666667
GQDltVMlaoc,0.2771799460784313,0.3224348102243593,0.5032857434640524,0.17842663254145436,0.2581597222222222,1.0,0.0,0.27703125,0.06612847222222222,0.017743055555555557,137,0.045506930117645505,0.09376736111111111,0.4428125
TxWSp9aw12Q,0.16684963005174286,0.21850845004703348,0.6519374319172113,0.29922577138533313,0.2969097222222222,1.0,0.0,0.18256944444444445,0.31116319444444446,0.07152777777777777,298,-0.02649953648017722,0.02347222222222222,0.5191145833333334
5GTEI0nGxc0,0.29810025465686274,0.29329465306197067,0.6107421023965142,0.32258208467593824,0.40097222222222223,1.0,0.0,0.4129513888888889,0.05545138888888889,0.08097222222222222,450,-0.018662183822520995,0.02045138888888889,0.3763888888888889
D4PJ9kQDe2M,0.21057620085784315,0.28257037699320525,0.4979831154684095,0.1364866872691137,0.2940625,1.0,0.0,0.25977430555555553,0.03319444444444444,0.0035243055555555557,124,-0.043327356129050115,0.04802083333333333,0.5491319444444445
ZriPGiHpo4k,0.19591181998910676,0.23328464737907492,0.4323976034858389,0.21847321399474784,0.3277777777777778,1.0,0.0,0.29845486111111114,0.11409722222222222,0.03619791666666667,113,0.01935886475893675,0.030850694444444444,0.42428819444444443
dc59tsYtKpc,0.2569344511574074,0.23544258558856235,0.4712932325708061,0.2593121760271707,0.1720486111111111,1.0,0.0,0.44100694444444444,0.155625,0.042708333333333334,119,0.16104143030608273,0.00019097222222222223,0.2925173611111111
l6HI6CsGh7E,0.24983672308006533,0.25865181532540826,0.38304895152505447,0.28382232404964575,0.2218923611111111,1.0,0.0,0.3692708333333333,0.08100694444444445,0.07359375,81,0.08871293508385936,0.03392361111111111,0.28996527777777775
x9yPCPvBFnA,0.47970180520152494,0.2375847693487073,0.31530984477124174,0.3681855606774802,0.4335763888888889,0.0,0.0,0.33664930555555556,0.043298611111111114,0.10605902777777777,350,0.016828715103290814,0.025659722222222223,0.04467013888888889
QaRD5mdxQNg,0.5930962260212419,0.2723025271689606,0.33882747821350767,0.4384745036189832,0.42614583333333333,0.0,1.0,0.2532986111111111,8.680555555555556e-05,0.16583333333333333,273,-0.053994283735736115,0.10543402777777777,0.011458333333333333
1FJ37hzhd1c,0.29053772890795204,0.28341344738877133,0.15643123638344225,0.06780510635960135,0.1070138888888889,1.0,0.0,0.012760416666666666,0.1271701388888889,0.0014930555555555556,44,0.20775374979187394,0.021354166666666667,0.36788194444444444
G1wRx34aXdQ,0.43558504244281043,0.22001292271812026,0.2888844635076253,0.3484184130617847,0.32914930555555555,0.0,0.0,0.17963541666666666,0.08265625,0.07883680555555556,248,-0.04817873437075609,0.0030381944444444445,0.0027430555555555554
mnGsiTzYS9U,0.29932596685729845,0.22110245139825851,0.7431984613289758,0.6073995838957987,0.19550347222222222,1.0,0.0,0.6690625,0.01595486111111111,0.3764409722222222,182,0.026278020245955713,0.032065972222222225,0.05782986111111111
OPfLeRjMAv8,0.4659831368191721,0.36735157142512975,0.298588575708061,0.19856809405548326,0.13932291666666666,0.0,0.0,0.03885416666666667,0.23925347222222224,0.012447916666666666,52,-0.041139666338966485,0.05789930555555556,0.22197916666666667
JZs1AaulW2s,0.7345572681644879,0.22448665572847445,0.18632489106753813,0.13190615651405793,0.3375,0.0,1.0,1.736111111111111e-05,0.1556597222222222,0.010277777777777778,74,0.040063138514223384,0.17088541666666668,0.009305555555555555
xSr8B2mVYYU,0.4902681678376906,0.2880740605733557,0.2645930010893246,0.2615992933299397,0.3108854166666667,0.0,0.0,0.23078125,0.03411458333333333,0.0015972222222222223,95,0.0740383059021762,0.05203125,0.034166666666666665
jpnDE2TfVaQ,0.5234347945125272,0.29063304669014417,0.3421758578431373,0.2705934677318529,0.12256944444444444,0.0,0.0,0.08625,0.31182291666666667,0.053663194444444444,54,0.15186732101557093,0.038836805555555555,0.1687847222222222
9bK7yDulZMQ,0.32395131146514156,0.2706072553183755,0.5449654820261438,0.27152155551841023,0.26875,1.0,0.0,0.18041666666666667,0.4323958333333333,0.03916666666666667,258,0.17835180494347075,0.03539930555555556,0.1846875
fSS9MlfZLIw,0.5962668801742919,0.25268677146737717,0.3020772739651416,0.3712585971199424,0.2021875,0.0,0.0,0.24664930555555556,0.020815972222222222,0.13119791666666666,209,0.09200429678342881,0.10654513888888889,0.018472222222222223
OkgRZfXQBC4,0.34694592391067536,0.28859344296049744,0.3789711328976035,0.18118477486162554,0.25046875,0.0,0.0,0.17776041666666667,0.26904513888888887,0.01890625,177,0.06411019276839053,0.013159722222222222,0.2746180555555556
UBPptl8gPVA,0.4160013621868192,0.2569760548453554,0.6425349945533768,0.3178303108506642,0.14993055555555557,0.0,0.0,0.11631944444444445,0.5950347222222222,0.0023784722222222224,141,0.14833172529465166,0.0835763888888889,0.019774305555555555
Q90uUp53SxE,0.5742180095452069,0.18369600503397782,0.4049608523965142,0.24447396193192622,0.17315972222222223,0.0,0.0,0.02078125,0.7705902777777778,0.007604166666666667,86,0.016871927452248303,0.06704861111111111,0.022256944444444444
RuQZwl9Cas0,0.4182864492919389,0.2130683909370831,0.3605503812636165,0.34647632739854656,0.15116319444444445,0.0,0.0,0.06157986111111111,0.39229166666666665,0.07286458333333333,86,0.055663604268784694,0.007048611111111111,0.06713541666666667
1-JIqiV4NQg,0.2525237400462963,0.2563411121532393,0.30321098856209144,0.24997957794850345,0.17824652777777777,1.0,0.0,0.3575173611111111,0.027100694444444445,0.06590277777777778,66,0.13936907282474115,0.04046875,0.16894097222222224
hZcDu2CRQ0E,0.5382598054057733,0.27884856025428323,0.5470867374727669,0.4089799240358376,0.2193402777777778,0.0,0.0,0.4802604166666667,0.31397569444444445,0.06189236111111111,282,-0.015269471464151474,0.02013888888888889,0.04161458333333334
5ESBxNqlkrE,0.555354800217865,0.21480762782908044,0.4977830882352941,0.4053724609105047,0.16300347222222222,0.0,0.0,0.09199652777777778,0.6653819444444444,0.07840277777777778,163,0.06416940500939505,0.030850694444444444,0.046232638888888886
QEuoeyhGK4I,0.22355775495642702,0.22451526354500198,0.640175517429194,0.34015287402593875,0.21628472222222223,1.0,0.0,0.06303819444444445,0.6589756944444445,0.09935763888888889,264,0.15642726119395814,0.017291666666666667,0.3277777777777778
CM5Ika947bE,0.5845785971813725,0.24237776096926295,0.34148965141612203,0.2669634831630363,0.1747048611111111,0.0,0.0,0.06569444444444444,0.5951909722222222,0.015347222222222222,114,-0.030632384025057302,0.07678819444444444,0.055625
RuIBrQQGaFs,0.45704802543572987,0.19204199459732296,0.4530063316993464,0.2667265925696151,0.17182291666666666,0.0,0.0,0.03795138888888889,0.7472395833333333,0.030833333333333334,93,0.09662614836866401,0.0275,0.017881944444444443
8ZravgzsyCE,0.28756108484477116,0.26143578513703053,0.3583998502178649,0.10156769933125938,0.21869791666666666,1.0,0.0,0.6419097222222222,0.005052083333333333,0.0,42,0.13928657567012379,0.04456597222222222,0.06498263888888889
SXLXn5jpaoA,0.19966364154411764,0.24981061754916611,0.25767708333333333,0.07265491256816586,0.15444444444444444,1.0,0.0,0.3293229166666667,0.009583333333333333,0.0,44,0.08945499145213445,0.04038194444444444,0.5164409722222222
86B0ZY88zKo,0.4349633313997821,0.25729937753752274,0.15382032952069716,0.08801658575989409,0.17628472222222222,0.0,0.0,0.11555555555555555,0.0011979166666666666,5.208333333333334e-05,72,0.13033934382588624,0.07770833333333334,0.01907986111111111
FAXqmbnH4M0,0.5664165419934639,0.20995657564986822,0.5730194035947712,0.4026392070947929,0.17208333333333334,0.0,0.0,0.017013888888888887,0.7584895833333334,0.2709722222222222,155,-0.033718992316909446,0.05147569444444444,0.035277777777777776
UmkH44cy7ZM,0.4933342933687364,0.21919963436580622,0.372625204248366,0.23783048459862466,0.14442708333333334,0.0,0.0,0.02345486111111111,0.6303298611111111,0.010711805555555556,121,0.06310019677954848,0.04902777777777778,0.05236111111111111
x3gbM7gMovU,0.39627037489106753,0.2456169496906807,0.33598188997821354,0.19117965435440937,0.2403472222222222,0.0,0.0,0.37774305555555554,0.0033159722222222223,0.026284722222222223,109,0.22056264923286267,0.038315972222222223,0.022065972222222223
YUux48Md3HY,0.5198897638208061,0.2485174237846328,0.28956576797385614,0.22270290591926195,0.23414930555555555,0.0,0.0,0.35071180555555553,0.13161458333333334,0.00045138888888888887,110,0.14166987238324857,0.09178819444444444,0.03769097222222222
mEziVOfJgxI,0.5258861019744008,0.173848841201064,0.1895827205882353,0.09189897243213027,0.1065798611111111,0.0,0.0,0.11828125,0.00390625,0.0,47,0.04861093939428873,0.0011284722222222221,0.015399305555555555
aI4YfoFg6t0,0.5543293520833333,0.22671190971648114,0.2383766339869281,0.14998483208101204,0.1609722222222222,0.0,0.0,0.10175347222222222,0.18894097222222223,0.0,98,0.10512437705230404,0.09519097222222223,0.031041666666666665
vfGR2odgs2k,0.18989214434912854,0.1565282831652529,0.6669222494553377,0.21089293166059667,0.10703125,1.0,0.0,0.50796875,0.2915625,0.016163194444444445,97,0.09157273558474507,0.00010416666666666667,0.2475
XHCZ0hdhpnc,0.5212780974673201,0.28950698775623457,0.2965962690631808,0.20149246780201474,0.19618055555555555,0.0,0.0,0.24085069444444446,0.23206597222222222,0.006197916666666667,159,0.025445873242645245,0.11809027777777778,0.023368055555555555
TUdOdP9fsjY,0.2554332869417211,0.22109677290368615,0.38096282679738563,0.20708768259628277,0.19534722222222223,1.0,0.0,0.37310763888888887,0.04564236111111111,0.05001736111111111,134,0.007584228166542362,0.014201388888888888,0.19145833333333334
Fu5F9le_rhU,0.143187936083878,0.16571736040949372,0.4350748910675381,0.13448592584407948,0.10331597222222222,1.0,0.0,0.20402777777777778,0.3609027777777778,0.010555555555555556,58,0.02170118889553513,0.00375,0.4822222222222222
oPDn5wz_jAM,0.34752178986928106,0.22744987033834166,0.3883751361655774,0.26873699964086034,0.12744791666666666,0.0,0.0,0.5558854166666667,0.018055555555555554,0.08723958333333333,70,0.15684675811384524,0.0,0.11583333333333333
SpKFhpLRxk0,0.38075851377995634,0.21327803104513252,0.3757873774509804,0.16225191439726197,0.16210069444444444,0.0,0.0,0.03578125,0.42756944444444445,0.009027777777777777,98,0.09318318694546918,0.0031770833333333334,0.07647569444444445
v2giv8slGbU,0.4393488780092593,0.3088477378492474,0.49794451252723315,0.1759165179029689,0.19225694444444444,0.0,0.0,0.8102430555555555,0.00036458333333333335,0.0006076388888888889,109,0.09326494405738933,0.007934027777777778,0.08086805555555555
TaJu87bwAv8,0.3735577538398693,0.2785974574568542,0.5102326388888889,0.3360156566824273,0.3235763888888889,0.0,0.0,0.37322916666666667,0.2723611111111111,0.10265625,486,0.08810640760064675,0.017361111111111112,0.14618055555555556
0y96xQvWczM,0.4625877148011982,0.2490485813324467,0.6292324346405229,0.38726550527111675,0.2371875,0.0,0.0,0.2983159722222222,0.04793402777777778,0.15866319444444443,434,0.11983589229343655,0.044947916666666664,0.020416666666666666
d2o1EXGO1q8,0.31833591683006535,0.2843468236165473,0.7200365604575164,0.4072538682298733,0.18975694444444444,1.0,0.0,0.14973958333333334,0.6705034722222222,0.09380208333333333,297,0.03811319828243609,0.07911458333333334,0.10506944444444444
Z7IWZhbNklc,0.5460967278730936,0.2593934117668608,0.4216627178649237,0.2678305451637033,0.2722048611111111,0.0,0.0,0.753125,0.016996527777777777,0.013385416666666667,211,0.07869639163477071,0.08581597222222222,0.022743055555555555
P0H25V55xwI,0.6689789983523964,0.21612089709433227,0.6498747957516341,0.5120106097808828,0.16911458333333335,0.0,1.0,0.7097743055555555,0.004184027777777778,0.5942708333333333,81,-0.04037537473535224,0.06826388888888889,0.04767361111111111
H3a4a-jaW6E,0.4902473155501089,0.3178311715566154,0.3208434095860566,0.19285902264989338,0.3696701388888889,0.0,0.0,0.28369791666666666,0.163125,0.007447916666666667,224,0.08008398637796776,0.14088541666666668,0.10788194444444445
BIHxQVpFh5Q,0.4597594120778866,0.2304453936360199,0.487756399782135,0.2082007079928156,0.4376388888888889,0.0,0.0,0.7332638888888889,0.008802083333333334,0.0029861111111111113,155,0.10806786231559173,0.009184027777777777,0.03131944444444444
cAKOaLPXlIA,0.36485236290849665,0.21330255357618388,0.71578227124183,0.24544055454099478,0.2919965277777778,0.0,0.0,0.9697395833333333,0.0,0.07251736111111111,106,0.06264049008428396,0.008993055555555556,0.05251736111111111
ZfIEvbYK2zQ,0.3778649634940087,0.29360360329140855,0.7138820125272332,0.357521570268321,0.425625,0.0,0.0,0.85984375,0.02717013888888889,0.1795138888888889,352,0.005732683039766984,0.04258680555555556,0.19991319444444444
DLfJI2pKPO0,0.3687358917755991,0.24556530520072428,0.5556388208061003,0.32692233939198373,0.3441840277777778,0.0,0.0,0.5493229166666667,0.21272569444444445,0.08944444444444444,427,0.015706706944977555,0.025972222222222223,0.09625
S8DZEnHGWrI,0.3616438694716774,0.25131176565314733,0.6191213916122005,0.3933287041374378,0.3108680555555556,0.0,0.0,0.5490972222222222,0.21977430555555555,0.11694444444444445,647,0.07496885682498072,0.024739583333333332,0.09618055555555556
N4wx5W-Iarc,0.6172407599945533,0.27176232138558687,0.31404193899782135,0.12685462075477383,0.3762152777777778,0.0,1.0,0.3710763888888889,0.01918402777777778,0.0025868055555555557,78,0.1295879194026559,0.07555555555555556,0.021649305555555557
FNx_LPPJthQ,0.4712007572167756,0.26942595012634263,0.5672052015250545,0.21091934659738718,0.49609375,0.0,0.0,0.8472395833333334,0.00010416666666666667,0.022100694444444444,143,0.01812294436511258,0.061649305555555554,0.06234375
iNV5P3OyIIU,0.5750642858523964,0.29556356079235885,0.3704518654684096,0.14661611070264913,0.41479166666666667,0.0,0.0,0.46911458333333333,0.0028819444444444444,0.0009895833333333334,101,0.0380721601554983,0.05251736111111111,0.035
umQlRexZg1k,0.5666514602124182,0.24208258913978767,0.37792585784313726,0.2548193238084807,0.31756944444444446,0.0,0.0,0.4829513888888889,0.03607638888888889,0.04532986111111111,371,0.15647062231380915,0.05928819444444444,0.02359375
ltniX4H6kME,0.40565440861928104,0.19354654573572458,0.8446220724400871,0.5503319057784459,0.19394097222222223,0.0,0.0,0.16142361111111111,0.76734375,0.37201388888888887,238,0.07758392312952539,0.02439236111111111,0.006059027777777778
1EC83j_mj_w,0.48153357188180823,0.2719785682353445,0.568104098583878,0.33542200329757405,0.2563715277777778,0.0,0.0,0.39515625,0.36074652777777777,0.08291666666666667,150,-0.004279218770037063,0.10144097222222222,0.0036458333333333334
HggBUbcKbJE,0.4393714342592593,0.2554345356189971,0.45017476851851856,0.2365668973898328,0.3265104166666667,0.0,0.0,0.4622222222222222,0.0246875,0.029409722222222223,267,0.14996427112215988,0.015364583333333333,0.042152777777777775
zdtvLoHg9Uk,0.46011727470043573,0.27416745352993893,0.36108925653594776,0.2206551508232853,0.3248263888888889,0.0,0.0,0.30767361111111113,0.18845486111111112,0.023003472222222224,301,0.14341789272947364,0.032586805555555556,0.029930555555555554
ZJXLQNvA6Sw,0.4455355443082788,0.24006007034737425,0.7148425245098039,0.36059618827044193,0.3233333333333333,0.0,0.0,0.9142361111111111,0.027083333333333334,0.18404513888888888,301,0.07260857683916444,0.006458333333333333,0.06552083333333333
0l3-Q_Fuzig,0.448403701075708,0.23807506387209473,0.4287718545751633,0.21776806761361345,0.3798958333333333,0.0,0.0,0.5539236111111111,0.017604166666666667,0.026319444444444444,250,-0.11811700355668031,0.02263888888888889,0.03453125
Rd5KtwEzNTc,0.451901368872549,0.289327603820062,0.3821267701525055,0.210284789970644,0.29364583333333333,0.0,0.0,0.38,0.06553819444444445,0.021805555555555557,228,0.09112075887758264,0.040399305555555556,0.08401041666666667
igWMJKyiOeY,0.5710611065767973,0.22227586765681356,0.37275469771241826,0.2954047499719888,0.3257638888888889,0.0,0.0,0.19598958333333333,0.35208333333333336,0.019305555555555555,405,-0.0037474663592509394,0.007447916666666667,0.006736111111111111
RihAOI9RoBE,0.47714206680283217,0.23925698925878813,0.4534206154684096,0.3031639292546375,0.3243229166666667,0.0,0.0,0.4181944444444444,0.2725520833333333,0.023038194444444444,495,0.18665573743953578,0.013177083333333334,0.03501736111111111
MbYkxqrbFYc,0.5528230077886709,0.2621028268346059,0.45036560457516334,0.3183049255113908,0.3859722222222222,0.0,0.0,0.5262673611111112,0.05918402777777778,0.07401041666666666,446,0.0007538804366826746,0.09878472222222222,0.03173611111111111
uRhWyHd3AXU,0.27114377848583876,0.2511076272238349,0.22669900599128542,0.09045026816412535,0.21079861111111112,1.0,0.0,0.2693402777777778,0.02666666666666667,0.0,47,0.10751946527780185,0.053871527777777775,0.2032986111111111
Z9r3YWIYDmk,0.5004053264842048,0.2507041458711672,0.26730344498910674,0.2108256115637146,0.28855902777777775,0.0,0.0,0.14607638888888888,0.0032118055555555554,0.03326388888888889,192,-0.02874139508887663,0.0475,0.03574652777777778
ndLXXg1AA_8,0.39040238884803924,0.24551732031025825,0.6302162309368191,0.22745318589077307,0.21505208333333334,0.0,0.0,0.9847569444444444,0.00046875,0.02050347222222222,84,-0.1107444571456121,6.944444444444444e-05,0.09897569444444444
67wWpEuccFE,0.26073188334694986,0.17269174264033235,0.471073052832244,0.2617162927611361,0.3067708333333333,1.0,0.0,0.6183506944444445,0.025069444444444443,0.057847222222222223,146,0.0043442242633372485,0.0003993055555555556,0.09326388888888888
DC17JOHNVHo,0.3961434404684096,0.2677897101852766,0.5667891476034859,0.5097524000613755,0.3215104166666667,0.0,0.0,0.505625,0.14894097222222222,0.2448611111111111,612,0.15065625117739645,0.04534722222222222,0.07112847222222222
0VK_7Zwe3yw,0.4291065943355119,0.21287344897999652,0.35141959422657953,0.25444512250621965,0.3114236111111111,0.0,0.0,0.1943923611111111,0.2550868055555556,0.02046875,275,0.006750200825281938,0.01704861111111111,0.026163194444444444
Fo7hb00_07A,0.440227430787037,0.2922857104249785,0.41472310729847495,0.1895862175273915,0.49145833333333333,0.0,0.0,0.6131423611111111,0.008454861111111111,0.017847222222222223,179,0.07928915401448111,0.10630208333333334,0.08104166666666666
f7ZWhfPYxME,0.39960167724673207,0.2641942709001279,0.45551157407407405,0.13675089891438438,0.3413715277777778,0.0,0.0,0.7128472222222222,0.00019097222222222223,0.002534722222222222,93,0.08952692656749611,0.040399305555555556,0.0640451388888889
lEmiEE6fzVg,0.44751945006808275,0.20512912567159677,0.5928321759259259,0.23389805599818503,0.22668402777777777,0.0,0.0,0.8744618055555555,0.00026041666666666666,0.015052083333333334,90,0.06767977331867314,0.0,0.014704861111111111
rxhsuRfJgnE,0.41203722837690626,0.23008606477557983,0.44450469771241835,0.262034703387412,0.14359375,0.0,0.0,0.39293402777777775,0.3653645833333333,0.014513888888888889,139,0.01639990348172804,0.06541666666666666,0.05482638888888889
uI4KqhQ5Qgs,0.5216127377178649,0.27590474889108124,0.3237885348583878,0.2506085685232639,0.30397569444444444,0.0,0.0,0.14102430555555556,0.08166666666666667,0.036319444444444446,119,0.03366356849222185,0.10296875,0.03048611111111111
loQw3MQUydU,0.46064036989379087,0.3049886225498049,0.3343952886710239,0.2647766567974025,0.2259548611111111,0.0,0.0,0.22810763888888888,0.010677083333333334,0.05513888888888889,83,0.08598052270485973,0.12152777777777778,0.04855902777777778
GWWB0H_RJnM,0.47164760570533765,0.290585057186238,0.3176645561002179,0.21427522904418472,0.20359375,0.0,0.0,0.4460590277777778,0.022899305555555555,0.016458333333333332,141,-0.10432578080007254,0.07284722222222222,0.06461805555555555
AWUgGeBuX8Y,0.44427738421840957,0.32480632088699785,0.2973766339869281,0.22439631930410409,0.24894097222222222,0.0,0.0,0.3285416666666667,0.023368055555555555,0.034444444444444444,119,0.12618615083621182,0.09112847222222223,0.11125
JYCcCc9wE6w,0.45156729325980394,0.3326281393050391,0.2969596269063181,0.22558132254173316,0.17798611111111112,0.0,0.0,0.3267013888888889,0.042569444444444444,0.027881944444444445,100,0.09906138377803358,0.14378472222222222,0.11232638888888889
jC1gj30Trfc,0.3992468381944444,0.30203234042965416,0.3974396786492375,0.22795952461954952,0.26524305555555555,0.0,0.0,0.5922916666666667,0.005607638888888889,0.020989583333333332,154,0.057318445417556374,0.0915625,0.13984375
1GcVR6O7RYo,0.32140336783769063,0.3487120518171695,0.6863061002178649,0.27853129094559054,0.1661284722222222,1.0,0.0,0.13310763888888888,0.6332986111111111,0.025972222222222223,92,-0.00991221789335256,0.08982638888888889,0.42942708333333335
Y6Ko8X9lDuA,0.4901558125136165,0.21068724762701435,0.27552342047930284,0.21288154332808482,0.36522569444444447,0.0,0.0,0.18909722222222222,0.134375,0.015260416666666667,165,-0.024838376990068023,0.04493055555555556,0.023489583333333335
9TSnq4LRBmo,0.46937433048747274,0.29120832409757014,0.3636396377995642,0.2022892891219239,0.19067708333333333,0.0,0.0,0.50625,0.05390625,0.016059027777777776,119,-0.07461120770122354,0.08741319444444444,0.08369791666666666
NeU1ZgW6PBg,0.47174201341230937,0.2991653021076964,0.20840550108932462,0.19232987039423927,0.44616319444444447,0.0,0.0,0.17977430555555557,0.012743055555555556,0.022118055555555554,107,0.02795558113960528,0.13517361111111112,0.04376736111111111
2ukJgInLwdE,0.4467546025054466,0.316955406870721,0.44312561274509804,0.24970149581554815,0.23873263888888888,0.0,0.0,0.6177256944444445,0.03635416666666667,0.025763888888888888,136,-0.006208342679896062,0.07654513888888889,0.20852430555555557
vugiFP3H3bY,0.4166656883033769,0.31398008078111866,0.4282317538126362,0.2683866840809638,0.20347222222222222,0.0,0.0,0.5776215277777778,0.09972222222222223,0.04282986111111111,137,0.026362930286297825,0.10690972222222223,0.12586805555555555
Y9FuioNZcvw,0.4757794999455337,0.3030051263627727,0.3390763208061002,0.24632603449147839,0.1773611111111111,0.0,0.0,0.5055729166666667,0.012760416666666666,0.039288194444444445,117,0.1881975234363264,0.09045138888888889,0.08720486111111111
ZEOROS36we0,0.5742012223311546,0.24140032724302712,0.5044993872549018,0.35557297899543155,0.11942708333333334,0.0,1.0,0.13315972222222222,0.8247222222222222,0.036319444444444446,62,-0.010246674459246652,0.08802083333333334,0.04597222222222222
B-1gkmaT7iE,0.42941028571623086,0.24318656278702655,0.31434463507625277,0.1982901043746924,0.1711111111111111,0.0,0.0,0.4274131944444444,0.0024131944444444444,0.01373263888888889,75,-0.10336251800487828,0.06180555555555556,0.05416666666666667
_YzZheDG028,0.47341312457788665,0.3031239906093886,0.43098025599128537,0.23011019192907864,0.14807291666666667,0.0,0.0,0.6491493055555555,0.009045138888888889,0.0109375,67,0.058676304103858934,0.04942708333333334,0.12015625
vJrjdMpRV0s,0.4545643856617646,0.22263137758717816,0.3517221541394336,0.22894450851086756,0.16909722222222223,0.0,0.0,0.09371527777777777,0.3762673611111111,0.011753472222222222,127,0.05806621510924548,0.039079861111111114,0.036875
n0e0R3pIHTY,0.44017234517973847,0.3168940032876509,0.4796211873638344,0.2494468451247477,0.18399305555555556,0.0,0.0,0.7072569444444444,0.008454861111111111,0.023368055555555555,119,0.019395079537408766,0.08675347222222222,0.16102430555555555
r932ds_v5yc,0.47203961926742916,0.19257196503327023,0.4414270152505447,0.23624038134934955,0.06602430555555555,0.0,0.0,0.5443229166666667,0.0017534722222222222,0.024288194444444446,55,0.08202892419944924,0.046857638888888886,0.05329861111111111
Zra7isHSVMo,0.4945043778458605,0.21384623916673232,0.3853457244008715,0.20693997259328842,0.12880208333333334,0.0,0.0,0.6499652777777778,0.0014756944444444444,0.015833333333333335,57,-0.004893439771355146,0.06897569444444444,0.05423611111111111
McA4-mgYm4Q,0.555453815917756,0.2779559973108014,0.2890628404139433,0.2011262881552314,0.37288194444444445,0.0,0.0,0.19409722222222223,0.13859375,0.006944444444444444,366,0.10265391985406014,0.09734375,0.049166666666666664
xv7OWNQHjkw,0.5873549751770151,0.27345488164532933,0.41450292755991286,0.28431476038139,0.3182638888888889,0.0,0.0,0.11159722222222222,0.3463888888888889,0.00546875,401,0.10845508635610823,0.14036458333333332,0.043125
iXkSTPrNu_4,0.49553334441721136,0.33060446386121606,0.4421612881263617,0.26528117350303915,0.43322916666666667,0.0,0.0,0.17302083333333335,0.3801215277777778,0.029270833333333333,488,-0.0013176025953241521,0.13152777777777777,0.12868055555555555
BIjXo0g-mw4,0.41036843977396514,0.27972781619014553,0.596738834422658,0.3575712126482497,0.3092013888888889,0.0,0.0,0.29279513888888886,0.4013715277777778,0.06982638888888888,552,0.03632466427595338,0.05196180555555555,0.09960069444444444
ZjWKYaYnL6Y,0.37559767720588233,0.3102670796902449,0.46318110021786485,0.19751391507965288,0.3621701388888889,0.0,0.0,0.25862847222222224,0.18248263888888888,0.01390625,362,-0.07129430742196763,0.07003472222222222,0.225625
kkS2Rz5WTjE,0.21874710477941173,0.25635236471343287,0.5100385348583878,0.18040577519950418,0.21338541666666666,1.0,0.0,0.1879861111111111,0.44296875,0.027743055555555556,127,0.031115852001295408,0.01595486111111111,0.4981770833333333
vKgo1-VFBkE,0.33455315172930283,0.3267505677344611,0.3337418300653594,0.22867292327467625,0.2845486111111111,1.0,0.0,0.13211805555555556,0.25536458333333334,0.05223958333333333,133,0.010869152709058638,0.11196180555555556,0.18013888888888888
hCyuNZ89e1I,0.5144894691448801,0.19295034727649785,0.1889104711328976,0.18033022583781846,0.19302083333333334,0.0,0.0,0.12986111111111112,0.02345486111111111,0.016145833333333335,124,0.02035622457797559,0.019618055555555555,0.0011284722222222221
ubWQyHvKRQE,0.33477287483660134,0.34399527646964345,0.1489537037037037,0.09359334462916262,0.2196875,1.0,0.0,0.012482638888888889,0.10913194444444445,0.00046875,28,0.03611711126554901,0.13652777777777778,0.2643576388888889
QOrruSg8oLo,0.3840096502450981,0.39499417916478796,0.27548699618736383,0.11885184286041564,0.33177083333333335,1.0,0.0,0.09154513888888889,0.3713888888888889,0.009409722222222222,59,0.23821587146084755,0.22414930555555557,0.46515625
MoP-LUNLRTw,0.3431892706018519,0.303276914259558,0.08438528050108932,0.013591239233287927,0.3909375,0.0,0.0,0.00546875,0.019305555555555555,0.0,16,0.08518575309038962,0.09739583333333333,0.16446180555555556
o1ZkUn7FCGY,0.2352167211056645,0.27767884988628183,0.1709175517429194,0.0493148147456028,0.22741319444444444,1.0,0.0,0.010659722222222221,0.1540625,0.0,19,0.06692456025976287,0.016180555555555556,0.33602430555555557
eQjZxfjdS-U,0.27897263612472767,0.26524864919436686,0.20751545479302833,0.1380480047160325,0.3094791666666667,1.0,0.0,0.09352430555555556,0.09659722222222222,0.012586805555555556,123,0.06361171880442062,0.0159375,0.10809027777777777
HWtCQW5M_wA,0.3940247429874728,0.42738264204487797,0.14357298474945535,0.15564649147243603,0.10680555555555556,1.0,0.0,0.042743055555555555,0.03777777777777778,0.009461805555555555,9,-0.00902730770856125,0.02050347222222222,0.5109375
yt2FWJt9h1U,0.4631080795615468,0.29689556691981667,0.3824904003267973,0.2334122036399651,0.28053819444444444,0.0,0.0,0.13456597222222222,0.39458333333333334,0.005277777777777778,293,-0.010673555331582263,0.05592013888888889,0.08491319444444445
uhb-y8D9Re4,0.2551854504221133,0.21346243241217006,0.5179808006535949,0.20012892917932665,0.13788194444444443,1.0,0.0,0.725625,0.04980902777777778,0.012881944444444444,56,-0.0024902748905201166,0.038177083333333334,0.2332986111111111
led0nCZHVkQ,0.24718210089869283,0.2916199573770475,0.44180017701525054,0.13060590812006034,0.2231423611111111,1.0,0.0,0.03868055555555556,0.6541319444444444,0.014201388888888888,37,-0.02289678879549628,0.07710069444444445,0.36789930555555556
ezz3ljKnxns,0.3938883049972767,0.27181585150688814,0.35514515250544654,0.19010855715249025,0.24977430555555555,0.0,0.0,0.43524305555555554,0.03012152777777778,0.006649305555555556,195,-0.08762187793609572,0.065,0.13444444444444445
Yy1aojpQyXA,0.37665395992647055,0.35184092858683064,0.15051062091503264,0.04474305519440098,0.2522048611111111,1.0,0.0,0.009427083333333334,0.2517361111111111,0.00017361111111111112,18,0.19092389383858338,0.14743055555555556,0.2629861111111111
o12TyFQIcqw,0.26613582116013074,0.2623725348133071,0.3622470724400872,0.1356703960974759,0.2950347222222222,1.0,0.0,0.05227430555555555,0.23387152777777778,0.010104166666666666,79,0.05553387073936919,0.07376736111111111,0.2365451388888889
2_7beCYSFgI,0.21487866708877998,0.2566294769212368,0.39312513616557726,0.1678477618129906,0.17854166666666665,1.0,0.0,0.33380208333333333,0.15557291666666667,0.011302083333333334,100,-0.015915136100459942,0.05659722222222222,0.39119791666666665
n233GPgOHJg,0.4384150319172114,0.26104404869306974,0.3780142973856209,0.21214064786850506,0.3845138888888889,0.0,0.0,0.41522569444444446,0.0920138888888889,0.0074131944444444445,303,-0.06685510852024346,0.04086805555555555,0.08546875
K_m8NDwyf-E,0.47942005160675377,0.265395213954736,0.45032257625272337,0.2920498467503342,0.2731423611111111,0.0,0.0,0.44588541666666665,0.09423611111111112,0.059756944444444446,259,-0.11171714360298879,0.053802083333333334,0.07605902777777777
FY7A29wavXQ,0.1757856898420479,0.1692515518108843,0.2734692265795207,0.14798667888251288,0.1268923611111111,1.0,0.0,0.12243055555555556,0.12180555555555556,0.0008854166666666666,83,-0.008015482495700166,0.005069444444444444,0.08684027777777778
rDLrU1hIYO0,0.3563961044526144,0.28505874458732144,0.33530895969498903,0.1205335845353369,0.2760763888888889,0.0,0.0,0.20930555555555555,0.21302083333333333,3.472222222222222e-05,126,0.1571738268571246,0.03076388888888889,0.16489583333333332
5q_9JEbwKMQ,0.3609433558687364,0.2883422936744836,0.31236281318082787,0.18095140340589885,0.31484375,0.0,0.0,0.19576388888888888,0.15529513888888888,0.007048611111111111,375,-0.19412741645661968,0.06536458333333334,0.11793402777777778
iHhfLVPc8N8,0.5435586234613289,0.33524567288357143,0.1504923066448802,0.0497575847020908,0.13194444444444445,0.0,1.0,0.00203125,0.28821180555555553,0.0,14,-0.38101354508643714,0.052395833333333336,0.0375
1wolt8Js70A,0.3743660120098039,0.3131818264593782,0.5195117783224401,0.21184149783525008,0.36020833333333335,0.0,0.0,0.09590277777777778,0.43560763888888887,0.0,170,-0.0834949105762644,0.071875,0.23532986111111112
vsMTaeUsd1Y,0.14144781132897605,0.15333941210626564,0.5288912717864924,0.10842306853690564,0.06352430555555555,1.0,0.0,0.016875,0.5808333333333333,0.0,31,0.09892153101223249,0.00026041666666666666,0.3761111111111111
KXl8hLW4S-8,0.8407179876361656,0.164128171112769,0.15958912037037037,0.12020017684030304,0.06409722222222222,0.0,1.0,0.0,0.09772569444444444,5.208333333333334e-05,24,-0.0998047563458776,0.26944444444444443,0.0109375
SKkwldd_LiM,0.28469348144063183,0.29355146111493663,0.5737238562091503,0.3021602576505585,0.23993055555555556,1.0,0.0,0.025815972222222223,0.5596527777777778,0.04236111111111111,104,0.005265088895496706,0.10300347222222223,0.24612847222222223
8guiFHwcpao,0.12200462716503269,0.12062670706610129,0.40828159041394335,0.11324480214454671,0.1290798611111111,1.0,0.0,0.016788194444444446,0.7149652777777777,0.005017361111111111,24,0.06151678655307416,0.0015104166666666666,0.5508506944444445
HERnFgochyE,0.20311375678104573,0.21095920286161665,0.23742708333333334,0.10379269743452092,0.15399305555555556,1.0,0.0,0.1148263888888889,0.051354166666666666,0.004288194444444444,81,0.18674103027173758,0.00640625,0.20065972222222223
gORR7mTNOkU,0.30776802625272326,0.3334381139224624,0.2894498229847494,0.2086271029295761,0.19951388888888888,1.0,0.0,0.03288194444444444,0.05869791666666667,0.0,26,-0.10598370378975863,0.06826388888888889,0.52171875
1p-N95MB7oE,0.630578110130719,0.3603114962660537,0.4682595996732026,0.5120603576865717,0.20932291666666666,0.0,1.0,0.019895833333333335,0.29296875,0.20210069444444445,182,-0.08038729243342935,0.22642361111111112,0.15729166666666666
-mQFrhttwts,0.28996660299564275,0.32519956010313983,0.42536540032679737,0.36123488323402264,0.19866319444444444,1.0,0.0,0.0546875,0.18878472222222223,0.18578125,182,-0.056517773133885674,0.00782986111111111,0.4742881944444444
YMnYygng6nY,0.3469405836601307,0.33525049304455806,0.40377022058823525,0.33309982686038775,0.22105902777777778,1.0,0.0,0.12196180555555555,0.06975694444444444,0.17288194444444444,111,-0.08288403171584674,0.0002777777777777778,0.38536458333333334
GeuKQiknwl4,0.3932026650326797,0.3650702599031742,0.4390362881263617,0.35211059208539935,0.28477430555555555,1.0,0.0,0.0340625,0.13005208333333335,0.18803819444444445,145,-0.01769629940042,0.04255208333333333,0.38953125
UzSZvWHDB0E,0.3829402192946623,0.36562537550082796,0.39442224945533766,0.3505808631300223,0.2637673611111111,1.0,0.0,0.02638888888888889,0.11975694444444444,0.19121527777777778,135,-0.054651842403098894,0.042604166666666665,0.40890625
7K6-fKK7oSw,0.8396543302423748,0.18431026128156755,0.03881358932461874,0.07133674250774938,0.12232638888888889,0.0,1.0,0.012274305555555556,0.01953125,0.00078125,30,-0.008767612236932343,0.12942708333333333,0.005225694444444444
QwljQFu4r9c,0.8292553348583878,0.1153405394832279,0.039055487472766874,0.08978436352797181,0.06524305555555555,0.0,1.0,0.008315972222222223,0.03171875,0.004027777777777778,24,-0.05558521494174595,0.0627951388888889,0.0007118055555555556
oNtZ1eMqQ3g,0.3188984458469499,0.30712523207216835,0.4020717592592593,0.3283834729286083,0.20151041666666666,0.0,0.0,0.35628472222222224,0.05510416666666667,0.16208333333333333,90,-0.17038011160976865,0.11560763888888889,0.30605902777777777
TFtMYzS5XCU,0.4357182365332244,0.3517381758657477,0.47061478758169933,0.340731923943888,0.44350694444444444,0.0,0.0,0.0720486111111111,0.5102256944444444,0.1143923611111111,387,-0.05070421188218621,0.16180555555555556,0.23840277777777777
Y2grSvKAFwY,0.23116491821895424,0.2189692966054428,0.18646309912854034,0.17431861107240113,0.10642361111111111,1.0,0.0,0.13940972222222223,0.04434027777777778,0.03449652777777778,84,-0.11746727612064439,0.013559027777777777,0.23217013888888888
lNnNs7HUIpM,0.40800870076252727,0.2763448386118489,0.2832574210239652,0.10194234616212657,0.2701736111111111,0.0,0.0,0.03730902777777778,0.27164930555555555,0.0,105,0.13401059373205193,0.07559027777777778,0.11942708333333334
QeGhSWRUu-M,0.6093527601988018,0.2533679041644462,0.649076797385621,0.6406653700883771,0.19789930555555554,0.0,1.0,0.6942534722222222,0.09329861111111111,0.5352604166666667,316,-0.09249088689080132,0.04192708333333333,0.004878472222222222
QaUuYkhuJYk,0.3595910411356209,0.2210219610203741,0.2510773420479303,0.16589906816215103,0.13881944444444444,0.0,0.0,0.021006944444444446,0.26758680555555553,0.0018923611111111112,118,-0.19094274083870508,0.002204861111111111,0.11423611111111111
3Ou5x-RAi48,0.29722465906862744,0.27132777150301673,0.6320107570806102,0.4629486496835389,0.2836284722222222,1.0,0.0,0.6415104166666666,0.05682291666666667,0.20385416666666667,236,-0.020810694976428956,0.029583333333333333,0.20135416666666667
BZY0FItizeQ,0.3282830061819172,0.2844753014362155,0.6402192946623093,0.34026000815012586,0.30723958333333334,1.0,0.0,0.47375,0.32352430555555556,0.058368055555555555,575,0.1968018684128131,0.024427083333333332,0.26484375
Ssx3vHxy4Vw,0.35363581899509805,0.2659366041562226,0.5452111247276689,0.38760819409811775,0.2170138888888889,0.0,0.0,0.4859375,0.07934027777777777,0.12649305555555557,294,0.029723154807415553,0.015034722222222222,0.1442013888888889
HYGQJpT0NJI,0.358339816993464,0.2836998151159871,0.5529359340958606,0.31535651907312795,0.25446180555555553,0.0,0.0,0.5177430555555556,0.17713541666666666,0.06140625,413,0.10129396824957765,0.03453125,0.21855902777777778
X6iQmdsMt10,0.48471029119008713,0.2737630186765687,0.45279200708061007,0.32757930335738356,0.4571354166666667,0.0,0.0,0.47460069444444447,0.13868055555555556,0.08107638888888889,473,0.03098127712218529,0.019947916666666666,0.08821180555555555
C-cxHqIoQGk,0.3612729241149237,0.2304263459179137,0.3884756944444444,0.31413067431288083,0.35208333333333336,0.0,0.0,0.35020833333333334,0.12357638888888889,0.07703125,418,-0.05891092844072715,0.01640625,0.08381944444444445
ofjK7xu3I4Y,0.4955116579929194,0.31764738317419317,0.277886369825708,0.3190307959306383,0.3250173611111111,0.0,0.0,0.13807291666666666,0.15083333333333335,0.0828125,141,0.09654735456853636,0.11861111111111111,0.10765625
LZJ9aS5EkDM,0.4517553409994553,0.28775974243144775,0.37017524509803923,0.35132891807205346,0.296875,0.0,0.0,0.30776041666666665,0.041840277777777775,0.089375,330,-0.007436452693038609,0.11411458333333334,0.10352430555555556
Pg3y55CkIrw,0.286887989038671,0.2700273489365547,0.6445590958605666,0.3873524117205082,0.3212847222222222,1.0,0.0,0.27751736111111114,0.49039930555555555,0.08730902777777778,266,0.060499966317568044,0.07651041666666666,0.20069444444444445
Cw0oMsoIHtY,0.4761407740876906,0.3507087408703204,0.28990189270152505,0.3113678355589539,0.44755208333333335,0.0,0.0,0.18743055555555554,0.09692708333333333,0.08163194444444444,260,0.07627198023618237,0.15144097222222222,0.19807291666666665
8zTnS6u5PcU,0.3792647510212418,0.29885440478731895,0.4014653458605665,0.2749482809876647,0.29465277777777776,0.0,0.0,0.4294618055555556,0.06706597222222223,0.04592013888888889,178,0.09409460806211623,0.11369791666666666,0.17723958333333334
f358skxfT_g,0.34348992947984747,0.29713012439598635,0.4707619144880174,0.3765891673518431,0.38440972222222225,1.0,0.0,0.4584201388888889,0.08230902777777778,0.11602430555555555,239,0.018977116141097816,0.06366319444444445,0.22755208333333332
UZsOsl6Vlc4,0.5193176015931372,0.3471792437838948,0.2828718001089325,0.2675841005378391,0.40045138888888887,0.0,0.0,0.15727430555555555,0.10960069444444444,0.05295138888888889,205,-0.009528556591287929,0.12539930555555556,0.17298611111111112
u6uN96Cjxa0,0.3815785063044662,0.3230595389709677,0.41199734477124184,0.41831703552759975,0.3059201388888889,0.0,0.0,0.38567708333333334,0.044756944444444446,0.15354166666666666,304,-0.044028269830952094,0.14588541666666666,0.14972222222222223
5BdTgPaR8Z0,0.32627603274782124,0.17003284713846314,0.20076320806100217,0.10588634132250181,0.10154513888888889,0.0,0.0,0.23689236111111112,0.035138888888888886,0.0,57,-0.04560394375273963,0.03859375,0.0038194444444444443
LP-MkzSuDQI,0.49607012772331155,0.21514551052652128,0.6195438453159042,0.3746574433998738,0.08932291666666667,0.0,0.0,0.00010416666666666667,0.6653298611111111,0.04027777777777778,77,0.07493295597484279,0.029322916666666667,0.006579861111111111
TD4zTujJX3I,0.2364979835648148,0.30216271292847235,0.7966001497821351,0.37594904495298276,0.19456597222222222,1.0,0.0,0.2928125,0.49420138888888887,0.08973958333333333,236,-0.11625701137768918,0.10039930555555555,0.4393402777777778
oweVVB0HKZ0,0.3280321050108933,0.21531297040512026,0.660762391067538,0.21053904571791338,0.0848263888888889,0.0,0.0,0.9200868055555556,0.0,0.013854166666666667,28,0.016545962408600234,0.03123263888888889,0.03414930555555556
QVTM2lY44Lc,0.5817827209967321,0.1385081881066709,0.41905603213507625,0.13065112520115701,0.07036458333333333,0.0,0.0,0.9677430555555555,0.0,5.208333333333334e-05,33,0.0497482755286327,0.02064236111111111,0.00010416666666666667
0CnbNxSdBnQ,0.5079266864379084,0.28579385080886405,0.4945600490196079,0.2859180443939191,0.4923784722222222,0.0,0.0,0.3327951388888889,0.2290451388888889,0.024947916666666667,532,0.09535395169322658,0.10616319444444444,0.061371527777777775
lfmkg-QBHFY,0.32562765407135075,0.2687847024305304,0.28547494553376906,0.1611415918127379,0.2634201388888889,0.0,0.0,0.24755208333333334,0.10696180555555555,0.019600694444444445,175,-0.02205688218236812,0.060572916666666664,0.2002951388888889
wgQLVa7vsQw,0.18553503100490196,0.22742299968627058,0.3712636846405229,0.05465076246705097,0.14368055555555556,1.0,0.0,0.007135416666666667,0.5084722222222222,0.0,29,0.00913360950776207,0.041875,0.38862847222222224
SvDz5U1NBxU,0.564402119335512,0.3189873535317218,0.16883496732026143,0.10120854258293771,0.16121527777777778,0.0,0.0,0.06630208333333333,0.17439236111111112,0.0,54,0.09188815337598422,0.2800347222222222,0.009809027777777778
3Idz9tXoGpw,0.06613979433551198,0.16482771646787606,0.17526443355119828,0.02577043609373392,0.08631944444444445,1.0,0.0,0.057569444444444444,0.05583333333333333,0.0,9,0.03289533484467281,0.00010416666666666667,0.8406597222222222
BZ-FuOyLakA,0.5449300966094771,0.3159767691110977,0.17673270697167756,0.10161020298655896,0.16303819444444445,0.0,0.0,0.06619791666666666,0.1815451388888889,0.0,54,0.09239620370466406,0.25569444444444445,0.015069444444444444
2h3ZE8c8hdQ,0.38288587381535955,0.25387205134886515,0.340323461328976,0.20364596103059776,0.3626388888888889,0.0,0.0,0.12715277777777778,0.2925347222222222,0.021909722222222223,284,0.01085349076427139,0.05529513888888889,0.08982638888888889
RMH0L2It9E8,0.43567467423747275,0.2787867983065211,0.22101395697167758,0.12384459304074313,0.2522048611111111,0.0,0.0,0.02668402777777778,0.03012152777777778,0.0015451388888888889,67,0.07419027217249091,0.03822916666666667,0.16692708333333334
9npggP93ksg,0.40810583439542475,0.15136618422313383,0.41107741013071897,0.24278842960819347,0.26425347222222223,0.0,0.0,0.2732291666666667,0.16178819444444445,0.00017361111111111112,167,0.02945389428307227,0.004496527777777778,0.009184027777777777
Q4I-32bhZWs,0.5529921763480391,0.261735948174706,0.29119015522875813,0.22224406529479818,0.23762152777777779,0.0,0.0,0.13973958333333333,0.1737326388888889,0.0203125,208,-0.13949278537980758,0.10670138888888889,0.006076388888888889
t8H2SvViWJ0,0.3782407107706972,0.22748684808705072,0.3743304057734205,0.15105048240867286,0.32447916666666665,0.0,0.0,0.29270833333333335,0.10876736111111111,0.002638888888888889,169,0.12250793598167337,0.007170138888888889,0.12013888888888889
J8SAXUKbPmg,0.22825474682734204,0.14361886009773134,0.43185273692810455,0.16091704431192444,0.37463541666666667,1.0,0.0,0.21659722222222222,0.2584722222222222,0.0006076388888888889,127,0.023345887112469543,0.0015277777777777779,0.1659375
WQU3BarJHtk,0.4557081715141612,0.19284666553580135,0.3474901279956428,0.17374009796862971,0.25458333333333333,0.0,0.0,0.09140625,0.015555555555555555,0.00109375,90,0.04790288478821847,0.0004166666666666667,0.025069444444444443
7A0j1ogufms,0.4611383792075163,0.21769589630198422,0.2817057461873638,0.1833875500131318,0.19414930555555557,0.0,0.0,0.13850694444444445,0.02657986111111111,0.004409722222222222,160,-0.07927852357309234,0.013454861111111112,0.006197916666666667
XS_6x4Tb9hk,0.37813015676742917,0.2061930651403531,0.47044573801742917,0.25004016776389143,0.16522569444444443,0.0,0.0,0.154375,0.3073784722222222,0.00012152777777777777,175,-0.09822389443405244,0.00034722222222222224,0.0946875
Y9iuyjI75pE,0.3459925178785403,0.33729219136078936,0.3017888752723311,0.11195294479019013,0.06576388888888889,0.0,0.0,0.3285416666666667,0.04192708333333333,0.0,57,0.22492005420345595,0.105625,0.3219270833333333
zVljHrJrM9g,0.146899752246732,0.14395261714900048,0.2037372685185185,0.11825079135462399,0.16741319444444444,1.0,0.0,0.1492534722222222,0.06401041666666667,0.009253472222222222,28,0.040724105101865554,0.0013020833333333333,0.3205208333333333
axxi558UzzY,0.2944764785675381,0.3330506991434726,0.40909626906318075,0.4485794245493223,0.16479166666666667,1.0,0.0,0.24498263888888888,0.17848958333333334,0.18354166666666666,42,-0.03495605614084418,0.043020833333333335,0.4690972222222222
diS98AAm_Kk,0.5186290880446622,0.1883756270639516,0.4059545887799564,0.3331774569648636,0.13993055555555556,0.0,0.0,0.04331597222222222,0.34227430555555555,0.08645833333333333,207,0.09036624250890035,0.033038194444444446,0.015399305555555555
5ax-ZT2zjZ0,0.1576392948801743,0.15063238048131591,0.3714475762527233,0.15853771746926415,0.14078125,1.0,0.0,0.36494791666666665,0.08151041666666667,0.006961805555555555,53,0.04246128907651936,0.011961805555555555,0.25265625
otDTCGtS5_E,0.1270369698801743,0.2222437554085541,0.4922831563180827,0.24006540267037574,0.21472222222222223,1.0,0.0,0.24638888888888888,0.1665625,0.05965277777777778,55,0.03714538581453858,0.014149305555555556,0.731875
19rL-AyUmoA,0.07465486286764705,0.1807215316693019,0.4218010620915033,0.2721434891241773,0.18262152777777776,1.0,0.0,0.2531423611111111,0.07993055555555556,0.06425347222222222,33,-0.0334935649428407,0.011840277777777778,0.8090972222222222
wOs7WW1X5VY,0.15108887050653594,0.16029225459092902,0.6020673338779957,0.28583934853714005,0.17059027777777777,1.0,0.0,0.5941493055555556,0.06852430555555555,0.09598958333333334,71,-0.0450344727119477,0.007447916666666667,0.38024305555555554
ZnycovL2qWU,0.09794571343954248,0.1556655424616664,0.18514181644880176,0.07686202501696941,0.12524305555555557,1.0,0.0,0.058680555555555555,0.10743055555555556,0.004270833333333333,14,-0.020730920881724818,0.0096875,0.5084027777777778
WeZ8aHGX76U,0.19429172272603487,0.19149868374621873,0.06968477668845316,0.04989618541104077,0.1657465277777778,1.0,0.0,0.046024305555555554,0.0052430555555555555,0.0,26,0.15506898490888743,0.001857638888888889,0.2869097222222222
HRB0zob_aOo,0.05273964215686274,0.1530318543703877,0.1763251633986928,0.21961027460183183,0.049340277777777775,1.0,0.0,0.13321180555555556,0.03059027777777778,0.04423611111111111,10,0.01838814902406427,0.0042361111111111115,0.8464583333333333
aIudpw2rtIU,0.04306002900326796,0.1461310730444907,0.3706186002178649,0.19679036193067245,0.048003472222222225,1.0,0.0,0.038420138888888886,0.03125,0.04092013888888889,2,0.1099490621858179,0.0,0.9066666666666666
jGNMWshN5cQ,0.021386692497276687,0.04560741000314971,0.4183205337690632,0.08690657795563325,0.05848958333333333,1.0,0.0,0.30546875,0.05074652777777778,3.472222222222222e-05,3,0.00790573013524068,0.0,0.9283506944444444
3uj6qTeevBo,0.09161562583061002,0.20823644087285387,0.3671270424836602,0.2410544215165218,0.14100694444444445,1.0,0.0,0.25222222222222224,0.08196180555555556,0.056979166666666664,69,-0.03866865752141098,0.019739583333333335,0.7957291666666667
SgVjRZ90viI,0.1138606386574074,0.214557250743632,0.40953118191721133,0.40205689273028444,0.02394097222222222,1.0,0.0,0.10673611111111111,0.12734375,0.11088541666666667,44,-0.10283215018542144,0.0009201388888888889,0.7226215277777778
wnlLsXZaD88,0.06989439798474946,0.07883360849860568,0.814534790305011,0.27183644112130245,0.013472222222222222,1.0,0.0,0.7771527777777778,0.021284722222222222,0.013628472222222222,4,-0.009823217587166144,0.0,0.7640104166666667
BJ0Hg3YJ020,0.05545872017973855,0.16994172684081696,0.09142075163398691,0.12298761559745643,0.09348958333333333,1.0,0.0,0.05951388888888889,0.022135416666666668,0.021024305555555556,4,0.11045604106279357,0.00953125,0.8747916666666666
8vl2MDOg6s4,0.17214432557189543,0.1340039491196149,0.1129828431372549,0.04955566292159119,0.09885416666666667,1.0,0.0,0.014722222222222222,0.046788194444444445,1.736111111111111e-05,18,0.021030256697204597,0.0014583333333333334,0.041805555555555554
7UJULZgsHRo,0.2056926701797385,0.17347360458643532,0.4875727805010893,0.1794026004728626,0.12223958333333333,1.0,0.0,0.46230902777777777,0.2310763888888889,0.007881944444444445,58,0.02895009474338922,0.004340277777777778,0.3305902777777778
bVNSfgcIGyc,0.4601223319852941,0.2030846820850012,0.7796996187363834,0.508890518618036,0.13925347222222223,0.0,0.0,0.20581597222222223,0.4585590277777778,0.037725694444444444,199,0.038412037656325115,0.007517361111111111,0.05684027777777778
18GJkidnnTc,0.41055011078431375,0.26245082650084883,0.49974434912854027,0.2614835956376253,0.16527777777777777,0.0,0.0,0.09350694444444445,0.31100694444444443,0.004861111111111111,105,0.06965556682413948,0.011145833333333334,0.09010416666666667
rIG0T5iqr40,0.7396732039079521,0.3850883370916547,0.09326429738562089,0.15776329317594287,0.1576736111111111,0.0,1.0,0.07796875,0.012517361111111111,0.026805555555555555,12,-0.14229667647270128,0.5800694444444444,0.18512152777777777
nRUqaGNut1c,0.4959277022194988,0.35057145776217385,0.3575895288671024,0.24187233122514915,0.05817708333333333,0.0,1.0,0.051006944444444445,0.5906423611111111,0.0015625,16,-0.2572791519837386,0.0,0.3165451388888889
LgS3fwv8YF0,0.13556369995915032,0.1308911101586168,0.20795315904139433,0.10303961565602789,0.09482638888888889,1.0,0.0,0.15694444444444444,0.02737847222222222,0.002013888888888889,17,0.014288831253224665,0.003125,0.22543402777777777
KCCJrQkuc9k,0.4920881383986927,0.3186590760191634,0.3092585784313726,0.3001931220069166,0.12039930555555556,0.0,1.0,0.043159722222222224,0.47930555555555554,0.041666666666666664,37,0.005455676757758099,0.05588541666666667,0.0103125
Q6UX6MtJrYQ,0.7048870799291939,0.17863065402047348,0.4063322440087145,0.3746950568935809,0.07809027777777777,0.0,1.0,0.08019097222222223,0.5404166666666667,0.0018055555555555555,72,0.09004562681209938,0.0215625,0.0024131944444444444
zxQSjuV04TA,0.274839287377451,0.2659063681437971,0.13365352668845318,0.07248889816120509,0.1659548611111111,1.0,0.0,0.08260416666666667,0.03484375,0.0,23,-0.03138541029754638,0.010434027777777778,0.16682291666666665
1Zfl_2uPqwE,0.338002237622549,0.23457425334629542,0.5440124591503268,0.16891417634149936,0.1053125,1.0,0.0,0.012430555555555556,0.8,0.0,57,0.07837370840099595,0.07138888888888889,0.010086805555555555
POpsRGpiAsI,0.25828722866285403,0.29268541466936204,0.7371180555555557,0.3422433959469137,0.2,1.0,0.0,0.16121527777777778,0.6673611111111111,0.017361111111111112,80,0.01175955594549194,0.09989583333333334,0.3095833333333333
IdnZKkijWD0,0.23901348511710238,0.26448845048352004,0.2916189406318083,0.16247179183383587,0.1844097222222222,1.0,0.0,0.34932291666666665,0.012239583333333333,0.00024305555555555555,61,0.12107569453770262,0.02015625,0.38319444444444445
nlxkRng_Nj8,0.1674045470588235,0.22544357855937863,0.4026286083877995,0.1796038306234856,0.15713541666666667,1.0,0.0,0.17425347222222223,0.4185763888888889,0.03602430555555555,30,0.03923633150658726,0.03680555555555556,0.5497916666666667
hRNdgD2fmJU,0.16523333299291942,0.24219327568886573,0.3865504493464052,0.18183576746541022,0.16340277777777779,1.0,0.0,0.008611111111111111,0.12222222222222222,0.0546875,18,0.01835846665698554,0.03743055555555556,0.7804861111111111
akzKBQVyFEI,0.10576319007352941,0.17248552378003032,0.44590468409586065,0.19243437670618832,0.09748263888888889,1.0,0.0,0.15704861111111112,0.7457638888888889,0.04923611111111111,12,0.03783511002658867,0.0059722222222222225,0.8577951388888889
39yNs1S90hA,0.16325024831154689,0.21923756628838167,0.3577309368191722,0.30858782315281086,0.12989583333333332,1.0,0.0,0.2765798611111111,0.016458333333333332,0.10916666666666666,29,-0.0525786055138919,0.03592013888888889,0.7234548611111111
BylqLPQvr1k,0.0957149594362745,0.2501992879028065,0.26555752995642706,0.1217918048504415,0.09440972222222223,1.0,0.0,0.07026041666666667,0.07845486111111111,0.023697916666666666,5,0.1559209278744551,0.03930555555555556,0.8714930555555556
csedW39zu2E,0.19258949955065358,0.2897039434089559,0.46379112200435735,0.25338527550727513,0.17998263888888888,1.0,0.0,0.07227430555555556,0.08413194444444444,0.12059027777777778,29,0.02440640051456225,0.03696180555555555,0.6755034722222222
XmTSBzKV4kg,0.09436670077614379,0.26440025951873014,0.18772821350762525,0.050192212755093585,0.07163194444444444,1.0,0.0,0.09638888888888889,0.043298611111111114,0.00026041666666666666,3,0.027303395671284036,0.054288194444444444,0.8883506944444445
EaorIKASLk8,0.1720039261029412,0.18438305788511947,0.31899026416122006,0.16873827061665092,0.1117361111111111,1.0,0.0,0.15795138888888888,0.11604166666666667,0.03753472222222222,37,0.04881537535156699,0.012986111111111111,0.3617534722222222
pEj1pDT9ZLM,0.13627262265795206,0.2059561030542572,0.814157066993464,0.28614154274843895,0.12524305555555557,1.0,0.0,0.46741319444444446,0.47098958333333335,0.06958333333333333,88,0.09596663519361781,0.005190972222222222,0.6474479166666667
Pqy4gIGL2ZM,0.2833803841230937,0.29623575002778735,0.3625258033769064,0.16639810885051826,0.17286458333333332,1.0,0.0,0.2234375,0.35887152777777775,0.0015451388888888889,134,-0.07878135300994354,0.1046875,0.21753472222222223
Bi3ibDXnsL0,0.18147174744008712,0.2316889878960194,0.4180017701525054,0.12040424069924167,0.09690972222222222,1.0,0.0,0.16532986111111111,0.5011805555555555,0.0005208333333333333,75,0.1787354174159015,0.038559027777777775,0.42876736111111113
m3tgTMk4rxI,0.28761103046023967,0.2921459097812537,0.3752366557734205,0.16985414322351705,0.2635416666666667,1.0,0.0,0.07456597222222222,0.016684027777777777,0.021423611111111112,105,-0.0034221805167059527,0.02815972222222222,0.3647048611111111
gdsNfIy3Y0A,0.2557237744417211,0.2941020004604884,0.41190202886710237,0.24011565071938434,0.2351909722222222,1.0,0.0,0.1821875,0.29661458333333335,0.07300347222222223,84,0.12066368121609428,0.07727430555555556,0.39739583333333334
dBURqWIIjLU,0.2360569880718954,0.27893402126252614,0.512680487472767,0.21328030593235855,0.28607638888888887,1.0,0.0,0.3394097222222222,0.32241319444444444,0.054010416666666665,112,0.06634771992812874,0.06746527777777778,0.39569444444444446
qxGsc16qnys,0.35300555762527236,0.37235606783770864,0.37061798747276686,0.12154275213130128,0.22147569444444445,1.0,0.0,0.10611111111111111,0.39505208333333336,0.00012152777777777777,152,-0.0042832936043910586,0.18258680555555556,0.32144097222222223
MnP0v3PM1OE,0.24644122517701522,0.2761423621639312,0.3845317265795207,0.2683294096797715,0.20255208333333333,1.0,0.0,0.4583333333333333,0.014565972222222221,0.07071180555555556,119,0.04900799867344813,0.06029513888888889,0.3773958333333333
eme7coYHQRM,0.1266464129493464,0.23206262855370513,0.3488095724400871,0.15230783679966553,0.10024305555555556,1.0,0.0,0.047204861111111114,0.2427777777777778,0.0013194444444444445,26,0.06265539434434797,0.0240625,0.6552083333333333
UbxKkNpcjWU,0.21967730842864924,0.26631740072896454,0.22196561819172114,0.09016525411936935,0.16743055555555555,1.0,0.0,0.09902777777777778,0.019270833333333334,0.0004166666666666667,76,0.03347094109771501,0.03352430555555556,0.47206597222222224
8WpoiJ4pZhM,0.27092152429193894,0.2969433134737757,0.3730878267973856,0.14128232074633826,0.17854166666666665,1.0,0.0,0.03734375,0.5547743055555555,0.012465277777777778,113,-0.03882068329601082,0.07128472222222222,0.266875
7JhmeYyL-z4,0.26499294260620915,0.26657082458577935,0.5086075708061002,0.18411604988680647,0.20307291666666666,1.0,0.0,0.148125,0.5785763888888888,0.006753472222222222,219,0.012213859634059132,0.056302083333333336,0.10196180555555556
mawWzGz2wvE,0.20336910687636162,0.22073223616484458,0.5874950980392157,0.18664976562387708,0.1487673611111111,1.0,0.0,0.03328125,0.7958333333333333,0.006927083333333334,131,0.08437184901011874,0.031614583333333335,0.2649652777777778
99fRP5a8nfo,0.18608814176198255,0.2181452384264795,0.5920851034858388,0.25122329239155783,0.0925,1.0,0.0,0.16376736111111112,0.7175520833333333,0.06322916666666667,142,0.08171880061613782,0.015399305555555555,0.39425347222222223
RYcbFGhremI,0.20706809157135073,0.16738442256135064,0.21485797930283224,0.19959368936717584,0.13100694444444444,1.0,0.0,0.26979166666666665,0.004496527777777778,0.006996527777777778,50,0.02191524462646599,0.022916666666666665,0.10239583333333334
wyK_Ff9br5E,0.8873372972903051,0.2026811006353755,0.06783803104575163,0.10861174746258201,0.10282986111111111,0.0,1.0,0.026145833333333333,0.05388888888888889,0.015052083333333334,10,-0.0820532028790747,0.76453125,0.015885416666666666
DgTLq1NfJI4,0.1758121337554466,0.2512730843285368,0.40105705337690634,0.2050496417753473,0.11923611111111111,1.0,0.0,0.05996527777777778,0.7659201388888889,0.01657986111111111,63,0.1323534555777992,0.022222222222222223,0.7193576388888889
7UCUGHBZXNQ,0.27496668401416113,0.18674377813051832,0.1886580201525055,0.12739740558982612,0.12190972222222222,1.0,0.0,0.09347222222222222,0.020763888888888887,0.01892361111111111,62,0.032990192489480374,0.0023263888888888887,0.11057291666666667
oupx9zdGHNI,0.4315915797794117,0.18332992969014425,0.4080853077342048,0.337168741554131,0.20012152777777778,0.0,0.0,0.40208333333333335,0.19526041666666666,0.09137152777777778,175,-0.037998304644007386,0.03788194444444445,0.010972222222222222
ggmTr4L93Vg,0.4391112031181917,0.23136429636261346,0.27131937636165576,0.26818280509756215,0.16131944444444443,0.0,0.0,0.20182291666666666,0.08961805555555556,0.05814236111111111,104,-0.004485015050390173,0.03892361111111111,0.09909722222222223
F0F4yHcGNsM,0.46619148506263614,0.2263921121173288,0.4423492647058823,0.34784171179187195,0.20663194444444444,0.0,0.0,0.3888715277777778,0.22600694444444444,0.10715277777777778,175,-0.04163026330845038,0.07255208333333334,0.03654513888888889
Hxu3ebOgPr8,0.4103657436138344,0.24142472984011104,0.400843954248366,0.3011443691219255,0.23567708333333334,0.0,0.0,0.44881944444444444,0.1576736111111111,0.07579861111111111,151,-0.0392825613873129,0.05607638888888889,0.04223958333333333
wZaqtvlp0lI,0.7775846906862746,0.29928602032148266,0.3039513208061002,0.36766507385767994,0.145,0.0,1.0,0.2961111111111111,0.006753472222222222,0.16901041666666666,67,0.19685695388954794,0.6190625,0.009322916666666667
QeXaFOKpk-c,0.41598384837962954,0.28885838675086944,0.2737896922657952,0.06675233636965178,0.15958333333333333,0.0,0.0,0.3115625,0.0011111111111111111,0.0,47,0.1641416543500569,0.020399305555555556,0.12494791666666667
Mo60BkrOqmg,0.2228601934232026,0.2088579602733348,0.6260684232026145,0.2514463754557583,0.18,1.0,0.0,0.17197916666666666,0.6608159722222222,0.028177083333333332,190,0.10965932266905465,0.003715277777777778,0.3593576388888889
ALd7BHelRfw,0.14149497005718953,0.17075473660475768,0.652827614379085,0.1895939849597628,0.1603125,1.0,0.0,0.13685763888888888,0.633125,0.008767361111111111,105,-0.047476990772146954,3.472222222222222e-05,0.5676041666666667
zOi4U1Zj_CM,0.1196939836328976,0.21505946194655026,0.6247678376906318,0.15539208148560874,0.15802083333333333,1.0,0.0,0.09289930555555556,0.6431770833333333,0.002534722222222222,69,0.003681042811168239,0.025625,0.7327430555555555
hiA3ECYl4ZU,0.1431538645288671,0.2302000406933263,0.6945768654684096,0.17515561456021683,0.15083333333333335,1.0,0.0,0.07178819444444444,0.7209375,0.005694444444444445,94,0.023910321533053003,0.028524305555555556,0.6508506944444444
pHvdPYybaxA,0.21947452606209153,0.27249207981176693,0.6039957107843137,0.26715527525008376,0.17972222222222223,1.0,0.0,0.03850694444444445,0.34237847222222223,0.06149305555555556,266,0.06425038369274702,0.027430555555555555,0.46715277777777775
I1JBaUisCt4,0.2726580557734205,0.22690161625622698,0.7677995642701524,0.3057668799233827,0.23848958333333334,1.0,0.0,0.04774305555555555,0.8299305555555555,0.06180555555555556,470,0.03964003285146428,0.010486111111111111,0.20743055555555556
er2wTDLapBc,0.8042019685321351,0.29816329300311234,0.12326811002178648,0.11685140592457412,0.2154861111111111,0.0,1.0,0.03105902777777778,0.054774305555555555,0.005347222222222222,115,-0.4425264370141403,0.7160763888888889,0.029635416666666668
ogaTn6oB-TQ,0.30385944227941175,0.33663256445742135,0.398995029956427,0.1887385167233825,0.21925347222222222,1.0,0.0,0.20112847222222222,0.21840277777777778,0.017170138888888888,130,0.22934769913626216,0.10069444444444445,0.4179513888888889
9VkKNuyj-aQ,0.30489559980936815,0.23291609446810776,0.7132615740740741,0.5060629161001273,0.1312326388888889,1.0,0.0,0.2974131944444444,0.4635590277777778,0.21572916666666667,234,0.054688388183737946,0.00043402777777777775,0.04314236111111111
zaCDn2uz6gs,0.3030820956154684,0.22774328363085478,0.7185057189542484,0.36670834864263047,0.2290451388888889,1.0,0.0,0.6665625,0.04805555555555555,0.07151041666666667,309,0.09170324650392297,0.013888888888888888,0.15734375
8cf1mYl-6ng,0.516418527614379,0.3154252997313797,0.2940930010893247,0.21504112021911512,0.2325173611111111,0.0,0.0,0.24263888888888888,0.15569444444444444,0.029652777777777778,314,0.06395295492835362,0.18979166666666666,0.012690972222222222
V2tPy47wtUE,0.4743374268382353,0.3901303161937377,0.46928342864923744,0.27797635667595,0.1620486111111111,1.0,0.0,0.05529513888888889,0.4092881944444444,0.08835069444444445,67,0.00012776581422363487,0.3059027777777778,0.0565625
VsXMlSB6Yq4,0.22397815213779954,0.22180623275279238,0.4415648828976034,0.27375285309823294,0.13166666666666665,1.0,0.0,0.06484375,0.48038194444444443,0.07378472222222222,57,0.09121768508088199,0.0,0.13765625
lJa4dqdAsUM,0.2704776933006536,0.2510164846931021,0.30079234749455336,0.05930596851013502,0.15569444444444444,1.0,0.0,0.007864583333333333,0.4040798611111111,0.0,26,0.028953798948823883,0.0,0.26671875
R8zOjVJt4os,0.6134299682053378,0.3090701600833467,0.23906222766884527,0.3230868173254403,0.22541666666666665,0.0,0.0,0.10592013888888889,0.0025173611111111113,0.07206597222222222,225,-0.00788383554636618,0.06095486111111111,0.013020833333333334
aySO9jCKj9g,0.2524009228077342,0.29950717866995524,0.4089578567538127,0.32208897063789454,0.13194444444444445,1.0,0.0,0.27815972222222224,0.10390625,0.08335069444444444,84,-0.009140094262019588,0.050069444444444444,0.37994791666666666
zJJTxOT37K4,0.37317583631535955,0.19828025184816742,0.13315311819172113,0.31600267649468666,0.13822916666666665,0.0,0.0,0.11519097222222222,0.0022569444444444442,0.08515625,30,0.07751793815225494,0.04276041666666667,0.008854166666666666
mK344K4jwuo,0.9302727195942265,0.1415195722275839,0.03381549564270152,0.05744341531002539,0.14489583333333333,0.0,1.0,0.0010763888888888889,0.010069444444444445,0.0,22,-0.006039244856970383,0.7576909722222223,0.0002951388888888889
WiYCyqA6vn4,0.9105578250816995,0.17652913047495886,0.03235648148148148,0.04893696900406836,0.13625,0.0,1.0,0.0017013888888888888,0.0060416666666666665,0.0,16,-0.009040298012016224,0.8078125,0.00034722222222222224
cZUMRqtFlvw,0.31783195148420473,0.1702619058578864,0.2811836873638344,0.14171953360830847,0.18184027777777778,0.0,0.0,0.17362847222222222,0.13605902777777779,0.004635416666666667,61,-0.08241270175210119,0.00034722222222222224,0.08305555555555555
cB-Boc6GHis,0.42186581330337686,0.30021664178350316,0.32940318627450976,0.1574035974559473,0.06821180555555556,0.0,0.0,1.736111111111111e-05,0.44614583333333335,3.472222222222222e-05,94,-0.08191196992265432,0.1512673611111111,0.002690972222222222
YDvRdOyOHzc,0.3640713034722222,0.2676825991673007,0.3285029956427015,0.26844895717140055,0.17390625,0.0,0.0,0.11782986111111111,0.20949652777777777,0.06642361111111111,209,-0.07804696496642904,0.017274305555555557,0.2465277777777778
D8786EYhpaE,0.09528085842864924,0.25048230703994057,0.127609068627451,0.10030290014991641,0.13105902777777778,1.0,0.0,0.02626736111111111,0.0714236111111111,0.010954861111111111,7,-0.05864536899656511,0.050659722222222224,0.8588368055555555
jBsat9Q738U,0.42523244896514156,0.3143797454271506,0.315329044117647,0.23279337795871843,0.24581597222222223,0.0,0.0,0.1232638888888889,0.24743055555555554,0.05012152777777778,100,0.037119191208261015,0.08416666666666667,0.050763888888888886
cJv3r01cT8Y,0.2768341519744008,0.3011218349554141,0.6390021105664487,0.2663051814866587,0.4115625,1.0,0.0,0.002534722222222222,0.7711458333333333,0.055503472222222225,142,-0.09027392260704906,0.07579861111111111,0.39315972222222223
leefBUfircc,0.36466826515522877,0.2956017575931619,0.07647671568627451,0.13322865018565513,0.23371527777777779,1.0,0.0,0.053524305555555554,0.013402777777777777,0.012465277777777778,57,-0.006000205113813384,0.08286458333333334,0.07505208333333334
iEGr2QtSFbU,0.3371766377178649,0.386640098033988,0.22650837418300654,0.21249229366035371,0.22366319444444444,1.0,0.0,0.11956597222222222,0.06100694444444445,0.043125,71,0.18762841900522825,0.08069444444444444,0.5168402777777777
3EHNWOvFhi8,0.3312276122140522,0.3343672410747281,0.3807562636165578,0.2604155888294044,0.21746527777777777,1.0,0.0,0.04579861111111111,0.25192708333333336,0.0534375,189,0.15310665286215186,0.038489583333333334,0.4436979166666667
SNkUZqbVMmQ,0.18753371113834422,0.2757719591848509,0.35162064270152504,0.24548827609345097,0.16480902777777778,1.0,0.0,0.13515625,0.0948611111111111,0.05736111111111111,72,0.15809437345374877,0.014496527777777778,0.63796875
I-hZ6M6X8qE,0.1454462920751634,0.2467853559705858,0.41569934640522876,0.30071104612155997,0.15616319444444443,1.0,0.0,0.2,0.11977430555555556,0.08817708333333334,60,0.02266390459199022,0.009131944444444444,0.6374131944444444
WOP3_MbTI8s,0.3772961456835512,0.22993735473865815,0.40812908496732025,0.23292289328664675,0.1348611111111111,0.0,0.0,0.04628472222222222,0.5157118055555555,0.03378472222222222,82,-0.17339003756335503,0.035034722222222224,0.15550347222222222
CzcLNVNhtk8,0.2371177351715686,0.2525407144957151,0.3538338779956427,0.2948344915955391,0.17977430555555557,1.0,0.0,0.12541666666666668,0.05588541666666667,0.08505208333333333,52,-0.05112229262705306,0.038802083333333334,0.27177083333333335
kA-XWaMFWN4,0.25735752075163404,0.2023975146539404,0.26646289488017433,0.2894883605484584,0.15442708333333333,1.0,0.0,0.22180555555555556,0.02684027777777778,0.09111111111111111,80,-0.030757658327407372,6.944444444444444e-05,0.08786458333333333
1Nu04A_F-Zs,0.2785607897058824,0.24940340258775967,0.2717286220043573,0.27419007401182166,0.1854861111111111,1.0,0.0,0.14717013888888889,0.07717013888888889,0.07413194444444444,148,-0.05758746279296614,0.019166666666666665,0.18788194444444445
HqCwKS0zGpk,0.2826638549019608,0.2320750124405567,0.2911700708061002,0.2747903089759749,0.17411458333333332,1.0,0.0,0.13350694444444444,0.08440972222222222,0.07536458333333333,192,-0.07828931648654683,0.008177083333333333,0.13651041666666666
ZdAhnWQbHY8,0.28134720166122,0.2082085406052144,0.2289877450980392,0.23687139196492307,0.15206597222222223,1.0,0.0,0.11734375,0.05894097222222222,0.05234375,171,-0.10188790390201416,0.0048090277777777775,0.07661458333333333
RBLMS5_9lh8,0.49523127234477127,0.2675751485514906,0.3463871868191721,0.26279890370478187,0.22935763888888888,0.0,0.0,0.25395833333333334,0.14815972222222223,0.04111111111111111,169,0.038316760595991706,0.015625,0.04845486111111111
uX8ScUf9cX4,0.47764040748910686,0.28653824755453994,0.4309670479302832,0.38026753230545585,0.26015625,0.0,0.0,0.5381076388888889,0.0823263888888889,0.058576388888888886,248,-0.01384875660942092,0.005017361111111111,0.06383680555555556
evdoswVvM_4,0.4315841971405229,0.24839623874711272,0.5689748093681917,0.3829249735104672,0.2874305555555556,0.0,0.0,0.1840277777777778,0.0681423611111111,0.3384027777777778,179,-0.05011867890874683,0.0,0.14210069444444445
u4vObdoqcs8,0.3760862597494553,0.2522357432268955,0.3212050653594772,0.23871593899137725,0.23399305555555555,0.0,0.0,0.12628472222222223,0.09638888888888889,0.02394097222222222,102,0.0110407579640176,8.680555555555556e-05,0.10677083333333333
8JnLwMgSAG4,0.5470963082924837,0.30921290231996224,0.4870375136165577,0.3817541567844104,0.3013888888888889,0.0,0.0,0.5835763888888889,0.05317708333333333,0.04538194444444445,158,-0.06473646183406834,0.005590277777777777,0.11449652777777777
TAJMq1vcL0c,0.3634385561410676,0.16027752220754218,0.5711235021786493,0.43430535575895807,0.2588715277777778,0.0,0.0,0.6775694444444444,0.09121527777777778,0.07991319444444445,170,-0.07930828488287889,0.001388888888888889,0.08831597222222222
tCTaL6qXt4o,0.4288629980800653,0.26021571078962125,0.5311441993464052,0.33469245202083614,0.5367013888888889,0.0,0.0,0.42236111111111113,0.2752777777777778,0.06473958333333334,645,0.0565269728120249,0.04822916666666666,0.13737847222222221
wNUhiysMC_0,0.6146080941857298,0.3179443340110827,0.304849537037037,0.25619610458461517,0.19180555555555556,0.0,1.0,0.2418576388888889,0.14081597222222222,0.052083333333333336,210,0.016002328691746115,0.2185763888888889,0.10881944444444444
sTttAHvSa_4,0.5432981583469498,0.25608622116993746,0.43232523148148155,0.3056016110814716,0.27053819444444444,0.0,0.0,0.6667708333333333,0.004114583333333333,0.012100694444444445,332,-0.0574572593649072,0.03194444444444444,0.033489583333333336
7uS2z5qG2Po,0.5926167491013072,0.2995501354617066,0.3515808823529412,0.3522400918200223,0.28177083333333336,0.0,0.0,0.27479166666666666,0.1361284722222222,0.04241319444444445,296,0.024602950138475355,0.24107638888888888,0.08114583333333333
EIGfDqmD8m0,0.6347922647467319,0.28797608105847394,0.310791394335512,0.33070948782098863,0.20666666666666667,0.0,0.0,0.25439236111111113,0.14850694444444446,0.00782986111111111,150,-0.23789753275138714,0.2101215277777778,0.08321180555555556
00YQTOTCfx0,0.33837384602396514,0.28022412578321504,0.43812642973856203,0.19367311967786438,0.1737152777777778,0.0,0.0,0.4047222222222222,0.13336805555555556,0.025069444444444443,77,-0.02124561369871325,0.11197916666666667,0.11984375
A4fPbDlCRM8,0.6204214085103487,0.20679422286796,0.2721979166666666,0.25111792611702866,0.24119791666666668,0.0,1.0,0.10048611111111111,0.04583333333333333,0.03805555555555556,98,0.06748268487765396,0.0,0.016927083333333332
Q4BJZ1Ex97w,0.20265012012527234,0.19610346465121678,0.2992824754901961,0.20172763792639276,0.10809027777777777,1.0,0.0,0.27807291666666667,0.03640625,0.04147569444444445,63,0.16399634375481414,0.0,0.22539930555555557
q-ehSGikCEs,0.5286476667892157,0.2036347544246181,0.3204294662309368,0.2559676607415486,0.3099826388888889,0.0,0.0,0.3684375,0.036041666666666666,0.05597222222222222,216,0.03912340633133682,0.002690972222222222,0.043506944444444445
BR7ygBvTWqk,0.545669314406318,0.2733680045415654,0.43675994008714597,0.32248343626813925,0.21609375,0.0,0.0,0.1662847222222222,0.2602951388888889,0.06642361111111111,365,0.10673369769522645,0.078125,0.05248263888888889
DWZqqxlRV1M,0.47474268598856206,0.21172503548555358,0.46951742919389977,0.30740436680091454,0.07850694444444445,0.0,0.0,0.08220486111111111,0.6468923611111111,0.04581597222222222,48,0.02417861570410018,5.208333333333334e-05,0.0047395833333333335
MFRRixovB5Y,0.24758653322440083,0.20190556755908973,0.0,0.0,0.10706597222222222,1.0,0.0,0.0,0.0,0.0,8,-0.03170862996347662,0.0,0.27543402777777776
iMJcTwvhVsE,0.4291264297385621,0.23819426779730205,0.0,0.0,0.3021875,0.0,0.0,0.0,0.0,0.0,12,-0.010794584610230806,0.0002951388888888889,0.09423611111111112
xFSrvltBywc,0.5552345553104575,0.11953583706597629,0.14869396786492375,0.1159985911177395,0.09590277777777778,0.0,0.0,0.062065972222222224,0.003003472222222222,0.0,33,0.08662858926948969,0.0,5.208333333333334e-05
Zfq--qdDFYs,0.1646300862200436,0.11587264860808966,0.4727583061002179,0.24000922792424434,0.03414930555555556,1.0,0.0,0.0008680555555555555,0.7189236111111111,0.06046875,109,0.11112955246603043,0.0,0.0055381944444444445
8zHUvixZAtg,0.28957337728758165,0.35850430506184516,0.5598362608932461,0.2424974869082628,0.3763020833333333,1.0,0.0,0.23493055555555556,0.19251736111111112,0.02435763888888889,298,-0.03217905571018548,0.12800347222222222,0.4864583333333333
s4ndArnAz30,0.20880217995642703,0.3040200871746924,0.37010818355119823,0.19760221235633643,0.2586979166666667,1.0,0.0,0.1605902777777778,0.14223958333333334,0.010607638888888889,173,0.113944706194302,0.08291666666666667,0.5624652777777778
LfoD23WB7HU,0.17890809449891065,0.23687196417189968,0.4745809504357299,0.1727440729150517,0.2237326388888889,1.0,0.0,0.16385416666666666,0.34057291666666667,0.012847222222222222,137,0.012758783944150365,0.01032986111111111,0.5454861111111111
RSbzmJ0jV-U,0.18478797357026142,0.22043583194512215,0.45165325435729853,0.2937635388278839,0.24901041666666668,1.0,0.0,0.2563715277777778,0.23151041666666666,0.016944444444444446,216,0.08623325359922762,0.007899305555555555,0.4011284722222222
f2ddAUnYqTU,0.30439646466503273,0.29689778430261266,0.32529922385620913,0.25671759423926904,0.3700173611111111,1.0,0.0,0.09880208333333333,0.23184027777777777,0.035555555555555556,440,0.14388141356532824,0.03401041666666667,0.35791666666666666
ll-N6IFlZvk,0.1876880578431372,0.25068655553977254,0.29425265522875815,0.10426393946254256,0.1841840277777778,1.0,0.0,0.05392361111111111,0.22243055555555555,0.0022222222222222222,53,0.05370706398528771,0.0030555555555555557,0.5126736111111111
i4aPCYRXjkc,0.1457830188861656,0.2765319086915588,0.35216666666666663,0.13654490873302455,0.18477430555555555,1.0,0.0,0.07274305555555556,0.24850694444444443,0.012673611111111111,28,-0.034275586808472855,0.058958333333333335,0.7025520833333333
xm3eLG8X5W4,0.22976809301470585,0.31593269965708726,0.377567470043573,0.16014568558102069,0.29206597222222225,1.0,0.0,0.21225694444444446,0.12256944444444444,0.003871527777777778,113,-0.039600085456757556,0.08043402777777778,0.5377256944444444
m_3QfEmx8FU,0.2550325346269063,0.29281434023531644,0.406713371459695,0.11642283494120576,0.16102430555555555,1.0,0.0,0.030052083333333333,0.43960069444444444,0.0033506944444444443,40,-0.1607515379815281,0.0039409722222222224,0.5048958333333333
Wt4c7gr1bnQ,0.13936526495098037,0.20797901449717315,0.4773284994553376,0.19613231005483672,0.156875,1.0,0.0,0.01170138888888889,0.569375,0.005486111111111111,58,-0.06607890885209272,0.013072916666666667,0.5792013888888888
b2F974OwFAk,0.19803133070533768,0.263464358525639,0.5657516339869282,0.23987391347020495,0.2541319444444444,1.0,0.0,0.054010416666666665,0.4342013888888889,0.0371875,266,-0.05591773998699187,0.020850694444444446,0.5741840277777778
SLZ28mBSviQ,0.24598645909586056,0.3083422122232549,0.5691961465141613,0.2054010223265894,0.27243055555555556,1.0,0.0,0.15180555555555555,0.5036805555555556,0.028993055555555557,246,-0.0461951273662701,0.07871527777777777,0.48736111111111113
soLXTZnh6x4,0.1663516476715686,0.2653622444860163,0.6961974400871459,0.2500171005995263,0.16039930555555557,1.0,0.0,0.6904861111111111,0.09512152777777778,0.05644097222222222,105,-0.004962573220632122,0.05001736111111111,0.7072395833333334
bdvKnnzM9xs,0.13077482856753814,0.2221981562695196,0.5333483115468409,0.17029421297616665,0.16567708333333334,1.0,0.0,0.4216666666666667,0.28107638888888886,0.013142361111111112,77,0.03307153273025738,0.021857638888888888,0.6744618055555556
0clT6fWeWMI,0.12570497212690634,0.18717270454542043,0.3707465958605665,0.18967298556273185,0.1290625,1.0,0.0,0.023333333333333334,0.4491145833333333,0.0014756944444444444,35,-0.05383431062866574,0.010555555555555556,0.5892013888888888
JslokiQaEkM,0.20648067001633988,0.2862881050616914,0.39202144607843137,0.2864452182538866,0.16527777777777777,1.0,0.0,0.220625,0.2171875,0.06678819444444445,222,0.13932236815522464,0.059444444444444446,0.5761631944444444
BIzl_kfZP6k,0.14743874400871457,0.21652803563071335,0.4089688861655774,0.2939408443839807,0.1340625,1.0,0.0,0.18649305555555556,0.2765972222222222,0.08114583333333333,109,0.08508296758841473,0.0014236111111111112,0.6542708333333334
hI5VXB5jWEc,0.1285305676198257,0.20013426861554987,0.49126382080610026,0.23172516817359434,0.17600694444444445,1.0,0.0,0.22553819444444445,0.2259375,0.02411458333333333,83,0.019342357175539296,0.007517361111111111,0.6219791666666666
67Wa5maZJeg,0.15379274782135077,0.2173515748275961,0.5246674155773421,0.17931888905594717,0.17510416666666667,1.0,0.0,0.02625,0.585625,0.00022569444444444443,64,0.005186608641066098,0.014461805555555556,0.5221875
c-yEbxgqOA0,0.11707840679466229,0.1925520946403634,0.3648727532679739,0.18342480951593393,0.11548611111111111,1.0,0.0,0.25296875,0.1418576388888889,0.022569444444444444,79,0.0769872082843992,3.472222222222222e-05,0.6506597222222222
JTBCb7tvQi8,0.14861641316721133,0.2161103065917516,0.5440139569716776,0.15641699321266647,0.23237847222222222,1.0,0.0,0.18637152777777777,0.40335069444444444,0.005347222222222222,125,0.1254618667312847,0.006736111111111111,0.6488020833333333
rBf_Z_ANnLg,0.43566563771786493,0.21279923194151928,0.2987004357298475,0.17470169958152854,0.39152777777777775,0.0,0.0,0.2656597222222222,0.01907986111111111,0.018142361111111113,200,0.03414820234660998,0.004461805555555556,0.04055555555555555
oOQIMjAH7PA,0.379296235035403,0.21918266048675084,0.5040706699346404,0.27747891648003514,0.18760416666666666,0.0,0.0,0.5895833333333333,0.08057291666666666,0.046788194444444445,231,0.12015372741375396,0.0022743055555555555,0.06503472222222222
dYu-KsS4Ymk,0.3407525782135075,0.2155972208805654,0.4173453839869281,0.2700557633802697,0.2390972222222222,0.0,0.0,0.41260416666666666,0.024375,0.06538194444444445,186,0.12365899601112412,0.0,0.10175347222222222
PUmzDn5lD58,0.4723793732570805,0.28944745881239553,0.28130623638344227,0.1262719205126496,0.160625,0.0,0.0,0.19276041666666666,0.22991319444444444,0.0,93,0.08876141935444204,0.01890625,0.0290625
w00fN-ALkZI,0.8413066438180827,0.21368108938415709,0.06792395152505445,0.1358813871759634,0.2775520833333333,0.0,1.0,0.058472222222222224,6.944444444444444e-05,0.01967013888888889,19,-0.03376340551035739,0.7059895833333333,0.02421875
QxZS0T_b4ow,0.8653938469907406,0.1756004176128835,0.05009946895424835,0.11396587009360512,0.19600694444444444,0.0,1.0,0.039878472222222225,0.00020833333333333335,3.472222222222222e-05,14,-0.057289287891343244,0.7695486111111111,0.009010416666666667
yPlWylq5zwk,0.8786942959422657,0.15516620159096228,0.060354915577342044,0.11825592768750443,0.14840277777777777,0.0,1.0,0.04895833333333333,0.0020833333333333333,0.0,13,-0.03901018869538064,0.8057118055555555,0.013871527777777778
aH0oqb4mj4Y,0.250399553662854,0.25475956646557496,0.4777569444444445,0.24011426386329843,0.18940972222222222,1.0,0.0,0.20807291666666666,0.7307465277777778,0.043298611111111114,61,0.04121110203961681,0.018177083333333333,0.03373263888888889
l0dCw9i07ms,0.23874845364923747,0.2457843162643979,0.4704927151416123,0.2205605024042949,0.16609375,1.0,0.0,0.1765972222222222,0.7711631944444445,0.03673611111111111,33,0.034043540626564284,0.015520833333333333,0.030243055555555554
V8c3Tr_ZUPs,0.24119359119008715,0.24836644011705136,0.48216802832244027,0.24391162307265282,0.16246527777777778,1.0,0.0,0.14630208333333333,0.7991319444444445,0.06092013888888889,38,0.05096946116138032,0.02125,0.03635416666666667
n5_IkwWEmjs,0.18031990483387797,0.1391116543828811,0.44407795479302836,0.18383662290902256,0.19619791666666667,1.0,0.0,0.07170138888888888,0.8043229166666667,0.03262152777777778,41,0.021383190300458405,0.005,0.04703125
OZrTBiIWE6s,0.23979425574618735,0.109304564982803,0.14064004629629628,0.09724529143582265,0.09041666666666667,1.0,0.0,0.0421875,0.0010243055555555556,0.00703125,16,0.03398404670707411,0.00022569444444444443,0.00022569444444444443
bOpiPEcwo9g,0.26640120430283226,0.11603106949352283,0.13117667483660134,0.0768190449049676,0.08347222222222223,1.0,0.0,0.02388888888888889,0.00010416666666666667,0.0005729166666666667,16,0.02202698451203594,0.000625,0.00015625
EOiv7RywtQM,0.2769543114787582,0.33740520865668855,0.5842046568627453,0.2726992103261165,0.27894097222222225,1.0,0.0,0.3536284722222222,0.09289930555555556,0.06253472222222223,131,0.1252022076255413,0.08659722222222223,0.5713888888888888
rtlDbb-q1pU,0.45281036220043575,0.24261146664394825,0.4276691176470588,0.24016559396240209,0.16027777777777777,0.0,0.0,0.13987847222222222,0.5382986111111111,0.0007291666666666667,177,-0.05178822599711336,0.024600694444444446,0.01626736111111111
T53zvm08zUg,0.23335562581699346,0.22786419699253144,0.41300129357298476,0.18951860326199818,0.27696180555555555,1.0,0.0,0.29486111111111113,0.2590104166666667,0.019097222222222224,115,-0.060764450053380936,0.0030208333333333333,0.25026041666666665
zMJRMnjdt6s,0.3351587832244008,0.3064651616813188,0.17535859204793028,0.118861280588759,0.2337326388888889,1.0,0.0,0.02875,0.09473958333333334,0.003420138888888889,80,-0.04016250392145343,0.10666666666666667,0.06774305555555556
3H68LLYNNvs,0.22027053138616554,0.28730090257264257,0.297019880174292,0.24698293114248393,0.17612847222222222,1.0,0.0,0.3059201388888889,0.0621875,0.05458333333333333,82,-0.10474144209022784,0.05236111111111111,0.5584375
5_5yik4Y0cw,0.36962942347494554,0.24894915107652615,0.611246051198257,0.35767394282409165,0.3276909722222222,0.0,0.0,0.4196701388888889,0.3433159722222222,0.06592013888888888,481,-0.06673529975731746,0.014861111111111111,0.08565972222222222
acpGOnJ-iAk,0.2807877191857298,0.2691240507215271,0.7433743191721134,0.3776382782599643,0.20567708333333334,1.0,0.0,0.30085069444444446,0.5159201388888889,0.12664930555555556,395,-0.024859756449604697,0.013211805555555555,0.27326388888888886
vGNvixq2ybk,0.2458679428513072,0.21565339922301568,0.48000129357298477,0.2980567510817615,0.19420138888888888,1.0,0.0,0.2857986111111111,0.22711805555555556,0.03626736111111111,160,-0.03426086731791794,0.00171875,0.24802083333333333
NQiA1UC4OdQ,0.268989617796841,0.27495671372688085,0.38269383169934645,0.18771927102086644,0.22128472222222223,1.0,0.0,0.14960069444444443,0.3132638888888889,0.01046875,123,-0.03759916158808202,0.021736111111111112,0.33576388888888886
RiLUDmIJzyo,0.2232146815767974,0.23778652320661098,0.5891686410675382,0.1639694865253445,0.10052083333333334,1.0,0.0,0.1428472222222222,0.7249305555555555,0.0005902777777777778,88,-0.09087257258290371,0.004965277777777778,0.3809375
oSA84NDvlJg,0.3070391927287581,0.29825693876733705,0.6354600354030503,0.2742540184382532,0.2557291666666667,1.0,0.0,0.04845486111111111,0.6544965277777778,0.04376736111111111,263,-0.051860107623197815,0.046302083333333334,0.3313715277777778
uV5Q7d5M3XM,0.3068869468545752,0.3066795765889658,0.6293180147058823,0.3826885702344279,0.29755208333333333,1.0,0.0,0.24598958333333334,0.28805555555555556,0.12046875,225,-0.05901397681703607,0.025121527777777777,0.4239409722222222
Vbj2mXImJCQ,0.25201656986655774,0.30535933310023283,0.6318233932461874,0.2675469217816951,0.2879513888888889,1.0,0.0,0.30852430555555554,0.23432291666666666,0.052083333333333336,278,0.04370710575304007,0.011927083333333333,0.46241319444444445
aKEm7HocnLU,0.21170390716230938,0.27171769684021624,0.7133933823529411,0.3345871565340849,0.14939236111111112,1.0,0.0,0.3408159722222222,0.47475694444444444,0.06965277777777777,160,-0.028597897480934414,0.06720486111111111,0.4805902777777778
3JKzIdLyuxI,0.3053961186410676,0.3141126379592046,0.5866395697167757,0.37708912067655176,0.2646875,1.0,0.0,0.2088888888888889,0.3363541666666667,0.12300347222222222,249,0.052366447330741694,0.04649305555555556,0.30527777777777776
0o3uvlpGnV4,0.2633842287309368,0.3021656531083841,0.6267163671023965,0.2533179460273024,0.3379861111111111,1.0,0.0,0.5074826388888889,0.054184027777777775,0.03678819444444444,234,-0.0038284004942010785,0.022083333333333333,0.46111111111111114
dJ6D_krxpX0,0.31283116661220045,0.31686871594596155,0.6429255855119826,0.3341058240521867,0.27869791666666666,1.0,0.0,0.24640625,0.48628472222222224,0.09664930555555555,264,-0.09443396268981544,0.05402777777777778,0.3640277777777778
IBW5ksm9oqQ,0.2554393625136166,0.2820498918057696,0.6355158632897604,0.32716415187858827,0.3934722222222222,1.0,0.0,0.23942708333333335,0.18612847222222223,0.08102430555555555,321,0.13965225528843955,0.01951388888888889,0.4365277777777778
gp9R0JXNlRM,0.3986076159041394,0.3276386597255258,0.5467272603485839,0.31850739517117016,0.29744791666666665,0.0,0.0,0.2240798611111111,0.19897569444444443,0.04296875,347,-0.018973845412331714,0.1143923611111111,0.19942708333333334
gvzibu9-OUc,0.3413068348992374,0.31764251853653547,0.5623451116557735,0.302241641864956,0.24965277777777778,1.0,0.0,0.23184027777777777,0.4505034722222222,0.06973958333333333,237,-0.04418326332343331,0.04625,0.34118055555555554
6GrH6rZ6W6c,0.35528436736111113,0.32765976649248785,0.5073728213507626,0.3052468924763641,0.3271875,1.0,0.0,0.3231076388888889,0.3510243055555556,0.07081597222222222,341,-0.13682762730345777,0.054357638888888886,0.30246527777777776
3y3QsDuNEdw,0.31747186578159037,0.2861827255866811,0.6326341911764707,0.3040485557242268,0.2874479166666667,1.0,0.0,0.45296875,0.038871527777777776,0.0303125,362,0.006189623214312434,0.06100694444444445,0.25875
dTPZqlayV-E,0.8119929639433552,0.1821967076772704,0.11670329520697167,0.14821428972727319,0.23487847222222222,0.0,1.0,0.014965277777777777,0.04154513888888889,0.017100694444444446,45,-0.12391410249371027,0.36572916666666666,0.00024305555555555555
dIEKbPJa2C0,0.7796012306100217,0.15325670688730827,0.11328683278867104,0.13397489496427456,0.09034722222222222,0.0,1.0,0.04300347222222222,0.009774305555555555,6.944444444444444e-05,17,-0.10648616445478631,0.33762152777777776,0.002673611111111111
nkkDdKYSLMU,0.42902136108387795,0.3460279459661134,0.09891299019607844,0.06907447501299795,0.26069444444444445,1.0,0.0,0.057604166666666665,0.012170138888888888,0.0019444444444444444,87,0.20982101268426395,0.18744791666666666,0.09388888888888888
etT1TILr24A,0.30590807385620916,0.2366412651514277,0.10578778594771242,0.08946327582653364,0.20625,1.0,0.0,0.09060763888888888,0.028680555555555556,0.0,83,0.011345649377696165,0.03553819444444444,0.052708333333333336
JptPekWx-1M,0.5516034430147059,0.4096765891195637,0.08750306372549019,0.11046333221755167,0.22630208333333332,0.0,1.0,0.03170138888888889,0.029913194444444444,0.0059375,53,0.26112140569360837,0.38555555555555554,0.060885416666666664
2N2eOe6PNpk,0.11081379888344225,0.14760053382798202,0.1481433823529412,0.025078690175706846,0.18276041666666668,1.0,0.0,0.008888888888888889,0.09083333333333334,0.0,10,0.0016678234176172174,0.015989583333333335,0.39928819444444447
RfuSIPlCeL0,0.12073453587962964,0.1520467116207935,0.1992523148148148,0.021483408543535518,0.21309027777777778,1.0,0.0,0.06310763888888889,0.1159375,0.0,11,-0.022955693310651712,0.015868055555555555,0.3735763888888889
autPRW3cjZU,0.7934238554466232,0.35175392424116536,0.06358380991285403,0.03518482012034267,0.1385590277777778,0.0,1.0,0.07199652777777778,0.0018402777777777777,0.0,14,0.03639910312644423,0.72625,0.01171875
bJtphOgqCGc,0.7357742980664489,0.41182640620291583,0.01984837962962963,0.03474977383612963,0.11206597222222223,0.0,1.0,0.0031770833333333334,0.0030555555555555557,0.0,12,0.31414207079246204,0.6472916666666667,0.2287326388888889
IDWMR44tuU4,0.5084729649373638,0.3447532544177934,0.024052287581699344,0.018048799130962388,0.4825520833333333,0.0,0.0,0.006458333333333333,0.002864583333333333,0.0,15,0.07853105468943578,0.23493055555555556,0.07892361111111111
3jkCP4z5XKw,0.2699021224264706,0.29839843078862505,0.11359272875816995,0.11286981842002018,0.21821180555555555,1.0,0.0,0.05258680555555555,0.033038194444444446,0.0,49,0.30669034263187434,0.11046875,0.07260416666666666
454s5n3TalY,0.12344541579520697,0.05304182617199835,0.026552287581699353,0.012147226627132628,0.07128472222222222,1.0,0.0,0.006788194444444445,0.0051736111111111115,0.0,3,0.00421859478929798,1.736111111111111e-05,0.039149305555555555
vc0N2euS4wc,0.10497057125544661,0.14205450779544398,0.15944458061002179,0.028995114618302967,0.11520833333333333,1.0,0.0,0.06545138888888889,0.05987847222222222,0.00010416666666666667,9,-0.04205957191098386,0.013055555555555556,0.4049479166666667
ZDX0klR3ZrI,0.2090729358932462,0.16714331608155583,0.0528416394335512,0.019806601212769243,0.19328125,1.0,0.0,0.0034027777777777776,0.03557291666666667,0.0,12,0.08435697217468074,0.007586805555555556,0.07428819444444444
6Pl7fumGp6s,0.1751173968273421,0.1723388999578489,0.11418259803921571,0.14013389083731445,0.042430555555555555,1.0,0.0,0.06402777777777778,0.0003993055555555556,0.0,10,0.07637131493871085,0.011996527777777778,0.011493055555555555
vr3eLiRKmxc,0.11703944564270151,0.1495038305594842,0.08386669389978214,0.08380643322494394,0.10848958333333333,1.0,0.0,0.017395833333333333,0.029878472222222223,0.007222222222222222,5,0.0019161468204436927,0.01359375,0.36942708333333335
eGyco326QD8,0.9428102675245097,0.18922811031699818,0.03439127178649237,0.10541806382773351,0.11642361111111112,0.0,1.0,0.012864583333333334,0.01670138888888889,0.015486111111111112,9,0.030679422398250722,0.9068055555555555,0.01845486111111111
nKcOxyajYyk,0.8087264845588235,0.34166415912986237,0.05615965413943354,0.025535703175706196,0.12081597222222222,0.0,1.0,0.002170138888888889,0.0715625,0.0,10,0.012347869077433682,0.7425,0.00920138888888889
xHxumYZJZuk,0.6729548840413943,0.3902673750659853,0.0283822848583878,0.049701285790473206,0.19135416666666666,0.0,1.0,0.0043055555555555555,0.004375,0.0,28,0.0745868219604463,0.4795138888888889,0.02784722222222222
MnEt686dVDo,0.8150479124591502,0.34870395847554086,0.039819784858387795,0.09252724246251362,0.18552083333333333,0.0,1.0,3.472222222222222e-05,0.05005208333333333,0.0010069444444444444,19,-0.016452548505967446,0.7281944444444445,0.13512152777777778
1AvD82B8j00,0.7307892876225489,0.29622675735542753,0.22186315359477124,0.17537326474121992,0.15888888888888889,0.0,1.0,0.0010416666666666667,0.3245659722222222,0.0,40,0.024552148564976783,0.39013888888888887,0.0134375
JOfYheMaB-Y,0.13151413021514163,0.21537182667961996,0.19817565359477124,0.10133166408697815,0.12217013888888889,1.0,0.0,0.024166666666666666,0.10987847222222222,0.012447916666666666,16,-0.06731122454954666,0.03630208333333333,0.4689756944444444
QQ5AEboEGyA,0.514024823706427,0.419719021250593,0.06254656862745098,0.13606034987551913,0.22741319444444444,0.0,0.0,0.01545138888888889,0.037760416666666664,0.018975694444444444,18,0.3745896538905851,0.4013715277777778,0.06743055555555555
s1_tpfUK9AU,0.38662257916666665,0.17338841237594302,0.3502475490196078,0.24183280438597218,0.08138888888888889,0.0,0.0,0.18539930555555556,0.2653993055555556,0.044947916666666664,159,-0.08553847573770001,3.472222222222222e-05,0.0067708333333333336
LHG9dEg-Gcs,0.1606290391339869,0.1942926654114928,0.5716909722222222,0.16226453865146773,0.15779513888888888,1.0,0.0,0.34039930555555553,0.32168402777777777,0.006371527777777778,80,-0.01568218684058975,0.0007638888888888889,0.5719444444444445
OAsbabOEze8,0.5234637999319172,0.259376053632753,0.24745608660130722,0.11553418977633624,0.2769097222222222,0.0,0.0,0.29477430555555556,0.0013715277777777777,0.0,72,0.1440748841308972,0.11404513888888888,0.022239583333333333
fsufheAEfgs,0.1500035790305011,0.15293427334410775,0.4265036764705882,0.22063206083246306,0.04477430555555555,1.0,0.0,0.21845486111111112,0.3247569444444444,0.04690972222222222,111,0.055069038550681515,0.004270833333333333,0.35564236111111114
hvooC4EIAT8,0.9642293709150327,0.12280180959104779,0.0,0.0,0.14487847222222222,0.0,1.0,0.0,0.0,0.0,2,-0.013488672061234053,0.9067361111111111,0.005121527777777778
24eURhl_WbM,0.9677400654003268,0.12496709975066567,0.008648011982570805,0.04433218030089524,0.10977430555555556,0.0,1.0,0.008350694444444445,0.00020833333333333335,0.00043402777777777775,6,-0.009892809043372641,0.9310416666666667,0.003107638888888889
kPP9ghnKgZE,0.9835789340958605,0.08052380192957459,0.004450027233115468,0.030115003333981722,0.06322916666666667,0.0,1.0,0.00421875,0.0,3.472222222222222e-05,2,-0.022075892522019913,0.9596180555555556,0.0003125
jsu5xLEc-uU,0.9720586998910674,0.11414668720010131,0.01189222494553377,0.07545772111606411,0.09178819444444444,0.0,1.0,0.0077083333333333335,5.208333333333334e-05,0.005642361111111111,5,-0.02621782249560023,0.9390451388888889,0.0009201388888888889
Aefa66TOY78,0.9578331207380174,0.14081418102283036,0.025190836056644877,0.07642623545348531,0.14201388888888888,0.0,1.0,0.01373263888888889,0.0010243055555555556,0.0003125,12,0.014146700293009462,0.9083854166666666,0.0046875
-lwpk--mJHM,0.3306155477941177,0.17604035381502364,0.38049012799564264,0.3578515454766726,0.13994791666666667,0.0,0.0,0.08369791666666666,0.33144097222222224,0.04482638888888889,124,0.0131314425877328,0.03203125,0.02699652777777778
r_1A-oPRNPw,0.32693776228213506,0.11731265194285902,0.42746064814814816,0.4619877967864263,0.12060763888888888,0.0,0.0,0.09465277777777778,0.27565972222222224,0.1998611111111111,211,0.012966263689166646,0.0035243055555555557,0.005399305555555556
jDurmeWpEd4,0.12774636903594772,0.15839774439248566,0.1555646105664488,0.09443265269554817,0.10298611111111111,1.0,0.0,0.058090277777777775,0.05897569444444444,0.00484375,15,0.0670690667974394,0.00890625,0.1352951388888889
CJxt3lOJX5k,0.652014028050109,0.21877455163484244,0.31986574074074076,0.4155893342986515,0.06770833333333333,0.0,1.0,0.0,0.31244791666666666,0.11310763888888889,67,0.027689914548236327,3.472222222222222e-05,0.04572916666666667
KSA6caWpHQg,0.02446506587690631,0.10158198431026266,0.04788432734204793,0.02204601719157651,0.07239583333333334,1.0,0.0,0.005225694444444444,0.0034375,0.00012152777777777777,1,0.018255331876546543,0.0,0.9591319444444445
iEe_lzjNvPw,0.2150982912717865,0.31690797278743005,0.44540162037037034,0.2305961423341288,0.22171875,1.0,0.0,0.3657638888888889,0.09161458333333333,0.029288194444444443,100,0.09669582937038923,0.09364583333333333,0.5902777777777778
aY0KuLVwReI,0.23739429707244009,0.28557836045831936,0.54652049291939,0.29971040160009976,0.31166666666666665,1.0,0.0,0.3459548611111111,0.25109375,0.08979166666666667,153,-0.01318630266243917,0.05817708333333333,0.3590625
qDzwz3VBZrA,0.276877982666122,0.2252325404968623,0.5174780773420479,0.18462619470512862,0.36328125,1.0,0.0,0.3175,0.3907291666666667,0.002361111111111111,211,0.0039002922674663543,0.0057465277777777775,0.21805555555555556
OlBO6PQQFFk,0.4214522909722222,0.40455889964865843,0.3406452205882353,0.26963651373498365,0.27524305555555556,0.0,0.0,0.2903298611111111,0.0889236111111111,0.011458333333333333,125,0.10561442363490586,0.1436111111111111,0.4075
wFarZmg707I,0.25457886386165574,0.29427979499996554,0.3056577478213508,0.1952500759637718,0.3416840277777778,1.0,0.0,0.25579861111111113,0.11899305555555556,0.036875,143,0.012271205992034462,0.04434027777777778,0.426875
I3YvL42wUZg,0.5303872464052287,0.38173295666714246,0.48984511165577344,0.3697972915798834,0.24763888888888888,0.0,1.0,0.6851736111111111,0.02079861111111111,0.003923611111111111,80,-0.09752077276085303,0.011423611111111112,0.2986979166666667
6LArQ2l1PKc,0.3172731142973856,0.2503981188212343,0.3199211601307189,0.1358194455254961,0.32788194444444446,0.0,0.0,0.19383680555555555,0.06512152777777777,1.736111111111111e-05,164,0.05687853522162406,0.017065972222222222,0.1923263888888889
7yVG3Dqsypo,0.29924969229302834,0.35056965082543895,0.45267286220043573,0.2710282159886803,0.2609722222222222,1.0,0.0,0.4062847222222222,0.07355902777777777,0.0049479166666666664,120,-0.15738522496483856,0.026909722222222224,0.5032291666666666
AWarV-35xzo,0.5394978534313725,0.3542798493683453,0.5466641476034858,0.3691188573160863,0.25102430555555555,0.0,1.0,0.6775,0.033541666666666664,0.01671875,133,0.060788820149451306,0.049166666666666664,0.19479166666666667
zp0Km8fFlXg,0.2699463,0.3464650582811407,0.4233683959694989,0.3293621003928181,0.29053819444444445,1.0,0.0,0.32946180555555554,0.11095486111111111,0.12053819444444444,168,-0.1207065349012231,0.038697916666666665,0.5464409722222222
vpxdUkArXkY,0.2761994057325708,0.27576748071688745,0.5003171296296296,0.17312500618124313,0.32710069444444445,1.0,0.0,0.11524305555555556,0.4914236111111111,0.014583333333333334,132,-0.0037786172899693105,0.06270833333333334,0.2892013888888889
jNEi-vJTc60,0.4211759286356208,0.21390422630125847,0.6705627042483662,0.5629186106890647,0.22362847222222224,0.0,0.0,0.8171701388888889,0.00359375,0.665625,133,0.07450190654397698,0.06357638888888889,0.05032986111111111
00A1GrEqqnk,0.2894254582516339,0.35914775939007343,0.45827069716775604,0.3739176067975624,0.19921875,1.0,0.0,0.4225173611111111,0.04909722222222222,0.19104166666666667,61,0.14469858336627622,0.07444444444444444,0.5052430555555556
aT27m8Oujg4,0.2826185312772331,0.35883254094806477,0.47348543028322454,0.40110448839999596,0.19807291666666665,1.0,0.0,0.3953125,0.06722222222222222,0.2309375,52,0.1235629046219558,0.031145833333333334,0.57421875
yYrDkZm0HCY,0.47569192565359486,0.334603729103893,0.5626669389978214,0.4764977737437392,0.27762152777777777,0.0,0.0,0.5527604166666666,0.20109375,0.1684375,219,0.09348746793013724,0.013333333333333334,0.10032986111111111
6bj_UPo60kc,0.691434735743464,0.16553440182557172,0.0554859068627451,0.058624563003789716,0.13347222222222221,0.0,1.0,0.07569444444444444,0.00019097222222222223,0.0,19,0.020313756320522125,0.0,0.0008680555555555555
FO20Ycy3Z04,0.6686472339869279,0.15588903147149594,0.06443075980392157,0.060882765901875836,0.09130208333333334,0.0,1.0,0.07802083333333333,0.017013888888888887,0.0,29,-0.08630531938168007,5.208333333333334e-05,8.680555555555556e-05
V3XYXcRFaHU,0.7373525251633987,0.1271808991562957,0.052798474945533774,0.06381795193883356,0.13310763888888888,0.0,1.0,0.010451388888888889,0.015121527777777777,0.0,32,-0.06991766893521256,0.0023263888888888887,0.0
ftDA_tOgYmA,0.727008546582244,0.137434215537676,0.12350857843137256,0.11664100730509427,0.13631944444444444,0.0,1.0,0.12210069444444445,0.003767361111111111,0.0,58,-0.0671846038354369,3.472222222222222e-05,0.0001388888888888889
hO6wywSEiSw,0.7165421565087146,0.15702897822357262,0.12965175653594768,0.1233326279397275,0.1078298611111111,0.0,1.0,0.1303298611111111,5.208333333333334e-05,0.0069791666666666665,29,-0.10953577336746323,0.00012152777777777777,8.680555555555556e-05
pZua7nhLPHU,0.7113593401416121,0.17596657703896598,0.13536008986928103,0.129094959379147,0.1492013888888889,0.0,1.0,0.16717013888888888,0.0008506944444444444,0.0,31,0.11798628929280908,0.0005034722222222222,0.0005034722222222222
QjjPe-6hM4o,0.753817077314815,0.08892383418982777,0.024203839869281044,0.02598653214354993,0.15046875,0.0,1.0,0.0003298611111111111,0.00022569444444444443,0.0,18,0.0666025330825446,3.472222222222222e-05,8.680555555555556e-05
PNXFjC3wUzw,0.6757712261982571,0.20111485031945,0.18291598583877994,0.1509221918899164,0.14897569444444445,0.0,1.0,0.22180555555555556,0.002673611111111111,0.0,37,0.16047314715659566,0.0003298611111111111,0.005017361111111111
NQTQqI-PK-A,0.6733112372821349,0.12571533626490874,0.047192878540304996,0.061878486207735055,0.15454861111111112,0.0,1.0,0.02828125,0.0005902777777777778,0.0,19,-0.016731690428964496,0.0,0.014305555555555556
WWPCAACBy4o,0.6930468225217866,0.22519146652186817,0.18062132352941176,0.1110601781998174,0.2151736111111111,0.0,1.0,0.16552083333333334,0.012378472222222223,0.00024305555555555555,53,-0.11680929937007034,0.00671875,0.013333333333333334
_wUv979BGIo,0.7066022168709151,0.16176195582662628,0.1276592456427015,0.08358840398769968,0.14506944444444445,0.0,1.0,0.06838541666666667,0.00046875,0.0,30,0.08284934878672168,0.00019097222222222223,0.005486111111111111
q-YmI8h96wM,0.6584691234749456,0.12732538109392103,0.09073617919389977,0.07554210793509719,0.11005208333333333,0.0,1.0,0.07251736111111111,1.736111111111111e-05,0.0,33,0.025018838095743123,0.0,0.00020833333333333335
Y0lp02sKdzo,0.615142122726035,0.22770820577390607,0.15305140250544663,0.09946687766124479,0.16685763888888888,0.0,1.0,0.23647569444444444,0.00010416666666666667,0.0,36,-0.17471244312173434,0.00026041666666666666,0.0018055555555555555
H60ALD8rwrc,0.6247643711737472,0.14969497358321446,0.06400619553376904,0.04016071471951555,0.1146875,0.0,1.0,0.05454861111111111,0.0007638888888888889,0.0,20,0.0881472774848453,6.944444444444444e-05,0.004097222222222223
y0Wx0p-bPz4,0.6072033231753813,0.22799279055779426,0.15525871459694987,0.08567765394767662,0.15920138888888888,0.0,1.0,0.22121527777777777,0.0005729166666666667,0.0,43,-0.047762667849153395,0.0012847222222222223,0.0055381944444444445
THt-YPp33AM,0.6604680391884532,0.20030721121192135,0.12542517701525055,0.09991352813248731,0.14074652777777777,0.0,1.0,0.18512152777777777,1.736111111111111e-05,0.0,34,-0.20210557818492525,0.00125,0.0027430555555555554
R86leG50tZU,0.6230460878267973,0.19122301995160773,0.10511451525054465,0.06986375205476353,0.15928819444444445,0.0,1.0,0.15868055555555555,1.736111111111111e-05,0.0,26,-0.17351694732862866,0.0003125,0.002013888888888889
wgtsA_VIHeI,0.6290142420206972,0.19001143513284915,0.11298726851851854,0.06941640687540271,0.10710069444444445,0.0,1.0,0.15444444444444444,0.0,0.0,26,-0.1854727915108363,0.00020833333333333335,0.0007291666666666667
7GgaSq_Ypfs,0.7274338754901961,0.2277347848665681,0.06841653050108933,0.055740162525406464,0.21375,0.0,1.0,0.005902777777777778,0.038246527777777775,0.0,30,-0.0806666810839386,0.020590277777777777,0.005555555555555556
K3FBDL7xETc,0.6211918278867102,0.2353708652546254,0.12640563725490195,0.08620622791304393,0.16534722222222223,0.0,1.0,0.1788715277777778,0.0011284722222222221,0.0,49,-0.18741417562655854,0.0009548611111111111,0.00375
_I3HmJp15l0,0.6038136539760348,0.23987535306096408,0.11700054466230936,0.07458365603909259,0.18496527777777777,0.0,1.0,0.1390625,0.001388888888888889,0.0,52,-0.09614353777292195,0.0011631944444444443,0.010104166666666666
UxwMTO8LhAE,0.6393143349128539,0.20825952734359662,0.10993709150326797,0.07399040858389096,0.19322916666666667,0.0,1.0,0.16239583333333332,3.472222222222222e-05,0.0,33,-0.04021185512040182,0.000625,0.004635416666666667
R0y9x3y50lk,0.6374221770969498,0.23023742473558062,0.18704568355119822,0.14777785851067998,0.19526041666666666,0.0,1.0,0.2140625,0.03298611111111111,0.011979166666666667,54,-0.17494242664798043,0.005052083333333333,0.01140625
hFMCtsdXkhQ,0.6344790170615467,0.21756434822184192,0.14866230936819166,0.10019391116682166,0.17210069444444445,0.0,1.0,0.16569444444444445,0.016371527777777777,0.0,79,-0.1479796737093395,0.0011979166666666666,0.0096875
Vt4n2rxLdBc,0.6764422734477122,0.20158344445308354,0.13680603213507622,0.10861824865765089,0.16951388888888888,0.0,1.0,0.16088541666666667,0.014184027777777778,0.0,75,-0.13615778637020748,0.0020833333333333333,0.004166666666666667
2jmVJQ2Yf0s,0.6438866947984748,0.19614651174548492,0.10900565087145966,0.09201324113702194,0.14125,0.0,1.0,0.15413194444444445,0.00078125,0.0,46,0.11187306129299812,0.0002951388888888889,0.0017534722222222222
_48tvurTX58,0.7184008299972767,0.09619869139830028,0.03711124727668846,0.034847163697566456,0.10440972222222222,0.0,1.0,0.011284722222222222,0.0010590277777777779,0.0,15,-0.007064699072873548,0.00017361111111111112,0.000625
DTe_jm5E-40,0.6839974203159042,0.22561935315235576,0.10796711601307188,0.08531189541970641,0.19831597222222222,0.0,1.0,0.14651041666666667,0.0027604166666666667,0.0,58,0.05802930990334565,0.004079861111111111,0.010763888888888889
9_ztpn3E3hI,0.7255379829520697,0.17208461423282273,0.05247780501089324,0.06988091334197388,0.15491319444444446,0.0,1.0,0.03638888888888889,0.01638888888888889,0.0042361111111111115,25,-0.0548175381010062,0.0010069444444444444,0.005329861111111111
hgddOXfQiW0,0.22709254972766887,0.2315425089176488,0.4149350490196078,0.23350196597239697,0.2556597222222222,1.0,0.0,0.3904861111111111,0.1713888888888889,0.035034722222222224,148,-0.05444352462342328,0.002829861111111111,0.41032986111111114
-Zy14U0LmiA,0.18797563223039213,0.2160691250819278,0.2975944308278867,0.0984897231307906,0.22756944444444444,1.0,0.0,0.1565625,0.09111111111111111,0.0,84,-0.11008318257318798,0.005833333333333334,0.30637152777777776
w0cxRr93G9o,0.31268758786764705,0.2517228089229895,0.28087717864923745,0.18261564016595525,0.29878472222222224,1.0,0.0,0.15114583333333334,0.08973958333333333,0.027100694444444445,183,-0.1581473159698331,0.02484375,0.07435763888888888
771PQEDeRmw,0.1889446132625272,0.18972942577946592,0.3406036900871459,0.1493652296083047,0.18131944444444445,1.0,0.0,0.25640625,0.12774305555555557,0.0019618055555555556,65,-0.026415871221123127,0.0003298611111111111,0.18213541666666666
nj_nVIfXRA8,0.2825569541802832,0.24307197635113045,0.29191503267973856,0.17289046124438764,0.22663194444444446,1.0,0.0,0.22010416666666666,0.08571180555555556,0.0016319444444444445,141,-0.05582902211841853,0.0090625,0.10345486111111112
BBCScVuP3xo,0.25637074836601303,0.22968008229918987,0.2819991149237473,0.16302504568745554,0.23786458333333332,1.0,0.0,0.23961805555555554,0.058888888888888886,0.002916666666666667,112,-0.017912752116893277,0.003715277777777778,0.15296875
saBbIPzhZ2c,0.36662787152777776,0.25042235340147545,0.37086417483660133,0.2271771776817127,0.1965451388888889,0.0,0.0,0.17043402777777777,0.37508680555555557,0.032413194444444446,205,0.08542148088024953,0.021284722222222222,0.09838541666666667
C8EdaqLAxl8,0.2006710657815904,0.19916692490125,0.38368123638344226,0.13184959373373886,0.21036458333333333,1.0,0.0,0.3059375,0.1776736111111111,0.008975694444444444,103,0.020124348538161363,0.007673611111111111,0.27239583333333334
AQaLqo9ntnc,0.5372887651279957,0.26971054316770965,0.5248777913943355,0.4483742322265464,0.2992361111111111,0.0,0.0,0.3320659722222222,0.35315972222222225,0.18041666666666667,580,0.010186386234056322,0.05618055555555555,0.03215277777777778
dhUk6b0x_e0,0.45979422735566444,0.24745432867158745,0.6032537445533769,0.3826457997791429,0.14763888888888888,0.0,0.0,0.10291666666666667,0.5038541666666667,0.0009027777777777777,78,-0.06901880525080978,0.07673611111111112,0.09637152777777777
DAaw7Ao_zUc,0.2777968610021786,0.2259862247775289,0.38551525054466235,0.1746869965343747,0.23729166666666668,1.0,0.0,0.3217534722222222,0.3051215277777778,5.208333333333334e-05,117,-0.022645731693833493,0.014270833333333333,0.11569444444444445
NOmZ3iQ774U,0.2911197768654684,0.18173703888695295,0.3020309776688453,0.1391302540898564,0.1359548611111111,1.0,0.0,0.3799652777777778,0.04460069444444444,0.0007638888888888889,88,-0.008880073534310029,0.020694444444444446,0.020746527777777777
CUNHS7I3mMA,0.20382827355664485,0.08764830445427052,0.3419750136165577,0.22879614998107425,0.09550347222222222,1.0,0.0,0.26203125,0.08458333333333333,0.053697916666666665,45,0.013674739935512603,0.0,0.017934027777777778
rp314DXbxGY,0.33076095249183013,0.25668743255900933,0.7241629901960785,0.5007876317593861,0.39288194444444446,0.0,0.0,0.5341145833333333,0.04973958333333333,0.3882465277777778,548,0.11051893826558618,0.03769097222222222,0.1985763888888889
Zvv8G9krJ5E,0.09636488007897602,0.19094846896770235,0.36501845043572984,0.17049437527157327,0.17956597222222223,1.0,0.0,0.2584201388888889,0.11534722222222223,0.02782986111111111,25,0.07273510035232572,0.012395833333333333,0.7671527777777778
6tKxMJ10IuI,0.8877051440631808,0.26044074076955237,0.07272562636165578,0.10437966900757893,0.1529340277777778,0.0,1.0,0.038802083333333334,0.04711805555555556,0.0010590277777777779,46,0.041626404007085505,0.8116145833333334,0.03248263888888889
sTE0G95uEIw,0.13477591111111112,0.27655659649447467,0.23298318355119824,0.04701963420939697,0.1492013888888889,1.0,0.0,0.10211805555555556,0.17402777777777778,0.0,16,-0.017102255267310004,0.03845486111111111,0.7499479166666667
OdafuDeNMyM,0.3853629918981481,0.2700602851194932,0.552365876906318,0.3770703352979568,0.52453125,0.0,0.0,0.31383680555555554,0.20118055555555556,0.13706597222222222,849,0.024430495870324476,0.04819444444444444,0.14189236111111111
EPYsP-l6z2s,0.2747723284041395,0.29234975223989035,0.25690318627450975,0.21743526827334894,0.16578125,1.0,0.0,0.13927083333333334,0.08625,0.06576388888888889,37,-0.010578372607029929,0.09322916666666667,0.05538194444444444
DhO5tcjnb9A,0.4785907768246188,0.2638626055293895,0.4591437908496733,0.26812949006279174,0.26375,0.0,0.0,0.45947916666666666,0.08605902777777778,0.005347222222222222,307,0.03733014162948822,0.0038368055555555555,0.08291666666666667
5LVXrBGLYEM,0.09102030518790849,0.2433204484594444,0.04292272603485839,0.048160639168219416,0.19315972222222222,1.0,0.0,0.04532986111111111,0.003732638888888889,0.00043402777777777775,6,-0.019609441380274734,0.03881944444444444,0.8507291666666666
vfyXd6o4CYs,0.6768344231072985,0.31688083539224016,0.45263378267973864,0.36360142157100467,0.16527777777777777,0.0,1.0,0.49126736111111113,0.09784722222222222,0.060381944444444446,238,0.010766377457223197,0.3172916666666667,0.1040625
hfJ4r7JM13Y,0.29757505480664487,0.2687311813984859,0.47178152233115467,0.22923559382760042,0.3018402777777778,1.0,0.0,0.4350347222222222,0.13414930555555554,0.008697916666666666,270,0.028151278931643597,0.029635416666666668,0.24979166666666666
dtbskS8IdTI,0.5792747893382355,0.27434105314699914,0.5335447303921569,0.3820338553990694,0.22767361111111112,0.0,1.0,0.8294791666666667,0.032378472222222225,0.25946180555555554,154,0.021030952387044333,0.02234375,0.05291666666666667
6Prpy-OHYoM,0.8549592558006535,0.23820221434891026,0.09754629629629628,0.11288410537928804,0.20807291666666666,0.0,1.0,0.06951388888888889,0.005815972222222222,0.0,35,0.04798963770572995,0.6784375,0.035590277777777776
yrCd-6s4E4A,0.44061349507080605,0.35870726711523404,0.2002673611111111,0.17978909805428905,0.3186979166666667,0.0,0.0,0.09539930555555555,0.13262152777777778,0.03947916666666667,162,0.05143134452969267,0.12236111111111111,0.22897569444444443
s0P4xH14D1k,0.8745150262527231,0.2128514579941124,0.1399548611111111,0.29904426195763606,0.13836805555555556,0.0,1.0,0.031788194444444445,0.035486111111111114,0.09637152777777777,148,0.0010502499303683965,0.6755381944444444,0.01920138888888889
KTKd-EnLn6U,0.6280467217592591,0.36088099317293276,0.2124364787581699,0.13598932342603864,0.27057291666666666,0.0,1.0,0.12958333333333333,0.07480902777777777,0.0025520833333333333,142,-0.26882736756782294,0.27644097222222225,0.0829513888888889
sqF4tAcOin0,0.7701460039215686,0.24217791110860978,0.23203703703703704,0.27899029502211947,0.17649305555555556,0.0,1.0,0.1542013888888889,0.0190625,0.0825,199,-0.05756461731647733,0.21508680555555557,0.025173611111111112
QX8gnzvBgKk,0.3844641363834423,0.3023253060570709,0.3628983523965141,0.2138180017733061,0.29725694444444445,0.0,0.0,0.05451388888888889,0.11206597222222223,0.04649305555555556,199,-0.030094405642129063,0.05921875,0.21829861111111112
OIPZ1xIyKz8,0.22050587509531594,0.2722941346270357,0.6031876361655772,0.24873450206624484,0.3035069444444444,1.0,0.0,0.3160763888888889,0.31602430555555555,0.05838541666666667,170,0.1552748833010819,0.031614583333333335,0.43494791666666666
bAt8cYL0G3A,0.20996562905773425,0.2382713511239114,0.4413878676470588,0.18399493550483648,0.1556076388888889,1.0,0.0,0.010347222222222223,0.6177777777777778,0.023229166666666665,87,0.04466140179078751,0.03888888888888889,0.41046875
HIvdgvTrLtk,0.4033283968137254,0.31389511256244995,0.6524754901960784,0.4093796998281186,0.35901041666666667,0.0,0.0,0.14157986111111112,0.5707465277777778,0.12699652777777778,677,0.046752596908400335,0.08137152777777777,0.16105902777777778
0UstH3ITJEE,0.4701125474264705,0.2753331403148264,0.5446359613289761,0.439534729877161,0.15944444444444444,0.0,0.0,0.6769618055555555,0.11255208333333333,0.20833333333333334,304,-0.15790539661865644,0.11498263888888889,0.021649305555555557
x1EY7FvnnZE,0.22479818808551197,0.24036197062249,0.18571806917211328,0.1048286992588084,0.18541666666666667,1.0,0.0,0.00671875,0.20147569444444444,0.0005555555555555556,33,0.003995979357192814,0.05956597222222222,0.13520833333333335
9Uw_F8Ycva4,0.22743325797930283,0.14983827077436018,0.5024222494553376,0.15901461022799573,0.09774305555555556,1.0,0.0,0.00109375,0.8137847222222222,0.00017361111111111112,43,0.16133465612878115,0.001579861111111111,0.04522569444444444
fgLlXsb9znE,0.48670929520697165,0.26743632285182806,0.44743899782135077,0.282697490018049,0.16960069444444445,0.0,0.0,0.4038888888888889,0.008993055555555556,0.03512152777777778,391,0.16495053146978328,0.0734375,0.04461805555555556
UM5NWFoZnpE,0.23407532999727668,0.24365056022682435,0.46554874727668855,0.19086410277859714,0.2225,1.0,0.0,0.47942708333333334,0.08289930555555555,0.021996527777777778,128,0.12614709930199475,0.029149305555555557,0.32503472222222224
rgm1GchJB6k,0.13050100857843136,0.16747332478375498,0.029878336056644885,0.0544607912682037,0.08307291666666666,1.0,0.0,0.018159722222222223,0.008524305555555556,0.0005208333333333333,6,-0.015621154153936126,0.01873263888888889,0.4494270833333333
p4CGl5558Xo,0.1123863095996732,0.14752701603636698,0.03820976307189543,0.05537309711368206,0.057743055555555554,1.0,0.0,0.029600694444444443,0.0134375,0.00020833333333333335,7,0.03596148915688849,0.016840277777777777,0.7225173611111111
DxB4ifQBNdI,0.2865811993872549,0.16137449252286554,0.3993139978213507,0.23263872862250345,0.16328125,1.0,0.0,0.12041666666666667,0.4375,0.021024305555555556,87,0.03202037814258912,0.009965277777777778,0.06331597222222222
taY8k0pLARQ,0.2682606706563181,0.15019594879089695,0.3674305555555555,0.18468450626838334,0.12171875,1.0,0.0,0.08425347222222222,0.426875,0.006284722222222222,56,0.09377576218378178,0.00625,0.08161458333333334
eJlnR-RkrJ4,0.33779691845043575,0.20093514471036822,0.25951436546840956,0.13463747226163977,0.1051736111111111,0.0,0.0,0.006840277777777778,0.37203125,0.0005902777777777778,39,0.046357347732549015,0.03246527777777778,0.07130208333333334
XGftU_vt34M,0.3328468144744009,0.32730569306324914,0.49593423202614373,0.27491047153835424,0.40737847222222223,1.0,0.0,0.545,0.07149305555555556,0.06211805555555556,265,-0.01458170715089463,0.08005208333333333,0.32116319444444447
QxRs0tubqc8,0.3681922367238562,0.2965361550200357,0.6427918028322439,0.3731244852103004,0.43399305555555556,0.0,0.0,0.6655902777777778,0.11600694444444444,0.1404513888888889,455,-0.008272887747508728,0.04914930555555556,0.22074652777777778
ubYsxB2-b0E,0.3656528560185185,0.321481801404893,0.38482563997821345,0.22556795978656924,0.4930729166666667,0.0,0.0,0.2786284722222222,0.04390625,0.053211805555555554,148,0.020541953309061278,0.06050347222222222,0.2806076388888889
YoQkBXaytn4,0.3800298343137255,0.31696806833930613,0.6171009667755992,0.3898966696916015,0.43135416666666665,0.0,0.0,0.5074652777777777,0.2409548611111111,0.12680555555555556,518,-0.07126558849691639,0.05555555555555555,0.24135416666666668
7obl4UukIHI,0.3833680518927015,0.3346044532570931,0.5453324482570806,0.3448840116141715,0.4362152777777778,0.0,0.0,0.26039930555555557,0.3718402777777778,0.09779513888888888,646,0.061523319636387186,0.09670138888888889,0.27005208333333336
R7rfFkFJRfU,0.307164052954793,0.27742680375056894,0.6398003812636164,0.3899342062811745,0.4162326388888889,1.0,0.0,0.6162152777777777,0.10609375,0.15355902777777777,488,0.051575733882471275,0.03814236111111111,0.2540104166666667
_l9bS_IfXz4,0.4484962540849673,0.3397052277080281,0.40071534586056645,0.28073415689644804,0.44647569444444446,0.0,0.0,0.3047048611111111,0.11611111111111111,0.07510416666666667,324,0.13417981484362784,0.07770833333333334,0.22614583333333332
FB_L8XFYOuk,0.33948161586328973,0.31353138288632637,0.3138359204793028,0.21216637430999652,0.3220659722222222,0.0,0.0,0.22140625,0.07032986111111111,0.04680555555555556,103,-0.00042187292262862996,0.026788194444444444,0.34923611111111114
17TSlvZ67Wg,0.37084656290849666,0.3026469823447041,0.44810178376906323,0.19897246181284803,0.36322916666666666,0.0,0.0,0.11338541666666667,0.2605381944444444,0.029270833333333333,167,0.13123938088866294,0.06067708333333333,0.20546875
knS3S_ObpBo,0.38375010363562095,0.2906803134675688,0.4945290713507625,0.26549279259670955,0.4248090277777778,0.0,0.0,0.1153125,0.5526736111111111,0.053559027777777775,275,0.0810235243779363,0.04861111111111111,0.1670486111111111
trPVUpDZoi0,0.24058200788398693,0.26184736020060734,0.5029285811546841,0.22630456710819533,0.3062152777777778,1.0,0.0,0.2525,0.39916666666666667,0.04581597222222222,214,0.02719813846043906,0.03635416666666667,0.34878472222222223
CZN8lRsgfDQ,0.3229957371187364,0.2728562580081331,0.34586349400871463,0.21466730714933802,0.43899305555555557,0.0,0.0,0.07987847222222222,0.29796875,0.038836805555555555,222,0.011148758730059993,0.04711805555555556,0.23717013888888888
JmyylFBgHwc,0.32221951162854023,0.3083248317605638,0.5663718001089325,0.28624864036225695,0.4128298611111111,1.0,0.0,0.22977430555555556,0.47378472222222223,0.06703125,458,0.044995492834583595,0.05032986111111111,0.3092013888888889
kYwEsCJnDLo,0.1897100454793028,0.25852712486506974,0.6407824754901961,0.2281655804561568,0.37819444444444444,1.0,0.0,0.21737847222222223,0.5246527777777777,0.03612847222222222,188,0.011732965671387818,0.034409722222222223,0.5254166666666666
GnNMizCBuXE,0.19319567091503267,0.24453762888813127,0.6798234613289761,0.2160337950592069,0.36963541666666666,1.0,0.0,0.06293402777777778,0.7463541666666667,0.029149305555555557,127,0.027157582649792206,0.014375,0.4866493055555556
uPTpmuRefqc,0.1779548148828976,0.23870869669732386,0.7052423066448801,0.2107307600884098,0.3228125,1.0,0.0,0.08616319444444444,0.7394097222222222,0.028559027777777777,115,-0.033973273258165904,0.025086805555555557,0.5162326388888889
IzlZit9htuk,0.33580126075708067,0.2465623761758116,0.5233987608932462,0.22701339287519892,0.3836111111111111,1.0,0.0,0.11166666666666666,0.5588020833333334,0.010833333333333334,137,-0.03770302282107213,0.04411458333333333,0.05236111111111111
UNncTI3j2ZU,0.16660926741557733,0.2387812584214636,0.7172706971677559,0.20379345957846126,0.31199652777777775,1.0,0.0,0.15715277777777778,0.6483506944444445,0.02673611111111111,82,-0.0433305250490878,0.023055555555555555,0.5863888888888888
xusLYyGmuZo,0.34299486162854037,0.24478344474677102,0.6366529139433552,0.32747072525140825,0.3562326388888889,0.0,0.0,0.1240625,0.6531597222222222,0.07670138888888889,350,0.075657103132591,0.03420138888888889,0.12539930555555556
kWiJ37s5mBs,0.1807363423883442,0.23191824770510028,0.6198214188453158,0.16028431150009004,0.38121527777777775,1.0,0.0,0.08809027777777778,0.6189756944444444,0.018940972222222224,78,0.0034392656576727465,0.012829861111111111,0.5183854166666667
xV1rIgaRSRc,0.24452755558278869,0.255951872820384,0.4260119144880174,0.08106533497698315,0.37210069444444444,1.0,0.0,0.005416666666666667,0.6067013888888889,0.0,55,-0.006855728005765727,0.026493055555555554,0.3755381944444444
ywle5ZRK9hc,0.32959582038398694,0.26248806865857227,0.3084253812636165,0.08175874594544641,0.3232638888888889,1.0,0.0,0.00829861111111111,0.4702604166666667,0.0,72,0.09475362248668745,0.03822916666666667,0.15338541666666666
IrFZQksU7KA,0.9394085710648148,0.1807788901653763,0.0118317674291939,0.04658373069654686,0.1343923611111111,0.0,1.0,0.01189236111111111,0.0012326388888888888,0.0005729166666666667,9,0.01942373397390451,0.8801388888888889,0.015833333333333335
LKF3kgKJ_r4,0.3392705928376907,0.2534769250052539,0.32675851034858383,0.169124169819024,0.24741319444444446,0.0,0.0,0.27869791666666666,0.10883680555555555,0.003298611111111111,189,0.08733928387941708,0.0856423611111111,0.06717013888888888
bedKMYhJCy4,0.9137072479847494,0.2700625140491854,0.009076048474945534,0.035318190450296244,0.0575,0.0,1.0,0.0009027777777777777,0.0,0.0004166666666666667,6,0.003976965144301459,0.9004340277777778,0.07777777777777778
DhNQj-VG734,0.2136035617238561,0.19731177757275917,0.10108183551198256,0.0654957203849178,0.12647569444444445,0.0,0.0,0.029375,0.03767361111111111,0.0028819444444444444,3,0.02195867055565731,0.02232638888888889,0.3770659722222222
mtJ7Z_xEtNY,0.9828311790305011,0.10790581351790192,0.0027354983660130712,0.014186044496817632,0.031163194444444445,0.0,1.0,0.0007118055555555556,0.0,0.0,4,-0.012816079255041135,0.95578125,0.011111111111111112
RpAkcCsrcGM,0.12243740027233115,0.15637749066112952,0.4087473447712418,0.15994098120696493,0.12277777777777778,1.0,0.0,0.47487847222222224,0.23588541666666665,1.736111111111111e-05,34,-0.031051184522101316,0.006458333333333333,0.6019097222222223
uopoQ1qyfWU,0.25627878790849673,0.3114645830010052,0.40430787037037036,0.26209361867328757,0.15756944444444446,1.0,0.0,0.3602430555555556,0.10545138888888889,0.06135416666666667,114,0.0009186039925639933,0.07802083333333333,0.39786458333333335
xe4cTkq_il8,0.22510186056644882,0.28743778001565656,0.4159394744008715,0.276491193821337,0.1584722222222222,1.0,0.0,0.37092013888888886,0.11015625,0.07038194444444444,111,0.0018092789174291024,0.04407986111111111,0.4353298611111111
jLF9CkAJZkc,0.35241133048747275,0.2860378847753745,0.16935505174291943,0.25417151707267904,0.2226388888888889,1.0,0.0,0.11583333333333333,0.04416666666666667,0.07486111111111111,77,-0.032914931550997784,0.06479166666666666,0.08928819444444444
IUGEeN4DFq4,0.43718401899509807,0.30915490129414086,0.25934980936819174,0.2767176846535621,0.22012152777777777,0.0,0.0,0.3336458333333333,0.02357638888888889,0.06189236111111111,149,-0.04088197020233281,0.09871527777777778,0.07083333333333333
NR3CH3JIwAY,0.3693520284722222,0.29294011966094063,0.27942184095860567,0.23627364014299151,0.2453298611111111,1.0,0.0,0.18559027777777778,0.13210069444444444,0.03998263888888889,152,0.14804064191473731,0.07774305555555555,0.11116319444444445
ZdEDo9rczG4,0.429020086791939,0.27569273068602085,0.3603348311546841,0.3156285847492698,0.19244791666666666,0.0,0.0,0.3605902777777778,0.14774305555555556,0.06786458333333334,248,0.08050746022284377,0.05609375,0.029357638888888888
_1cuUHe3gWw,0.40424805678104575,0.31459839246149635,0.26741435185185186,0.27229263591482944,0.20875,0.0,0.0,0.2790625,0.0471875,0.055503472222222225,160,-0.12228007081474401,0.08720486111111111,0.15508680555555557
HhBLBJ_BdFI,0.3271048612200435,0.13683872075552497,0.8727393110021786,0.47095983543453435,0.034409722222222223,0.0,0.0,0.006649305555555556,0.87609375,0.8131944444444444,3,0.0692959099619706,0.0021875,0.14118055555555556
H5i8-ejlSzk,0.7156406096405229,0.3730284275365129,0.1987629357298475,0.17984456871459736,0.18949652777777778,0.0,1.0,0.014097222222222223,0.16597222222222222,0.036944444444444446,54,-0.013110490607528558,0.55234375,0.1387326388888889
lz8ONLIe5II,0.14229493654684097,0.27934490455386285,0.38649176198257085,0.18016725552054047,0.1906423611111111,1.0,0.0,0.10881944444444444,0.2325173611111111,0.027934027777777776,76,0.020021731056105135,0.054253472222222224,0.7659375
UKqI4uloHTI,0.13605468643790847,0.2744539136563355,0.3861045751633987,0.17767610000892844,0.18197916666666666,1.0,0.0,0.11147569444444444,0.22949652777777776,0.026649305555555555,74,0.014613392528358748,0.051354166666666666,0.77703125
Jw2l71LKZ9M,0.1061812026143791,0.23946973705874283,0.31599523420479303,0.1594466122480929,0.16536458333333334,1.0,0.0,0.09086805555555555,0.18680555555555556,0.019461805555555555,66,-0.011364231689031348,0.033541666666666664,0.8160416666666667
S7Q39oxga0E,0.16276568288398696,0.30630665608533214,0.32215311819172116,0.16584802983190544,0.2140625,1.0,0.0,0.09213541666666666,0.1962326388888889,0.02234375,66,0.015198923544048809,0.07755208333333333,0.7496180555555556
luhuYsLae3M,0.4881955345452069,0.27216961720237937,0.49489712690631804,0.3420178138792479,0.3732638888888889,0.0,0.0,0.06973958333333333,0.6346006944444444,0.0753125,658,0.07158702215760421,0.08795138888888888,0.040190972222222225
OnP3lH8xJJA,0.32395834788943356,0.24445494015746763,0.6482723992374728,0.38990847851578214,0.4192708333333333,1.0,0.0,0.15920138888888888,0.6116319444444445,0.10215277777777777,830,0.09069028301809962,0.017083333333333332,0.11633680555555556
0deB3rPkR3k,0.8841012989379085,0.19813224335329205,0.22227818627450982,0.25961700061383364,0.17348958333333334,0.0,1.0,0.12392361111111111,0.08079861111111111,0.007864583333333333,85,-0.03134405219614844,0.7376736111111111,0.0007638888888888889
AflkZK0vlf0,0.8118456539351852,0.29530433026478076,0.2540392837690632,0.31424277440550086,0.2056076388888889,0.0,1.0,0.027586805555555555,0.25744791666666667,0.07315972222222222,48,-0.053038163451708864,0.6865277777777777,0.0
OvS9KvqIIHc,0.8199350600217867,0.27656528431678895,0.24267742374727672,0.2917703087309394,0.24746527777777777,0.0,1.0,0.058506944444444445,0.23069444444444445,0.07192708333333334,109,-0.029729242691382884,0.6679340277777778,0.0033159722222222223
gNx6cuB9UvY,0.7352140586601307,0.3515394158357221,0.2733526688453159,0.15215388938100094,0.19277777777777777,0.0,1.0,0.01361111111111111,0.007447916666666667,0.0003298611111111111,68,0.20847268754343573,0.61890625,0.028628472222222222
SYZWSoxvKAw,0.6974664277913942,0.3390304329777831,0.24222637527233118,0.152858397786212,0.26348958333333333,0.0,1.0,0.013958333333333333,0.24958333333333332,0.001267361111111111,81,0.18329770300950188,0.5728125,0.01140625
kw1MvGkTcz0,0.7082337454384531,0.31326417285859604,0.2646326933551198,0.248724919734772,0.20619791666666668,0.0,1.0,0.028871527777777777,0.16789930555555554,0.049305555555555554,98,0.1296758802572734,0.15520833333333334,0.08307291666666666
IBXR_MQsUq8,0.8374159133169935,0.26078305441393484,0.18715754357298475,0.2608754471631236,0.20059027777777777,0.0,1.0,0.12626736111111111,0.11736111111111111,0.07197916666666666,216,0.06401833797914613,0.6569965277777777,0.016788194444444446
VP9uxYvI06k,0.713246125245098,0.32844702307648926,0.25492640250544657,0.22053067986508137,0.2646701388888889,0.0,1.0,0.08567708333333333,0.23612847222222222,0.027274305555555555,276,0.19367542394762338,0.5660763888888889,0.06204861111111111
2GHMUk0y7I0,0.2207066431781046,0.2793520397486098,0.10129071350762528,0.1352339301928167,0.22677083333333334,1.0,0.0,0.05493055555555556,0.01109375,0.00012152777777777777,18,0.07408006720927368,0.0035416666666666665,0.6595659722222222
oJbUGYQqxvM,0.7318882305555555,0.23606674164392463,0.430505582788671,0.2845098984121008,0.21890625,0.0,1.0,0.0051736111111111115,0.6834722222222223,0.08730902777777778,163,0.008010367175581679,0.10140625,0.016875
FOvBPK9bZPQ,0.7740422228077343,0.23253814720321533,0.36040516067538125,0.34338722242229164,0.2541319444444444,0.0,1.0,0.12927083333333333,0.20392361111111112,0.0828125,377,0.07501227413600275,0.2325347222222222,0.02425347222222222
0hTzUACJc_k,0.7005419968681916,0.24009654924719295,0.38457679738562084,0.283080613510927,0.20071180555555557,0.0,1.0,0.005954861111111111,0.4800173611111111,0.054565972222222224,207,-0.019998756187598055,0.09786458333333334,0.012881944444444444
hNLxtXfzS4Y,0.5855648343818083,0.19156815692290297,0.562795547385621,0.4201188731629551,0.17333333333333334,0.0,1.0,0.7651909722222222,0.08227430555555555,0.13296875,154,-0.009910217892200146,0.00024305555555555555,0.005277777777777778
BrMVgMqllb8,0.7956319648148148,0.24050634554750686,0.22514168028322437,0.21540749389508124,0.23453125,0.0,1.0,0.07097222222222223,0.1324826388888889,0.027725694444444445,188,0.04748082165233891,0.3805381944444444,0.023055555555555555
vjfK9gkD5TE,0.2732815197848584,0.39474199635645335,0.39071044389978216,0.41084984338453023,0.19378472222222223,1.0,0.0,0.2736284722222222,0.09064236111111111,0.17293402777777778,22,-0.02737289378057295,0.07038194444444444,0.6367361111111111
NjpgZ31R0cM,0.26247471180555554,0.29250214076753167,0.706945397603486,0.24936554659066082,0.1952951388888889,1.0,0.0,0.11590277777777777,0.6764583333333334,0.021579861111111112,493,0.22644112637625435,0.07046875,0.37666666666666665
GW5vgbctt-U,0.5888532607843137,0.24405208824003766,0.3165927287581699,0.19864308928455454,0.2659722222222222,0.0,0.0,0.007222222222222222,0.428125,0.012986111111111111,239,-0.04722084533434456,0.05652777777777778,0.024010416666666666
xxNVwZZUukw,0.5597948857843137,0.28605238427985785,0.29715168845315904,0.25945455103233045,0.2090972222222222,0.0,0.0,0.29279513888888886,0.034375,0.04881944444444444,87,0.004343077256185102,0.017864583333333333,0.08692708333333334
EfFSZarLy8k,0.7568024149101307,0.308834302519222,0.16123086873638345,0.15114017840297223,0.22399305555555554,0.0,1.0,0.023524305555555555,0.1704513888888889,0.02484375,133,0.20622188866606828,0.6240798611111111,0.06039930555555555
-mFNf3u9kcA,0.7084815364923747,0.3460066097717536,0.2251817810457516,0.2244544718312892,0.16869791666666667,0.0,1.0,0.03222222222222222,0.25307291666666665,0.08729166666666667,100,0.18435081151706745,0.5494444444444444,0.049340277777777775
iWNWV194Reo,0.8510737822848584,0.23685336355014203,0.18615842864923748,0.256952222641515,0.29083333333333333,0.0,1.0,0.0684375,0.10232638888888888,0.057777777777777775,485,0.044768837631277036,0.66578125,0.0009722222222222222
VLro3cuIZj0,0.14664764319172113,0.23828368551518275,0.5342640250544662,0.3540414964443861,0.17342013888888888,1.0,0.0,0.1228125,0.3550347222222222,0.13310763888888888,91,-0.01525478292378496,0.003263888888888889,0.6868402777777778
oSoBKfo4wwY,0.879171266122004,0.22344680368932401,0.11784395424836604,0.24124394845988872,0.20043402777777777,0.0,1.0,0.07234375,0.033715277777777775,0.05887152777777778,62,-0.06660040050572624,0.8136979166666667,0.013628472222222222
Zi-0nn5-V58,0.8530040212962959,0.27302012178495944,0.09958612472766884,0.2318065666539074,0.13767361111111112,0.0,1.0,0.06904513888888889,0.023541666666666666,0.05696180555555556,25,0.028215353959620937,0.8153819444444445,0.05331597222222222
3KU2wtFcx9U,0.847074140114379,0.2360283628287869,0.14547691993464054,0.30616490999558743,0.17430555555555555,0.0,1.0,0.10637152777777778,0.03256944444444444,0.09498263888888889,113,-0.07183086727220156,0.7786805555555556,0.015503472222222222
uLGx3JWGxQU,0.8064989551198255,0.2881283884131497,0.2536642156862745,0.31201543716996405,0.1725,0.0,1.0,0.0829513888888889,0.14515625,0.11125,169,-0.11644527814447148,0.6972048611111111,0.012760416666666666
qRTIfxwWD5E,0.886082484327342,0.21342943016573873,0.12470928649237474,0.17382127849947637,0.16432291666666668,0.0,1.0,0.042986111111111114,0.06473958333333334,0.034166666666666665,68,-0.0579524208350477,0.8318055555555556,0.013802083333333333
Xwf0YPbzd_w,0.8312809940767972,0.2689754843285342,0.17268756808278868,0.21190665015729906,0.12265625,0.0,1.0,0.10069444444444445,0.012951388888888889,0.03652777777777778,20,0.023469958334437768,0.8104861111111111,0.04375
bRHyb0Tf-go,0.7234812046023964,0.2622671352955025,0.3702348856209151,0.397797659494062,0.19447916666666668,0.0,1.0,0.40815972222222224,0.04552083333333334,0.12147569444444445,115,-0.05945445340644928,0.09578125,0.02784722222222222
pruqIhv_DSI,0.7630687385484749,0.22942318912081944,0.33793450435729844,0.3594981885741557,0.14296875,0.0,1.0,0.31690972222222225,0.039809027777777777,0.10277777777777777,80,0.02181123957611819,0.15913194444444445,0.026319444444444444
TmSEO6hOR2U,0.7154872258442266,0.298898868323204,0.34652505446623094,0.30167100448390255,0.12989583333333332,0.0,1.0,0.2944965277777778,0.032552083333333336,0.07628472222222223,50,-0.028770909265463662,0.054149305555555555,0.09802083333333333
kazrVl9Zxn0,0.7667289033905228,0.2679342907069071,0.2915750953159041,0.32059036997935886,0.16520833333333335,0.0,1.0,0.16967013888888888,0.0296875,0.08630208333333333,81,0.012293711220062842,0.09814236111111112,0.04697916666666667
a58PRnrwgdk,0.32155595208333326,0.28489982966128247,0.2633756808278867,0.14639621144931425,0.19706597222222222,1.0,0.0,0.18609375,0.174375,0.004322916666666667,188,0.07408065670158415,0.060208333333333336,0.12984375
K2JoocUkjzs,0.2906154267701525,0.2331489439453557,0.1583183551198257,0.1059954037322929,0.12866319444444443,0.0,0.0,0.023125,0.09147569444444445,0.014253472222222223,47,0.09088849183534775,0.027881944444444445,0.22947916666666668
C-vg64V_s7c,0.5336854924972767,0.2091287060918765,0.1483978077342048,0.07450301115774133,0.18140625,0.0,0.0,0.011215277777777777,0.10269097222222222,0.0,56,0.12199260637789855,0.07388888888888889,0.00421875
RdI9tfez3M8,0.49634267293028317,0.2695997581507204,0.08047120098039215,0.0358192648184726,0.2601041666666667,0.0,0.0,0.0013715277777777777,0.037725694444444444,0.0,37,0.06920193636623134,0.08939236111111111,0.025763888888888888
3chMzjbp2b4,0.49825519496187365,0.20450058319243808,0.11860416666666666,0.04506221685861064,0.17472222222222222,0.0,0.0,0.019947916666666666,0.009913194444444445,0.0,36,0.1457709136173838,0.05201388888888889,0.04161458333333334
Cfv8ZVqEp2Y,0.3043286484613289,0.2568161099067324,0.17614583333333333,0.0656914733761694,0.10567708333333334,1.0,0.0,0.05298611111111111,0.12348958333333333,0.0,43,-0.065403398023964,0.01970486111111111,0.19947916666666668
hj0IiuaR74w,0.4223339327342049,0.25498691560961495,0.4628813316993464,0.2221778702165612,0.11940972222222222,0.0,0.0,0.720625,0.006006944444444444,0.013298611111111112,159,0.02789200522168933,0.047690972222222225,0.09953125
yqsTF4jAJj8,0.8192272500953158,0.3034415718214065,0.025190155228758167,0.039065107952049934,0.09732638888888889,0.0,1.0,0.0010763888888888889,0.014913194444444444,0.0,17,-0.18993103949766987,0.7167013888888889,0.00019097222222222223
UbpvQ7Vacfo,0.765588715359477,0.270728118087883,0.0698947440087146,0.08306826348708987,0.04421875,0.0,1.0,0.006024305555555555,0.04690972222222222,0.0003125,33,-0.18014338178455602,0.38289930555555557,0.0008159722222222223
vN8I497PiRE,0.8905114377178649,0.24152079391290623,0.027736655773420476,0.05784685020759823,0.09725694444444444,0.0,1.0,0.00036458333333333335,0.025243055555555557,1.736111111111111e-05,19,-0.323922239509272,0.8078125,0.0008333333333333334
F7_0tJOKSlw,0.4392004806236383,0.2534920667170976,0.24141196895424835,0.14575415615494264,0.2413715277777778,0.0,0.0,0.21602430555555555,0.04532986111111111,0.0022916666666666667,142,-0.22125670494227972,0.03756944444444445,0.07680555555555556
edCm0YtZIF8,0.273024333619281,0.1665480924744908,0.2153400054466231,0.12042756051396204,0.1259375,1.0,0.0,0.11684027777777778,0.19262152777777777,0.0,70,0.028145911460632445,0.00020833333333333335,0.11597222222222223
Q0vaYn4cAWU,0.4617758696486928,0.3310113963721537,0.2503530092592593,0.19153529779281728,0.22571180555555556,0.0,0.0,0.2782118055555556,0.09848958333333334,0.01515625,135,0.15859405304017804,0.12597222222222224,0.16390625
i0JAZneDDa4,0.24394901058006535,0.2589205394560254,0.38047358387799557,0.19371636693125874,0.1890625,1.0,0.0,0.44,0.005607638888888889,0.030868055555555555,78,0.12588270561996234,0.051076388888888886,0.2850173611111111
uaFt_7QQOvg,0.2672915469362745,0.19443476819729916,0.3899287854030502,0.1955667239256098,0.20010416666666667,1.0,0.0,0.22899305555555555,0.34921875,0.025295138888888888,162,0.0403258340119762,0.019097222222222224,0.16545138888888888
YKdn4oixnrc,0.14428342815904138,0.18128643146894527,0.5250163398692811,0.14340661229219276,0.14734375,1.0,0.0,0.13236111111111112,0.6727951388888889,0.004166666666666667,84,0.031440437138996746,0.013559027777777777,0.5321354166666666
NBONVXbbl6E,0.2863743770969498,0.2846382264078586,0.14433775871459695,0.10566689331256088,0.14020833333333332,1.0,0.0,0.15984375,0.0074131944444444445,0.0,44,0.0034586637046871704,0.05706597222222222,0.250625
RpdWjiBf5uU,0.5694555365196079,0.27342879677170695,0.5270356753812636,0.42518549240667736,0.3489236111111111,0.0,0.0,0.7303993055555555,0.00012152777777777777,0.17567708333333334,319,0.05897263861430069,0.12871527777777778,0.0559375
PVuTNLNRefM,0.35566507621187365,0.3249145964426955,0.562438316993464,0.2778761057823149,0.3084027777777778,0.0,0.0,0.09038194444444445,0.5380381944444445,0.06272569444444444,209,-0.036767127698580315,0.07206597222222222,0.3120486111111111
d6nT9WbMTF4,0.13414390217864924,0.1458756099091807,0.3880853077342048,0.10785497591564959,0.06979166666666667,1.0,0.0,0.2064409722222222,0.3935416666666667,0.004791666666666666,30,0.0075616236380560975,0.005729166666666666,0.41336805555555556
9nWBz5KdqY8,0.25771097539488014,0.27696919198085196,0.8385762527233114,0.40611338641619066,0.26461805555555556,1.0,0.0,0.18927083333333333,0.69359375,0.17041666666666666,253,-0.010483832205591348,0.02109375,0.40960069444444447
DEFfCBnYuGM,0.36406876169662306,0.31885099074533213,0.7372088779956428,0.28253767379989253,0.1412326388888889,1.0,0.0,0.9644965277777777,0.00038194444444444446,0.05814236111111111,87,0.14724707610865811,0.005989583333333334,0.32081597222222225
gNmTXA_l8KM,0.46717305738017423,0.37361715593693723,0.6596966911764706,0.4009426872723311,0.2596354166666667,0.0,0.0,0.3625173611111111,0.40642361111111114,0.15411458333333333,367,-0.18787300795431716,0.1763715277777778,0.27835069444444444
FEy6-XtpNlQ,0.2914611261846405,0.33038103479174824,0.5774437636165577,0.4052363176183845,0.29477430555555556,1.0,0.0,0.52765625,0.07645833333333334,0.18682291666666667,252,-0.037560594021334714,0.042847222222222224,0.48993055555555554
f937p6BrZTY,0.17628023564814813,0.26404199120260474,0.5230240332244008,0.3405050178144826,0.20208333333333334,1.0,0.0,0.3939930555555556,0.12380208333333333,0.09210069444444445,181,0.008372754822244755,0.02125,0.5601909722222222
8p_sZttsJO8,0.20727812397875817,0.2189351213293169,0.8122020016339869,0.29784618244677236,0.3017534722222222,1.0,0.0,0.9551041666666666,0.0036631944444444446,0.07171875,132,0.1474454184766052,0.0077083333333333335,0.40241319444444446
OCMr3YTgfHY,0.27363653255718956,0.22403436685297629,0.8262018654684096,0.3454444593781919,0.18414930555555556,1.0,0.0,0.9603298611111111,0.0,0.12680555555555556,165,0.12595651780203448,0.010243055555555556,0.10690972222222223
HPuDBVsUntw,0.42274519026416124,0.301784599481355,0.7540395561002179,0.39813887855020774,0.1944965277777778,0.0,0.0,0.8852430555555556,1.736111111111111e-05,0.2682638888888889,177,0.10532645757281345,0.10328125,0.048663194444444446
9cONH0A8cg8,0.29895704688180824,0.24385362671867877,0.6673006535947713,0.3131629549004433,0.2468576388888889,1.0,0.0,0.8796006944444444,0.004670138888888889,0.10465277777777778,261,-0.004686087847086462,0.02420138888888889,0.15331597222222224
IXi1aQHgRB4,0.6111360657135075,0.22402396190175797,0.47601742919389967,0.34758564777096246,0.17703125,0.0,0.0,0.6577604166666666,0.0,0.15086805555555555,113,-0.03351557721450227,0.07991319444444445,0.0005034722222222222
d9BBcyUjHrQ,0.3407768543028322,0.2822115344356214,0.7652248093681918,0.4158741702943983,0.24604166666666666,1.0,0.0,0.8196006944444445,0.07222222222222222,0.22361111111111112,393,0.04387203943620199,0.05640625,0.13401041666666666
hsnJGrbi1w0,0.30015143149509804,0.300393776083249,0.6428871187363835,0.39634045773516186,0.1890625,1.0,0.0,0.4240625,0.27491319444444445,0.12697916666666667,251,0.25460436020398086,0.028975694444444443,0.28996527777777775
fuZeTWggtT0,0.14420315584150323,0.2885705673100307,0.24850728485838783,0.17205154593283475,0.2947916666666667,1.0,0.0,0.18210069444444443,0.05720486111111111,0.02048611111111111,38,0.10846906357844772,0.038211805555555554,0.7766493055555556
-Mk8oCRyyEw,0.18739068209422657,0.2970023828357998,0.29935511982570806,0.25541069390373705,0.27508680555555554,1.0,0.0,0.2619444444444444,0.05447916666666667,0.05458333333333333,160,0.14109798172447133,0.0415625,0.6759027777777777
T5k9RjN9Vq8,0.7692506640522877,0.3218486855568657,0.40621364379084973,0.48172730952208054,0.3099826388888889,0.0,1.0,0.47401041666666666,0.008680555555555556,0.23916666666666667,148,0.009427336195427571,0.5652430555555555,0.10847222222222222
yXUXWQ3WTZA,0.42366552550381265,0.33568309060274865,0.718140727124183,0.40284857188887524,0.1401388888888889,0.0,0.0,0.29585069444444445,0.5946180555555556,0.1090798611111111,121,-0.11406933576323214,0.07364583333333333,0.2025
KzmZR8G5WPI,0.814773650680828,0.3037328220519838,0.2455197440087146,0.3769389326094202,0.24901041666666668,0.0,1.0,0.23411458333333332,0.013940972222222223,0.13409722222222223,91,0.036988321587989814,0.5717361111111111,0.09704861111111111
iMlYfXYAVqk,0.8048928164896514,0.3205402729468644,0.1868769063180828,0.24775583699355644,0.22604166666666667,0.0,1.0,0.1362847222222222,0.01611111111111111,0.05690972222222222,77,0.07029931385841426,0.6776041666666667,0.09142361111111111
dloxs3KqXQk,0.8048928164896514,0.3205402729468644,0.1868769063180828,0.24775583699355644,0.22604166666666667,0.0,1.0,0.1362847222222222,0.01611111111111111,0.05690972222222222,77,0.07029931385841426,0.6776041666666667,0.09142361111111111
7MGLCGNW9s8,0.7635419820261439,0.3194979484417921,0.303291802832244,0.40191265043008023,0.2446701388888889,0.0,1.0,0.3890972222222222,0.011319444444444444,0.14821180555555555,136,-0.02334576115381204,0.5643055555555555,0.02236111111111111
sJY-JR_mL84,0.7310947882352942,0.3610113033179829,0.2636279275599128,0.36539681603049495,0.23440972222222223,0.0,1.0,0.30932291666666667,0.007847222222222222,0.13267361111111112,81,-0.07144357692790859,0.5683159722222222,0.08543402777777778
j0yfVCZ4QeQ,0.356598195629085,0.31140015623375306,0.3026814406318083,0.23032623508265132,0.2855034722222222,1.0,0.0,0.2048611111111111,0.08934027777777778,0.04201388888888889,204,-0.005231693691752082,0.05078125,0.23288194444444443
XXNmoEA5xCk,0.32815115023148156,0.32235585478274614,0.4890144335511982,0.5372547185354346,0.17131944444444444,1.0,0.0,0.4368923611111111,0.11060763888888889,0.3073263888888889,109,0.00474425936144951,0.08519097222222222,0.23131944444444444
F8wawX4YOTg,0.19659973316993462,0.3144921392222761,0.7215337690631808,0.12074593997895074,0.18541666666666667,1.0,0.0,0.021215277777777777,0.6049131944444445,0.008020833333333333,25,-0.02548200474608231,0.11100694444444445,0.6646527777777778
pW34NAiXmns,0.09950256609477125,0.22336793107021524,0.2509079520697168,0.19759567937220976,0.12144097222222222,1.0,0.0,0.05782986111111111,0.17487847222222222,0.06815972222222222,15,0.0012938130195709885,0.036944444444444446,0.8207465277777778
ftUrI4vtUb8,0.11140832416938996,0.1485210106855008,0.3718949482570806,0.14505045683454967,0.09333333333333334,1.0,0.0,0.05017361111111111,0.18833333333333332,0.022291666666666668,15,-0.013209546106802611,0.0038194444444444443,0.8510069444444445
8LetZUCVaAM,0.05875606802832244,0.15335131703372307,0.47810934095860563,0.10995246971005529,0.15895833333333334,1.0,0.0,0.07732638888888889,0.23918402777777778,0.0023784722222222224,18,-0.05423012992678801,0.0,0.8807986111111111
FaC1IuWOxTM,0.13163709686819172,0.28892425329738963,0.19770608660130717,0.17730644721488872,0.18522569444444445,1.0,0.0,0.1315625,0.046440972222222224,0.04015625,13,0.038649935899844376,0.046753472222222224,0.8202256944444445
SH6Cyhunl8s,0.17137364124455337,0.29608859653706077,0.6483982162309369,0.22721321926368832,0.11729166666666667,1.0,0.0,0.14737847222222222,0.6514756944444444,0.056302083333333336,25,0.018073145876144697,0.09532986111111111,0.6862847222222223
SnbFev7N4yM,0.0886284604302832,0.1675529447295746,0.8700360838779957,0.16196609237974732,0.158125,1.0,0.0,0.05986111111111111,0.8843055555555556,0.029253472222222222,21,0.03134740070664915,0.0014583333333333334,0.8695486111111111
mUxWL-PB6es,0.11989102900326798,0.16406979420203932,0.6242374727668845,0.11684347854748574,0.10463541666666666,1.0,0.0,0.21260416666666668,0.6775173611111112,0.00234375,25,0.023432458696521594,0.01579861111111111,0.6281770833333333
WmvZwR4rKJg,0.2879743208197168,0.24992468175535384,0.20668416394335512,0.21979780134390908,0.14631944444444445,1.0,0.0,0.1732986111111111,0.017291666666666667,0.03895833333333333,65,0.12709649901209724,0.04059027777777778,0.08565972222222222
W4q22U_pfEg,0.31067535601851853,0.2637498524571841,0.4031897467320262,0.34184859876093526,0.16680555555555557,1.0,0.0,0.14215277777777777,0.08739583333333334,0.1426388888888889,98,0.08023638216757734,0.032274305555555556,0.018645833333333334
JHgRqnZtZVM,0.15268547779139433,0.19778013715582324,0.43404227941176465,0.12847570703245975,0.16361111111111112,1.0,0.0,0.34421875,0.19663194444444446,0.005694444444444445,25,0.07371425343825888,0.031788194444444445,0.4475
hGd4kUHTFEU,0.19991203051470585,0.27995122898076563,0.3583215550108933,0.09123134654984956,0.13887152777777778,1.0,0.0,0.36529513888888887,0.07588541666666666,0.0,25,0.022481648392290526,0.05336805555555556,0.5198611111111111
ygRDcMWHDy0,0.15864663346949887,0.25959788740997064,0.6050222630718954,0.12886706030111564,0.14963541666666666,1.0,0.0,0.11965277777777777,0.7213368055555556,6.944444444444444e-05,69,0.06518317086011505,0.0546875,0.6401388888888889
Qh9cIEelCj4,0.18916701348039217,0.3142196750487058,0.34868232570806096,0.22128839140613443,0.1361111111111111,1.0,0.0,0.12567708333333333,0.19678819444444445,0.027864583333333335,84,-0.005852532388726989,0.027777777777777776,0.721875
96aGKCbm1W4,0.25407026226851853,0.2873472488749431,0.7957177968409588,0.18864253957055105,0.13039930555555557,1.0,0.0,0.03387152777777778,0.8217361111111111,0.013454861111111112,51,0.00850571922009663,0.07668402777777777,0.04201388888888889
yUZWhh3RBCM,0.1461383368191721,0.19067597518737237,0.5434251770152506,0.310657863731882,0.14694444444444443,1.0,0.0,0.14652777777777778,0.4600520833333333,0.09595486111111111,41,-0.03965702633703021,0.0,0.6734201388888889
PwB8rEcq4FE,0.1837790375953159,0.22053314749829275,0.42691428376906315,0.043594478524030277,0.15515625,1.0,0.0,0.00012152777777777777,0.7580381944444444,0.0,14,0.026868509481599773,0.011875,0.09909722222222223
enPFr-WxHgQ,0.21921985001361655,0.2239254240046343,0.5147487064270152,0.2253008148252653,0.10487847222222223,1.0,0.0,0.04133680555555556,0.8768229166666667,0.05182291666666667,32,0.1393193209633233,0.040503472222222225,0.02203125
X8Pz2ZBhiGU,0.14113678654684098,0.20248935298005138,0.15406869553376906,0.18123349683372936,0.10710069444444445,1.0,0.0,0.045399305555555554,0.13921875,0.03498263888888889,25,0.10931458772511138,0.021996527777777778,0.7547569444444444
G-3_iseB2hI,0.2236988887254902,0.27546922487752346,0.4662180691721133,0.2690582847326,0.2190625,1.0,0.0,0.23053819444444446,0.45588541666666665,0.024947916666666667,71,0.22554271471604367,0.006822916666666666,0.6659895833333334
CwF3FZMz9EE,0.04710552832244008,0.17005454529691408,0.0,0.0,0.13911458333333335,1.0,0.0,0.0,0.0,0.0,1,0.00990546252788621,0.0190625,0.9119097222222222
GiAN41N_gtY,0.06808021435185184,0.1799227144066873,0.25713636982570803,0.1485796817399502,0.08440972222222222,1.0,0.0,0.12529513888888888,0.07848958333333333,0.0184375,17,-0.014904290692738215,0.002777777777777778,0.856875
E7IC0w9jX0I,0.055742031944444444,0.10098744292453145,0.2914993191721133,0.02800591411139883,0.2414236111111111,1.0,0.0,0.2043576388888889,0.02717013888888889,0.0,9,-0.00033665716528191725,0.0,0.7983854166666666
2ThH2Kl9FMc,0.09418241755174293,0.11140592152131493,0.4367163671023965,0.03679894312079112,0.3480729166666667,1.0,0.0,0.4739236111111111,0.034444444444444444,0.0,12,0.003098419130853028,0.0,0.5831423611111111
04omUmiwCAE,0.8404726936955337,0.13257981934649646,0.037413262527233114,0.04558594280788713,0.08803819444444444,0.0,1.0,0.00022569444444444443,0.0011458333333333333,0.0,21,-0.08046260015889439,0.326875,0.0008159722222222223
jutGtBIE6kk,0.8577173082244011,0.2516572231765988,0.040963167211328984,0.07614048643395183,0.13585069444444445,0.0,1.0,0.01826388888888889,0.0056770833333333335,0.005416666666666667,19,-0.004496168991878213,0.6152430555555556,0.06413194444444445
aAZ5_M0i5zk,0.9857469209967321,0.07838055645521097,0.0015917755991285403,0.009858814319267224,0.054565972222222224,0.0,1.0,5.208333333333334e-05,0.0,0.0,2,-0.004986697989887934,0.9648263888888889,0.0011805555555555556
kNWfxenV0w8,0.04392413660130719,0.04450901546326096,0.011452750544662308,0.011919123087633102,0.03661458333333333,1.0,0.0,0.004861111111111111,0.002690972222222222,0.0,1,0.0023449270603909597,0.0,0.9756423611111111
Rx8J10vp610,0.14773663352396516,0.17828242929949403,0.05655678104575163,0.13111812969174594,0.0284375,1.0,0.0,0.07524305555555555,0.00026041666666666666,0.013454861111111112,5,0.22945003137623715,0.004253472222222222,0.43774305555555554
II-fk9eFhto,0.771675984422658,0.24315389709752291,0.033082652505446626,0.10928687412464849,0.10626736111111111,0.0,1.0,0.02095486111111111,0.007847222222222222,0.013194444444444444,5,0.03953156467122987,0.0004166666666666667,0.07461805555555556
SJyo4z53iUc,0.6007360715958605,0.36412848041496665,0.02902049291938998,0.04898847224703221,0.06413194444444445,0.0,0.0,0.04057291666666667,0.0005208333333333333,0.0,4,-0.19143190599499266,0.4618923611111111,0.0019097222222222222
UiuVMgnS_EI,0.8935278458605667,0.10172671422331393,0.0,0.0,0.0325,0.0,1.0,0.0,0.0,0.0,3,-0.049615386388494165,0.28522569444444446,0.0048090277777777775
kJMx0F7e9QU,0.8799184321486929,0.1674276221101423,0.04326845043572985,0.15338576857746555,0.11553819444444445,0.0,1.0,0.030868055555555555,0.0027083333333333334,0.019427083333333334,23,0.01800098112554438,0.5131944444444444,0.0006597222222222222
9BjwuSlGncQ,0.83529341376634,0.19134285426382885,0.21832380174291938,0.4128858301895289,0.15100694444444446,0.0,1.0,0.025277777777777777,0.005225694444444444,0.1622222222222222,48,0.036571780783168695,0.4812326388888889,0.0011111111111111111
0PCNSK5FuAg,0.8988321264161221,0.12947963699169254,0.03023794934640523,0.09480377026756351,0.05600694444444444,0.0,1.0,0.01888888888888889,0.0036458333333333334,0.008923611111111111,14,-0.0005771287285502025,0.4926388888888889,0.0005208333333333333
0b9WPrc0H2w,0.8560108119689542,0.22374359230710575,0.03728785403050109,0.06398529703561512,0.20241319444444444,0.0,1.0,0.03737847222222222,0.001979166666666667,0.001579861111111111,24,-0.10681876822491365,0.59203125,0.018680555555555554
ZAge9pUM6do,0.911108367551743,0.14185535459341947,0.025257148692810455,0.054500251024531855,0.09425347222222222,0.0,1.0,0.011319444444444444,0.008888888888888889,0.0018923611111111112,18,0.027986916429919684,0.6656423611111111,0.0005729166666666667
Cnr4IfHzX2w,0.9551149022875819,0.09008122490197704,0.05708374183006535,0.08212158658508317,0.034930555555555555,0.0,1.0,0.007430555555555556,0.0006770833333333334,0.0015277777777777779,2,-0.04896757313688227,0.9204340277777778,5.208333333333334e-05
eDqyFYco1hU,0.5667491093818083,0.3021265371113807,0.04184531590413944,0.06036504139054085,0.10875,0.0,0.0,0.00609375,0.03456597222222222,0.00359375,18,-0.06157386763793471,0.299375,0.015503472222222222
Ye3JdGsAFXs,0.44217800951797376,0.27320371003354743,0.31482482298474945,0.414186202088582,0.1266840277777778,0.0,0.0,0.3282291666666667,0.09331597222222222,0.2944097222222222,128,-0.002242062831229741,0.03602430555555555,0.007118055555555555
mEKz-uVq-H4,0.9387418066448802,0.10490553543408122,0.013042347494553377,0.04431784618602292,0.08159722222222222,0.0,1.0,0.005295138888888889,0.0029861111111111113,0.0021354166666666665,6,0.011938422405934235,0.7592708333333333,0.0004861111111111111
C-TON33fmDs,0.018021377995642702,0.08434233948555489,0.0,0.0,0.04861111111111111,1.0,0.0,0.0,0.0,0.0,1,0.04256546224359765,0.00026041666666666666,0.9706597222222222
FYWgD0jCIEc,0.19363450449346403,0.25728896047789,0.14373107298474944,0.18995209608267838,0.15225694444444443,1.0,0.0,0.016909722222222222,0.012239583333333333,0.00038194444444444446,62,0.19063553397651695,0.0038888888888888888,0.2610590277777778
TwWZwS8iBrw,0.9094441192401962,0.1273428779593986,0.01779990468409586,0.047358953608346736,0.07973958333333334,0.0,1.0,0.009184027777777777,0.0015451388888888889,0.0019270833333333334,14,0.006472048018259069,0.6237326388888889,0.0005034722222222222
Wr6k9_DZifQ,0.5690942196623094,0.37206928955130286,0.2165549428104575,0.11303607890978008,0.1304861111111111,0.0,0.0,0.3632638888888889,0.017951388888888888,0.0025520833333333333,42,-0.13247131415307545,0.40210069444444446,0.027239583333333334
jSjN1_76dTs,0.5383839935729848,0.22616617874916056,0.05286192810457516,0.08590265179347535,0.16119791666666666,0.0,0.0,0.02230902777777778,0.005364583333333333,0.0,19,0.06119461412092009,0.00109375,0.10333333333333333
zesUGFM1uog,0.8663029770016341,0.22057505849208775,0.036626021241830065,0.04534530417494836,0.22026041666666665,0.0,1.0,0.014652777777777778,0.013489583333333333,0.0013541666666666667,21,0.004363489418126476,0.6023784722222222,0.03446180555555556
erxmi7Z4Bks,0.6801500946895426,0.3856102357471977,0.061900735294117645,0.09280520096794813,0.09866319444444445,0.0,1.0,0.01310763888888889,0.04020833333333333,0.009045138888888889,20,0.3064296102357714,0.5907118055555556,0.15977430555555555
XXx0vYGDKiw,0.24529375465686273,0.2212411476014928,0.0464677968409586,0.08528668142326386,0.10829861111111111,1.0,0.0,0.0031770833333333334,0.04875,0.0008680555555555555,15,0.021186269628492516,0.06555555555555556,0.09140625
3MJ-k15te_k,0.8703154191857299,0.24945163248792424,0.11323366013071895,0.19870811137220679,0.06222222222222222,0.0,1.0,0.10413194444444444,0.05739583333333333,0.011857638888888888,32,-0.2504926761369336,0.7730208333333334,0.0067708333333333336
eE65ody9MdI,0.7943281338507625,0.36807344288766736,0.1223971269063181,0.24454130348409564,0.11793402777777778,0.0,1.0,0.1282986111111111,5.208333333333334e-05,0.04428819444444444,12,-0.05665504585305592,0.7514930555555556,0.09029513888888889
sXqkad2DUiE,0.28512801888616557,0.26334334630973205,0.4689817538126361,0.23857192778212377,0.1446875,1.0,0.0,0.19788194444444446,0.3512152777777778,0.029427083333333333,131,0.09616928320826562,0.06703125,0.15520833333333334
2zlaGjuCY_0,0.2790935529411765,0.2892505579023103,0.5367653867102397,0.2615375317179313,0.20307291666666666,1.0,0.0,0.47605902777777775,0.1548263888888889,0.039045138888888886,177,0.031275983823212505,0.034583333333333334,0.3693923611111111
kmoS0etbErE,0.7269621186546841,0.33257410646827756,0.1471160811546841,0.14542132566873633,0.17543402777777778,0.0,1.0,0.07519097222222222,0.0007638888888888889,0.02342013888888889,38,-0.21247601366044944,0.6101909722222222,0.09048611111111111
VUxPCOh9--Y,0.49276916579520685,0.2965117381878011,0.23754336873638343,0.1909241718991573,0.1965625,0.0,0.0,0.10515625,0.00140625,0.02050347222222222,153,0.12723955684484262,0.10501736111111111,0.07421875
3VKAAZqRiNk,0.2734350732162309,0.2661827608783857,0.17875667211328974,0.10491077674617909,0.16081597222222221,1.0,0.0,0.14994791666666665,0.01982638888888889,0.004791666666666666,73,0.17746559887075972,0.051805555555555556,0.25038194444444445
hwiMHkCC9M0,0.22283658310185187,0.2939848514324362,0.2149812091503268,0.13998938898663765,0.18109375,1.0,0.0,0.06314236111111111,0.09498263888888889,0.015173611111111112,63,0.042947575660519516,0.04121527777777778,0.5104861111111111
T7IU5g4NhW8,0.3240634931372548,0.2793201582344603,0.5434796432461874,0.26858430877639716,0.23831597222222223,1.0,0.0,0.012552083333333333,0.5328472222222222,0.05243055555555556,202,0.08769998615898872,0.007881944444444445,0.25427083333333333
pwiL6o3nuSU,0.498274438208061,0.2439255416169661,0.43688453159041396,0.2552980879558557,0.19230902777777778,0.0,0.0,0.5211284722222222,0.006302083333333333,0.04055555555555555,147,-0.09462045279714981,0.015121527777777777,0.05637152777777778
Se4eI5KICKI,0.29229508331971676,0.24280300860551307,0.5243244144880174,0.2417949275923509,0.16255208333333335,1.0,0.0,0.3703472222222222,0.23807291666666666,0.04128472222222222,125,0.017158283685793585,0.029895833333333333,0.21526041666666668
B7h9PLIsbT0,0.3585617463779956,0.2572044539706983,0.2986774918300653,0.15034796265486558,0.225,0.0,0.0,0.17015625,0.11451388888888889,0.009079861111111111,162,-0.08878470921774922,0.046996527777777776,0.1332986111111111
6NcpxroJ6eQ,0.5397365192129628,0.3120849814103499,0.2632736247276689,0.23429822393561195,0.11373263888888889,0.0,0.0,0.21739583333333334,0.07369791666666667,0.030972222222222224,195,0.23272740979581552,0.171875,0.10095486111111111
FjIYHqurQEQ,0.42337857693355113,0.2439492959298393,0.1840603894335512,0.11864591261046947,0.1578298611111111,0.0,0.0,0.057951388888888886,0.11605902777777778,0.008020833333333333,66,-0.21737773410874967,0.02248263888888889,0.11255208333333333
d_f_fArMF0I,0.49569306244553374,0.28945544453063665,0.24172576252723316,0.14964223112166483,0.18881944444444446,0.0,0.0,0.05751736111111111,0.22581597222222222,0.011215277777777777,120,0.13684093570199474,0.061822916666666665,0.09979166666666667
XPd8O0m1seY,0.35188869117647054,0.318622799774329,0.28408047385620916,0.11765914731280379,0.24579861111111112,1.0,0.0,0.0014583333333333334,0.3198784722222222,0.011215277777777777,58,0.09112906368793722,0.07104166666666667,0.3065277777777778
GhxkxR8NF34,0.5302185239923747,0.2432585539444455,0.2051896105664488,0.14949239577498102,0.14618055555555556,0.0,0.0,0.08803819444444444,0.04390625,0.011059027777777777,74,-0.1870743188334642,0.04234375,0.05963541666666667
u4OlNwYBVEw,0.6059894425381264,0.21362510416001795,0.14044274237472765,0.0847272494890366,0.11348958333333334,0.0,1.0,0.0038888888888888888,0.04918402777777778,0.003246527777777778,30,0.14816371261653438,0.0003125,0.05546875
9p9y3OcGy4I,0.3139772638480392,0.2364529105426287,0.3369191857298474,0.11383900989990572,0.12427083333333333,0.0,0.0,0.0055381944444444445,0.6485243055555555,0.002777777777777778,53,0.018187332324108962,0.048125,0.15944444444444444
TXj9N6CdM8E,0.16964258838507623,0.2016705186224203,0.3892487064270152,0.0893612738670869,0.09597222222222222,1.0,0.0,0.00203125,0.7920659722222222,0.004722222222222222,19,0.03366748158251917,0.0296875,0.4212673611111111
2p9ifBrX1Jk,0.3275736615604575,0.24260645922686483,0.29455930010893244,0.11203133699548765,0.15387152777777777,0.0,0.0,0.05520833333333333,0.2931076388888889,0.002777777777777778,67,-0.0974588043380129,0.012517361111111111,0.245
99Bgv3K32wM,0.13858306633986925,0.18968270950632124,0.72522746459695,0.1607380215775142,0.11253472222222222,1.0,0.0,0.33119791666666665,0.3449305555555556,0.018298611111111113,41,-0.0024999123300175063,0.013975694444444445,0.5052083333333334
EVE_mfh9X_I,0.4062166960511983,0.2321197053556921,0.3213400054466231,0.23457726475335486,0.11795138888888888,0.0,0.0,0.18588541666666666,0.005329861111111111,0.03598958333333333,135,-0.0026151294738471775,0.0375,0.0559375
GnoSmQQt96o,0.2218026701388889,0.2240406567371069,0.7579509123093682,0.28506825798986035,0.15536458333333333,1.0,0.0,0.008819444444444444,0.7708333333333334,0.043854166666666666,135,0.04304947412570703,0.027864583333333335,0.2627083333333333
di-yqfP5auM,0.3551171392293027,0.23250251628020677,0.3015835375816993,0.14351568337347118,0.12914930555555557,0.0,0.0,0.1320486111111111,0.18854166666666666,0.012569444444444444,78,-0.1196058140871899,0.002309027777777778,0.18194444444444444
-lCYducWCMM,0.2075398510893246,0.1969417997682387,0.36786342592592597,0.21173722489927174,0.12423611111111112,1.0,0.0,0.07508680555555555,0.49583333333333335,0.0421875,26,-0.030243498836145688,0.030260416666666668,0.2864583333333333
p1Jt0yT3FAc,0.26159034398148145,0.1716887933759658,0.393058142701525,0.24439809008350472,0.07444444444444444,0.0,0.0,0.15786458333333334,0.35779513888888886,0.0636111111111111,73,-0.08074979568718882,0.011996527777777778,0.16802083333333334
X-vB0POITIs,0.28868633500817,0.27961286785092887,0.49515815631808285,0.19987795069652373,0.3064236111111111,1.0,0.0,0.26116319444444447,0.35369791666666667,0.013854166666666667,155,0.09125261571255194,0.05510416666666667,0.26303819444444443
o0mfu_em4rg,0.39363195292755987,0.24841456354443792,0.4174810049019608,0.24158423147620986,0.22102430555555555,0.0,0.0,0.07364583333333333,0.5980034722222223,0.0020486111111111113,140,-0.01917516005599723,0.023229166666666665,0.14680555555555555
R_CzeVkYIfU,0.3034335897058823,0.23264306290642597,0.43782863562091506,0.20846189227422615,0.21456597222222223,0.0,0.0,0.10979166666666666,0.4635763888888889,0.029861111111111113,164,-0.007079144769340129,0.011649305555555555,0.17932291666666667
hC5vAa_gGcI,0.21140855864651412,0.2754747276018715,0.6362190223311547,0.16465642916056164,0.23741319444444445,1.0,0.0,0.14461805555555557,0.5684375,0.0002777777777777778,68,0.0017949967399017164,0.06,0.3165104166666667
F33oE34X0j4,0.3854409687636165,0.29246040816898344,0.278619417211329,0.11904267944163142,0.3380034722222222,0.0,0.0,0.06875,0.2460763888888889,0.0009895833333333334,92,-0.023976456549758718,0.03934027777777778,0.17046875
JGL4Bi6Vrn4,0.2517373073529412,0.24756509136732646,0.7304059095860567,0.3059994005699821,0.17590277777777777,1.0,0.0,0.051354166666666666,0.8116840277777778,0.09010416666666667,140,-0.14843269720924673,0.023020833333333334,0.22375
fyN9_9wz-3M,0.3332427596949891,0.279186056176757,0.4537470724400872,0.1502839562961052,0.24340277777777777,0.0,0.0,0.13526041666666666,0.44586805555555553,0.0,117,0.031425586686689766,0.03755208333333333,0.200625
sZM6MZBOeho,0.4225165715958606,0.25248836678841674,0.35325081699346406,0.20461683742071587,0.4115451388888889,0.0,0.0,0.4063888888888889,0.03201388888888889,0.0024652777777777776,234,-0.019359650630102587,0.02953125,0.11206597222222223
OcxupZZsGj0,0.19128146512799563,0.25211901276738763,0.6509664351851853,0.159324093650821,0.20677083333333332,1.0,0.0,0.09411458333333333,0.6170833333333333,0.0,46,-0.006469059941090843,0.04756944444444444,0.3016666666666667
NxqFYbuJduY,0.23721087246732028,0.2713234038716063,0.6453696214596951,0.16435478662688777,0.23126736111111112,1.0,0.0,0.10602430555555556,0.5942013888888888,0.0,72,-0.010695842695455121,0.04994791666666667,0.26630208333333333
KPdI5OW-TUw,0.36913923005174276,0.3188839670881543,0.513343341503268,0.3432349711762481,0.25946180555555554,1.0,0.0,0.5843229166666667,0.005052083333333333,0.014635416666666666,95,-0.014825213473818044,0.14222222222222222,0.19539930555555557
GyH5206Jm2w,0.35846273050108934,0.29173910322562085,0.5641115196078432,0.24049350574454675,0.3606597222222222,1.0,0.0,0.040190972222222225,0.7113541666666666,0.002361111111111111,162,0.13469024424459725,0.08020833333333334,0.12484375
wJyObkuNuFI,0.23753866131535945,0.2766847547377568,0.696968545751634,0.1600161117005428,0.1777951388888889,1.0,0.0,0.03675347222222222,0.7488541666666667,0.0,51,-0.005054290483363533,0.06840277777777778,0.15697916666666667
0Y3nUJQVtcY,0.27259986341230935,0.24262223134928548,0.6949386574074075,0.2112402848511915,0.3322222222222222,1.0,0.0,0.014201388888888888,0.8441493055555556,0.0036631944444444446,145,-0.05066379060264942,0.025381944444444443,0.305
uwNa5dZfo90,0.48553646156045754,0.2973070483582631,0.4226687091503267,0.1847903502784386,0.2557638888888889,0.0,0.0,0.036458333333333336,0.49666666666666665,0.0010416666666666667,152,0.12730575716570441,0.05486111111111111,0.10519097222222222
huBe4mbycZc,0.2768087228349673,0.2695207834658077,0.5871631944444444,0.1944187178694588,0.2323611111111111,1.0,0.0,0.04569444444444445,0.7362326388888889,0.0115625,152,-0.013288281335418595,0.03180555555555555,0.28194444444444444
SmjqVekN93o,0.26195174842047925,0.2527435123472301,0.48356311274509794,0.15977667442131413,0.38178819444444445,1.0,0.0,0.2086111111111111,0.31796875,0.007916666666666667,139,-0.004959513533095983,0.03326388888888889,0.2204861111111111
4UMDOAmCnog,0.21706797636165576,0.23226271959534417,0.5513714596949892,0.14436428501247908,0.2323611111111111,1.0,0.0,0.11522569444444444,0.5678645833333333,0.0,81,0.007600020379648187,0.03090277777777778,0.2442013888888889
jFl0hxwXVWg,0.2959943944035947,0.24057351594677812,0.5687100354030501,0.3706796585889589,0.3107986111111111,1.0,0.0,0.11404513888888888,0.6374479166666667,0.18286458333333333,390,-0.044179273022283194,0.02486111111111111,0.20815972222222223
P7yQmM1wG9Q,0.17560309900599133,0.18697584344684795,0.7585119825708062,0.19632223278513197,0.10034722222222223,1.0,0.0,0.0954861111111111,0.7298263888888888,0.0,35,0.0070079578503789985,0.021701388888888888,0.12729166666666666
_uPj295skyQ,0.2774069972086056,0.310819082856593,0.6592093545751636,0.20066506302009424,0.2746527777777778,1.0,0.0,0.08053819444444445,0.6143055555555555,0.00921875,161,-0.09192956860555312,0.06017361111111111,0.2522916666666667
Yx7QGNQsJaQ,0.2369939762254902,0.24841776309343996,0.6913017429193901,0.17639458684894258,0.17197916666666666,1.0,0.0,0.10288194444444444,0.6667708333333333,0.0,64,-0.013415720751028898,0.04611111111111111,0.1462152777777778
tp9tzLjurms,0.25611023238017433,0.27451230367652396,0.446943082788671,0.16103882182115098,0.23347222222222222,1.0,0.0,0.12626736111111111,0.3680555555555556,0.0125,107,0.06507554623626913,0.0315625,0.39427083333333335
hZ6vuoDJ8Nc,0.28145462091503265,0.2895553545972405,0.5098968545751634,0.15000626959376273,0.27677083333333335,1.0,0.0,0.07413194444444444,0.48269097222222224,0.0,69,0.025120349628830585,0.052708333333333336,0.21559027777777778
P_0U0SLFJc8,0.34635318462690634,0.3145008690618041,0.47069771241830066,0.18318864225626263,0.3126215277777778,1.0,0.0,0.16026041666666666,0.33109375,0.00920138888888889,134,0.008926145294121446,0.055399305555555556,0.19600694444444444
kW2H9TNSaAY,0.22712131058006535,0.23645014591335572,0.49934504357298476,0.22578370227227015,0.15552083333333333,1.0,0.0,0.0029861111111111113,0.6193576388888888,0.02440972222222222,64,-0.042741260388345886,0.06413194444444445,0.05381944444444445
S7JCynqNYQ0,0.2891987873638344,0.3112781013855644,0.6661310593681917,0.43456939004743456,0.19946180555555557,1.0,0.0,0.6046354166666666,0.13203125,0.06685763888888889,42,-0.03897172545562044,0.1311284722222222,0.17710069444444446
kPBK_b6bqfU,0.35724053274782136,0.21748744568315806,0.2753347630718954,0.25743409640485543,0.25862847222222224,0.0,0.0,0.1348263888888889,0.3163888888888889,0.00022569444444444443,88,-0.0240389700398273,0.008402777777777778,0.012100694444444445
DYX4F8ar4uc,0.2629699505582789,0.2050283974259275,0.3825283224400871,0.2615140974633116,0.20776041666666667,1.0,0.0,0.05763888888888889,0.26880208333333333,0.04147569444444445,150,-0.0696320201264777,0.016909722222222222,0.03800347222222222
OQY2PRQc5-E,0.21234133692810458,0.17712754917809237,0.10044566993464053,0.09133548054740045,0.09614583333333333,1.0,0.0,0.0290625,0.07944444444444444,0.0,20,-0.09010117236453935,0.02251736111111111,0.210625
l_xm77fyus4,0.1538892573529412,0.2229175824236237,0.15024632352941175,0.11949826721532997,0.13684027777777777,1.0,0.0,0.09159722222222222,0.04456597222222222,0.0007118055555555556,23,0.07399199627044142,0.03340277777777778,0.7509375
wOuMVD3XoHU,0.2584232840141612,0.21201824506343558,0.3737676334422659,0.2438342487592755,0.21255208333333334,1.0,0.0,0.08963541666666666,0.26859375,0.03975694444444444,122,-0.028357414047466223,0.013229166666666667,0.039461805555555556
L-5F4lMN7_M,0.37865262660675386,0.2865588826324691,0.7454825027233116,0.49405182425844046,0.16168402777777777,0.0,0.0,0.90046875,5.208333333333334e-05,0.39102430555555556,37,0.022706990865501098,0.07032986111111111,0.10692708333333334
ypoHgMib3qs,0.5168384700571895,0.36241760426216196,0.19479173474945533,0.19132225328938285,0.18541666666666667,0.0,0.0,0.07413194444444444,0.13411458333333334,0.035034722222222224,87,-0.08013439295094987,0.19550347222222222,0.05713541666666667
6-lGzSF6HfY,0.2062639413126362,0.19488542829622568,0.6576247957516341,0.29255328072727704,0.16486111111111112,1.0,0.0,0.10708333333333334,0.17053819444444446,0.11802083333333334,75,-0.030802992425246534,0.014375,0.34465277777777775
wNFT-XJsiGU,0.5615726150054465,0.2324152137108328,0.6346149918300653,0.5249273054430524,0.3492708333333333,0.0,0.0,0.39677083333333335,0.4568229166666667,0.36529513888888887,374,0.006219113535247289,0.026753472222222224,0.04105902777777778
MR3Qk993g38,0.3861782161900872,0.3060732889264633,0.7468937908496731,0.5282487364504898,0.17657986111111112,1.0,0.0,0.78640625,0.039010416666666665,0.6037673611111111,68,0.0701181857468472,0.13979166666666668,0.011336805555555555
Z-Qdp1_JWdI,0.11360148939270151,0.09549755702426424,0.019264229302832243,0.028813001697293616,0.11904513888888889,1.0,0.0,0.0018055555555555555,0.007100694444444444,0.0010416666666666667,4,0.008119611019101497,0.00010416666666666667,0.1638888888888889
ew_Nveq7CrU,0.1752095458469499,0.30418921180959463,0.8646996187363836,0.28603209593515,0.11369791666666666,1.0,0.0,0.12986111111111112,0.7847569444444444,0.10203125,18,-0.0677807728157899,0.035347222222222224,0.7611111111111111
dSs3VwbGUkY,0.9001447220724405,0.16677290974977604,0.2613531454248367,0.2457357747745117,0.08256944444444445,0.0,1.0,0.03375,0.04342013888888889,0.03930555555555556,11,0.0013375819963127311,0.8831770833333333,0.01861111111111111
WgyyyD6KAi4,0.7884825894607844,0.27884591464553254,0.388146105664488,0.38985027808547246,0.20267361111111112,0.0,1.0,0.20633680555555556,0.10076388888888889,0.09394097222222222,62,0.003571892232352991,0.5318923611111112,0.07619791666666667
Osx4fjPPyHw,0.5274067436410675,0.20538529162559782,0.32637343409586056,0.3344836772755309,0.16333333333333333,0.0,0.0,0.12520833333333334,0.18472222222222223,0.10279513888888889,102,0.08544361371907461,0.04892361111111111,0.010677083333333334
YUNv8xO9K0c,0.5275694301334423,0.2056327595365087,0.32582489106753815,0.3337062930098492,0.16371527777777778,0.0,0.0,0.12526041666666668,0.18472222222222223,0.10173611111111111,102,0.08651076288950899,0.04967013888888889,0.010642361111111111
kbndoixUDrw,0.3531756527505447,0.3142172702315432,0.5261796023965142,0.1175003436679231,0.06850694444444444,1.0,0.0,0.5768402777777778,0.0,0.0,32,0.0790852998940833,0.0005034722222222222,0.31671875
ZUTE17gsOvc,0.795733586791939,0.19464758770045304,0.36606270424836607,0.3427362151394799,0.15977430555555555,0.0,1.0,0.26546875,0.020711805555555556,0.014670138888888889,92,-0.04531429515145846,0.43506944444444445,0.0
Cj-MtFEK9Qk,0.37257630735294117,0.17032938425009583,0.7444522739651417,0.48787900074826307,0.2890451388888889,0.0,0.0,0.36225694444444445,0.5794444444444444,0.19916666666666666,93,0.030454631165940382,0.03373263888888889,0.007690972222222222
lZYCQmhaOBU,0.1470751678785403,0.15433789024195352,0.6205878267973856,0.14508920487161145,0.09321180555555555,1.0,0.0,0.0,0.9832986111111112,0.006024305555555555,20,0.02853518695737864,0.0025868055555555557,0.2594270833333333
-5siW4nVIaQ,0.14842730861928105,0.15703423145348,0.620718545751634,0.14530782820334348,0.09706597222222223,1.0,0.0,0.0,0.9812326388888889,0.005885416666666666,21,0.030118529872773164,0.002690972222222222,0.26307291666666666
dLsFjlF4IzA,0.15703613415032683,0.1713156135045932,0.6200486111111112,0.15855259867575067,0.11175347222222222,1.0,0.0,0.0,0.9761631944444444,0.010659722222222221,27,0.021574249327984102,0.0035069444444444445,0.2553472222222222
gpFQOr1kN1U,0.7321897551879084,0.3019346474749914,0.15440890522875816,0.08441116498389789,0.17229166666666668,0.0,1.0,0.04279513888888889,0.11366319444444445,0.00024305555555555555,60,0.11724591743069224,0.42291666666666666,0.04071180555555556
Yh19E1wfONE,0.13804598971949888,0.1532388525595253,0.68454302832244,0.12052231529815555,0.09946180555555556,1.0,0.0,0.0040625,0.9557986111111111,0.0005555555555555556,18,-0.000530148803932734,0.00020833333333333335,0.28847222222222224
69Hjkr0FAOk,0.14908553540305014,0.18939091873251124,0.6127830201525054,0.10153184669905377,0.14119791666666667,1.0,0.0,0.0015625,0.9400694444444444,1.736111111111111e-05,39,0.020436960202290494,0.015399305555555555,0.5149131944444445
yDiPw22z7Hc,0.6928919476988018,0.2809027628966227,0.1684746732026144,0.080791220050742,0.1856423611111111,0.0,1.0,0.10774305555555555,0.02342013888888889,0.0,82,0.023608982032963022,0.12491319444444444,0.06607638888888889
7YvBV59bS0s,0.13676384496187363,0.16107997881558375,0.6868965822440087,0.14282167645997235,0.11371527777777778,1.0,0.0,0.00010416666666666667,0.9747395833333333,0.005555555555555556,23,0.015746307563343553,0.005347222222222222,0.4514236111111111
AMwrLF_TeWo,0.13447252083333333,0.19983119364837026,0.6561999591503268,0.09080058286540943,0.12583333333333332,1.0,0.0,0.0103125,0.9223611111111111,0.00019097222222222223,14,0.09380619419828512,0.028090277777777777,0.6641493055555555
k3PW2CvOtVg,0.2292561762254902,0.25615234279446,0.3794860430283224,0.0916003728296263,0.13890625,1.0,0.0,0.002395833333333333,0.7646527777777777,0.0,31,-0.15497931678005553,0.014791666666666667,0.33234375
5JaO2cX64mQ,0.9471098703431373,0.1359229868826674,0.03887207244008714,0.04941208143531814,0.0940625,0.0,1.0,0.0005381944444444444,0.013836805555555555,0.0,18,0.020230373323129935,0.8892013888888889,0.012135416666666666
3UilNcgV-Jg,0.10438902485021787,0.15363888300403317,0.16497167755991285,0.05171075418615378,0.10263888888888889,1.0,0.0,0.14225694444444445,0.011215277777777777,3.472222222222222e-05,9,-0.03842069083081025,0.015399305555555555,0.7590104166666667
EdzAH5_PppM,0.08973385216503267,0.16340483214156568,0.44489828431372563,0.09711879623658048,0.10914930555555556,1.0,0.0,0.68265625,0.11178819444444445,0.009479166666666667,9,-0.024873997431030248,0.015625,0.8568055555555556
yCmWgLY5SE8,0.12577598865740738,0.1499187475021733,0.4397877859477124,0.07738118395779366,0.10423611111111111,1.0,0.0,0.019322916666666665,0.8838541666666667,0.0,19,0.07840834388043899,0.012829861111111111,0.3864930555555556
6BsNE9WQ1Y0,0.8918568941584967,0.2561548451058435,0.062197780501089324,0.027399600515817742,0.08852430555555556,0.0,1.0,0.0034895833333333333,0.02423611111111111,0.0,4,0.09989851690076279,0.8801909722222222,0.06977430555555555
RyMiy-9x5Ww,0.30907236104302827,0.3292578790827336,0.29346303104575155,0.0847135319543565,0.12116319444444444,1.0,0.0,0.01595486111111111,0.7305208333333333,0.0016840277777777778,30,-0.1352229569986657,0.16001736111111112,0.017204861111111112
UFLIbpyPf0A,0.211623103785403,0.284328511185256,0.18673093681917208,0.14367594602904138,0.14427083333333332,1.0,0.0,0.09253472222222223,0.013697916666666667,0.023645833333333335,40,0.06860072411908,0.03961805555555555,0.6589236111111111
8a8RKE7OXE8,0.47962048946078434,0.2668105206391129,0.20064276960784314,0.14023389251663257,0.25440972222222225,0.0,0.0,0.1698611111111111,0.018315972222222223,0.018315972222222223,82,0.01180917075792487,0.04192708333333333,0.055260416666666666
vxjYaAmdY9c,0.132981193872549,0.20832720153957826,0.4062535403050109,0.1429165989311446,0.16137152777777777,1.0,0.0,0.1320486111111111,0.3575520833333333,0.015173611111111112,69,0.04004051457228598,0.022222222222222223,0.6000694444444444
aFnu_0JyUZs,0.6275474409313725,0.2699809859034096,0.1326898828976035,0.1416456350196816,0.19348958333333333,0.0,1.0,0.03954861111111111,0.04123263888888889,0.010659722222222221,71,0.027999090427965778,0.004965277777777778,0.031875
Xt67OBEBVFA,0.2039372536356209,0.2787925036491306,0.21305596405228758,0.18393811251768005,0.24161458333333333,1.0,0.0,0.19399305555555554,0.023993055555555556,0.030017361111111113,32,-0.05810557700820096,0.058402777777777776,0.5153993055555556
YUWoi66UQNg,0.18159705618191724,0.2729705235941381,0.436401688453159,0.24112839966226524,0.2626041666666667,1.0,0.0,0.48631944444444447,0.025069444444444443,0.04269097222222222,95,-0.046690323454305765,0.04548611111111111,0.5985590277777778
mZi2KzT5VCU,0.44425128952886705,0.19420452518968856,0.5047416938997822,0.30950672658431805,0.31873263888888886,0.0,0.0,0.13442708333333334,0.2265451388888889,0.005138888888888889,132,0.06361976952687859,0.024774305555555556,0.04914930555555556
p2SYi0vxMIo,0.4886669091911764,0.21961569529221736,0.17003683278867102,0.22643146657851343,0.45586805555555554,0.0,0.0,0.1344965277777778,0.0030902777777777777,0.056475694444444446,135,0.18448278289958203,0.041666666666666664,0.01859375
r-nt4HkVebs,0.4197888860294117,0.28649642155667143,0.25358789488017425,0.12302459695393124,0.21541666666666667,0.0,0.0,0.25567708333333333,0.08039930555555555,0.0006076388888888889,119,-0.05623130857256792,0.0032118055555555554,0.05920138888888889
qX9PJbUY9WI,0.44069853039215684,0.25261625825547196,0.4032674291938998,0.26863257478011077,0.5906770833333334,0.0,0.0,0.3968055555555556,0.16817708333333334,0.008159722222222223,296,1.1658975124451132e-05,0.061024305555555554,0.04756944444444444
yFxQeCoPciU,0.35553729402233114,0.20750514932261926,0.18237833605664489,0.21248854802789546,0.22538194444444445,0.0,0.0,0.1515625,0.01689236111111111,0.047413194444444445,108,0.05952687439362975,0.03940972222222222,0.01923611111111111
w2LJL8kI05Q,0.5485358375,0.28022485441737416,0.44020690359477127,0.3474487230579432,0.34442708333333333,0.0,0.0,0.38373263888888887,0.19802083333333334,0.08666666666666667,345,-0.03151160564182176,0.056354166666666664,0.08744791666666667
7-TAgWxGxqw,0.42031753577069714,0.21770198455171458,0.3616885212418301,0.2656438552472299,0.4470486111111111,0.0,0.0,0.21666666666666667,0.1281423611111111,0.05994791666666666,331,0.04995830435280363,0.006232638888888889,0.040729166666666664
MsWRUD2nFhQ,0.5358769329793028,0.25271757572845194,0.21503472222222222,0.2444242102836472,0.46432291666666664,0.0,0.0,0.20557291666666666,0.030052083333333333,0.06034722222222222,152,0.0344435953229153,0.0465625,0.04144097222222222
_-vTxnO8VHI,0.6546910093681917,0.2619644305390053,0.27482032952069724,0.25816098422060624,0.21203125,0.0,1.0,0.0759375,0.23980902777777777,0.034930555555555555,108,-0.03576840058256092,0.1203125,0.024895833333333332
Gzc2D4-lYnk,0.5362835084422658,0.20455837002982535,0.38865236928104574,0.29615828838426755,0.1595138888888889,0.0,0.0,0.18638888888888888,0.44786458333333334,0.011840277777777778,233,0.012932770695535,0.07762152777777778,1.736111111111111e-05
uF0rdkIFcf4,0.393399012254902,0.30808756352665906,0.5182589869281046,0.3057838305228684,0.6270833333333333,0.0,0.0,0.2402951388888889,0.28664930555555557,0.114375,205,-0.05105529934240988,0.0153125,0.2607291666666667
3Ca7FF1L-sw,0.19183811156045752,0.2580623713514563,0.8077459831154684,0.2905087074398164,0.14149305555555555,1.0,0.0,0.04538194444444445,0.8346006944444444,0.0652951388888889,80,-0.006881756745418466,0.05838541666666667,0.5046527777777777
TEP8xtZQxec,0.16644568255718956,0.25274386710814456,0.7227511574074074,0.2020099675546235,0.11609375,1.0,0.0,0.10994791666666667,0.19644097222222223,0.023697916666666666,84,0.07684638805196636,0.014513888888888889,0.6630729166666667
R65_E0WHFK0,0.675057569703159,0.24072373234019717,0.38308197167756,0.3482244015066291,0.17744791666666668,0.0,1.0,0.2523611111111111,0.23196180555555557,0.027447916666666666,218,0.07435210926093039,0.11210069444444444,0.009444444444444445
YGxsyPzCCKM,0.6291544229438998,0.20584493368346626,0.21379193899782137,0.21822656709524463,0.13609375,0.0,1.0,0.08105902777777778,0.2384548611111111,0.0325,101,0.008165563944757315,0.02715277777777778,0.006232638888888889
hZa30lRmgUE,0.3257258652777777,0.13761130605898403,0.85598924291939,0.461815046234324,0.08916666666666667,0.0,0.0,0.08289930555555555,0.8988194444444444,0.23494791666666667,66,0.05150990436840103,0.0,0.0033506944444444443
BduTDcsouJY,0.5219098951252723,0.17964918283604137,0.4552879221132897,0.36597324959146116,0.10026041666666667,0.0,0.0,0.47684027777777777,0.25067708333333333,0.050034722222222223,264,0.07334097834681591,0.028680555555555556,0.0009201388888888889
QTRqtT4zLMU,0.3955436120778867,0.19303078292068046,0.5040260757080609,0.43312125688726066,0.06869791666666666,0.0,0.0,0.6640625,0.00109375,0.42736111111111114,59,0.042127331432057435,0.03536458333333333,0.0016493055555555556
oaIndKrRS5A,0.34125627923474944,0.3157284431839392,0.6055958605664488,0.24885499196904226,0.20133680555555555,0.0,0.0,0.28684027777777776,0.4557465277777778,0.02621527777777778,181,0.07773225970951092,0.053350694444444444,0.41821180555555554
22ouMIjMWGc,0.4281707204656863,0.23804486326820945,0.5656399782135076,0.30713132204957794,0.1034375,0.0,0.0,0.03449652777777778,0.7428125,0.01657986111111111,114,0.012102602860403988,0.02265625,0.05515625
aZ218IR9-C0,0.2124661544798475,0.22328506146687996,0.5686898148148148,0.2690085277000474,0.18095486111111111,1.0,0.0,0.07755208333333333,0.5367361111111111,0.036006944444444446,104,-0.0168639708907721,0.025277777777777777,0.32522569444444444
x9BZtsDdVIE,0.25837185859204786,0.24755288987206317,0.46090100762527236,0.23818088510248703,0.2716145833333333,1.0,0.0,0.3059027777777778,0.17977430555555557,0.03930555555555556,253,0.10221638727055701,0.0321875,0.29204861111111113
nZZYE49dnWQ,0.42173483289760344,0.24747913032661062,0.17392408769063175,0.20094136818175096,0.44427083333333334,0.0,0.0,0.07633680555555555,0.06619791666666666,0.04432291666666666,85,0.048944078863183804,0.031041666666666665,0.059131944444444445
komznK2hLYM,0.4933921618736383,0.30796344948298493,0.4280538534858388,0.36331935403726384,0.18409722222222222,0.0,0.0,0.31828125,0.15854166666666666,0.11331597222222223,197,-0.08360846248063286,0.06739583333333334,0.1065625
fB-lhbiYO80,0.6207500809504357,0.27458879253138435,0.6648151552287582,0.6104353781554211,0.17440972222222223,0.0,0.0,0.6373090277777778,0.035659722222222225,0.5708854166666667,67,-0.04233590729926262,0.23803819444444443,0.08366319444444445
a8fgCyIApUw,0.3807764411356209,0.37365897378058394,0.4291516203703704,0.2483065974182358,0.2657291666666667,1.0,0.0,0.06883680555555556,0.3743402777777778,0.0378125,108,-0.008025544449477173,0.15241319444444446,0.34961805555555553
NmvmYIanFVM,0.3144474555419389,0.2665075025650534,0.4668178104575163,0.3141905073740232,0.15522569444444445,1.0,0.0,0.6926215277777777,0.004652777777777777,0.08399305555555556,123,0.1321062430325291,0.03276041666666667,0.17559027777777778
0kB_OPGq78I,0.3135703564133987,0.3250102260970824,0.35150394880174296,0.20122124023178553,0.16236111111111112,1.0,0.0,0.04958333333333333,0.6515451388888889,0.031267361111111114,43,0.06491215921580923,0.14307291666666666,0.13126736111111112
PqfRA4Ah1TA,0.250748404125817,0.22589937888407788,0.5839449210239652,0.2146145918507177,0.12253472222222223,1.0,0.0,0.2502256944444444,0.5735763888888888,0.002170138888888889,79,0.03710106114662795,0.03920138888888889,0.22109375
ZVVBqzFVPKA,0.18317924493464055,0.2127408100938055,0.5376000136165578,0.21881027762341246,0.1315625,1.0,0.0,0.29788194444444444,0.4787152777777778,0.02842013888888889,83,-0.018732570688543032,0.025989583333333333,0.2379513888888889
wx0AAWMic8A,0.245691855664488,0.2503901045398782,0.61360348583878,0.3810687284681882,0.15838541666666667,1.0,0.0,0.7529166666666667,0.014774305555555556,0.11690972222222222,113,0.05553054315634831,0.03710069444444444,0.3484201388888889
_lMKPyta_4g,0.257095094117647,0.23134433506201413,0.4546866149237473,0.2195101918174325,0.20744791666666668,1.0,0.0,0.23078125,0.2808333333333333,0.023802083333333335,227,0.04309414651540977,0.030850694444444444,0.20875
PkjffQdGUbM,0.45953287464596954,0.3922104590803607,0.5198612472766885,0.38132689239733614,0.3474652777777778,0.0,0.0,0.3427604166666667,0.019600694444444445,0.1284201388888889,139,0.05589115377667758,0.21730902777777777,0.23703125
J8N3U8wUq9A,0.3365415804466232,0.32665326585245896,0.6509275599128541,0.3658474854616583,0.42928819444444444,1.0,0.0,0.25527777777777777,0.20741319444444445,0.12385416666666667,296,-0.109508820115644,0.07154513888888889,0.34053819444444444
2NWpIgEoYBM,0.5310319856481481,0.34532080364020407,0.5111802151416122,0.3922755846451247,0.43019097222222225,0.0,0.0,0.4494097222222222,0.18925347222222222,0.13381944444444444,487,0.03277972147481212,0.21840277777777778,0.10631944444444444
cPa1Ol9y0w8,0.4878339162990196,0.3270605942817452,0.4951424291938997,0.341087171391322,0.3511284722222222,0.0,0.0,0.34477430555555555,0.2382986111111111,0.10171875,312,-0.20782115912475996,0.07972222222222222,0.12489583333333333
8S9f7Yvdsuw,0.3958937873502179,0.32309313299599,0.6073596132897604,0.32562008231846734,0.31418402777777776,0.0,0.0,0.31696180555555553,0.4059201388888889,0.07881944444444444,422,0.013912877304129934,0.07708333333333334,0.16140625
4LxkJYmuhDs,0.42881927286220045,0.3350346977394683,0.5626247957516339,0.3811964122781573,0.36116319444444445,0.0,0.0,0.4938020833333333,0.19756944444444444,0.13116319444444444,480,0.07342910280950099,0.10215277777777777,0.12506944444444446
3mJR9dxfv1o,0.415311982788671,0.3493557560583559,0.5374716094771242,0.3433478543010578,0.33743055555555557,0.0,0.0,0.2875347222222222,0.3202777777777778,0.13289930555555557,213,-0.028862591016711903,0.07829861111111111,0.3157465277777778
ft9WLkr8Bog,0.3981319489787581,0.36020746470541404,0.4365303649237473,0.2265336656136759,0.38048611111111114,0.0,0.0,0.15194444444444444,0.32635416666666667,0.05116319444444444,127,-0.0666632969286462,0.10253472222222222,0.243125
-3f-ZXaSd8E,0.4515219388752723,0.3442808966579853,0.34821473311546836,0.34889772078372006,0.2623784722222222,0.0,0.0,0.2956423611111111,0.046753472222222224,0.1531076388888889,128,-0.05194671953012492,0.09244791666666667,0.24864583333333334
8fcczGecQCU,0.3121843969090414,0.34356905536375787,0.6594513888888889,0.2604804389453564,0.32272569444444443,1.0,0.0,0.22600694444444444,0.5372048611111111,0.03765625,204,0.01704345829467574,0.10753472222222223,0.4544097222222222
a1hh4EVVeLA,0.5880279400599127,0.30294798594480365,0.28849026416122003,0.21416764044733638,0.30953125,0.0,1.0,0.1879861111111111,0.12630208333333334,0.054288194444444444,110,0.11914150848351646,0.03357638888888889,0.09333333333333334
GR4ILA5Ie_k,0.361378916285403,0.3358347507765967,0.5354252450980393,0.29560618781224074,0.3695833333333333,1.0,0.0,0.18786458333333333,0.3972048611111111,0.08534722222222223,128,-0.07894085210348561,0.0692013888888889,0.30071180555555554
1mSXuSgJ4-g,0.2421900990332244,0.28960028903666285,0.7413464733115469,0.2976952674747653,0.32979166666666665,1.0,0.0,0.25026041666666665,0.5406423611111111,0.08854166666666667,174,-0.06131823396449235,0.031579861111111114,0.4365451388888889
8W26GTAQBG8,0.4873067520561002,0.3585311152245916,0.43407734204793025,0.2678204530356503,0.3437152777777778,0.0,0.0,0.22364583333333332,0.28680555555555554,0.07484375,208,-0.07361058354184363,0.2029513888888889,0.17432291666666666
GVDL9jCtrxk,0.37977331937636166,0.36100381674461113,0.436598107298475,0.2706935849154118,0.4052951388888889,1.0,0.0,0.22833333333333333,0.24375,0.06628472222222222,204,0.2879367266188984,0.10510416666666667,0.35246527777777775
HgFrXsmZsWo,0.630034225027233,0.3641808610131752,0.29926845043572986,0.26316283017929204,0.4037326388888889,0.0,1.0,0.14854166666666666,0.1636284722222222,0.06118055555555556,162,-0.08193347062089007,0.42204861111111114,0.09541666666666666
3Wugf-mNFqs,0.5969144882216775,0.32384946302816064,0.31579820261437913,0.28059106552077817,0.32774305555555555,0.0,1.0,0.24991319444444443,0.1121875,0.09258680555555555,126,0.1629839013553266,0.059930555555555556,0.09602430555555555
dNoqqYFECt4,0.43637873686002177,0.32356284904644206,0.356338984204793,0.18875952067677565,0.28256944444444443,0.0,0.0,0.19267361111111111,0.20446180555555554,0.02425347222222222,151,0.18576980266339954,0.044270833333333336,0.2651909722222222
HMzqcdRyJWM,0.5172210588916122,0.34497978027461845,0.3684005991285403,0.32096831228368367,0.3734722222222222,0.0,1.0,0.27453125,0.10147569444444444,0.12663194444444445,116,-0.014804584769662843,0.07013888888888889,0.1947048611111111
-RmxXtgGV58,0.4468462975217865,0.3566702097483404,0.4588154956427015,0.25553204218504005,0.33630208333333333,0.0,0.0,0.21020833333333333,0.2882638888888889,0.07484375,131,-0.10260223100827554,0.08614583333333334,0.18475694444444443
nW-9Z17fflo,0.435493493041939,0.374648133380474,0.424431508714597,0.254856752467146,0.3709722222222222,0.0,0.0,0.11519097222222222,0.3330208333333333,0.060572916666666664,171,-0.1360209316431995,0.19039930555555556,0.21430555555555555
1BasJlAXZcw,0.6188084643654683,0.402212985080319,0.4000181781045752,0.30597574830641666,0.3209548611111111,0.0,1.0,0.26914930555555555,0.18557291666666667,0.08057291666666666,123,-0.028335053255699294,0.43342013888888886,0.16432291666666668
wCHziI21ZWI,0.5603858637935729,0.390210254992023,0.4254972086056644,0.31899016255874263,0.35265625,0.0,1.0,0.2774479166666667,0.16446180555555556,0.08149305555555555,190,0.09779770154964185,0.3623263888888889,0.17041666666666666
MrJfxnpqeBU,0.5349815040985839,0.3851059908856825,0.38091741557734204,0.2641167344712868,0.3280208333333333,0.0,1.0,0.22135416666666666,0.1644965277777778,0.05722222222222222,141,0.24463120013453765,0.21489583333333334,0.21427083333333333
cE8NOGa9j0Y,0.26348232434640523,0.3315506083100486,0.623458809912854,0.21168922919596214,0.3971527777777778,1.0,0.0,0.181875,0.5007986111111111,0.047690972222222225,99,0.03521929785335237,0.07909722222222222,0.5167013888888888
DqWQpDsh7GY,0.295915842674292,0.36169505992294015,0.6378701661220044,0.21620149615356213,0.3995486111111111,1.0,0.0,0.16409722222222223,0.5135416666666667,0.04743055555555555,85,-0.11501664928972041,0.12477430555555556,0.5403993055555556
9Wx0Nl1a_TQ,0.33762022934368185,0.33286407518196326,0.6783846677559912,0.3276403750746966,0.3715451388888889,1.0,0.0,0.2637673611111111,0.5238368055555556,0.08355902777777778,215,-0.0332224209779603,0.07163194444444444,0.2931076388888889
Zx3e3-AyMGo,0.4918438347766884,0.40554972067553346,0.4682071078431373,0.29612308556032624,0.35065972222222225,0.0,0.0,0.18362847222222223,0.32671875,0.08717013888888889,116,0.05163801131007467,0.2847048611111111,0.2815972222222222
jt2yZHDNCbY,0.2917718821623093,0.36514986599553884,0.6719127859477124,0.24956664083417376,0.38711805555555556,1.0,0.0,0.14440972222222223,0.5576215277777777,0.062239583333333334,109,0.0785648677355148,0.13171875,0.5479166666666667
7dS92ADkezk,0.8478091129221134,0.26422465070703816,0.1740940223311547,0.2609554115681905,0.21,0.0,1.0,0.030416666666666668,0.10647569444444445,0.07307291666666667,78,-0.11451269112892903,0.7084027777777778,0.03338541666666667
0YvpIYi4ovw,0.14096200980392157,0.09326347904486858,0.0,0.0,0.05534722222222222,1.0,0.0,0.0,0.0,0.0,1,0.010968448195516761,0.004618055555555556,0.024166666666666666
yg3SckRKDz4,0.1167269199346405,0.15492967911866357,0.0,0.0,0.08756944444444445,1.0,0.0,0.0,0.0,0.0,3,-0.023546209761163048,0.014583333333333334,0.3295486111111111
2uUfmSbgBYM,0.1538316932734205,0.1393712777385376,0.0037181372549019605,0.004401719898194973,0.12385416666666667,1.0,0.0,0.0020833333333333333,1.736111111111111e-05,0.0,3,0.0135734048964479,0.0121875,0.06152777777777778
6hHNdBrH9yY,0.11837909187091504,0.15198215629204598,0.0750298202614379,0.005947054532267737,0.12795138888888888,1.0,0.0,0.02034722222222222,0.0,0.0,4,0.013773859516501952,0.005086805555555555,0.291875
Hz9NragPCkU,0.19504132625272333,0.2238935709323541,0.0,0.0,0.12744791666666666,1.0,0.0,0.0,0.0,0.0,3,0.027171203950535322,0.061475694444444444,0.036458333333333336
KiP-q8LkmQ8,0.18667755991285406,0.21090850546399684,0.0,0.0,0.1026736111111111,1.0,0.0,0.0,0.0,0.0,3,0.020856638272386097,0.05392361111111111,0.028489583333333332
haY_h1HWjpg,0.18355684353213508,0.20255835698887065,0.00718688725490196,0.011685863245222382,0.10678819444444444,1.0,0.0,8.680555555555556e-05,0.006701388888888889,0.0,3,0.08493329275805628,0.04767361111111111,0.02765625
LVnmqj-h33E,0.17250689018246188,0.18274728898590412,0.0070834014161220045,0.011687303309960123,0.08878472222222222,1.0,0.0,8.680555555555556e-05,0.0064756944444444445,0.0,3,0.08660350896795954,0.03753472222222222,0.02440972222222222
LlZL1X0n1FM,0.21091973039215686,0.2513535110431289,0.0,0.0,0.09314236111111111,1.0,0.0,0.0,0.0,0.0,3,0.05488955773535728,0.08355902777777778,0.028663194444444446
naZjFrXF1S8,0.16661376633986927,0.17433212564921088,0.0,0.0,0.04086805555555555,1.0,0.0,0.0,0.0,0.0,1,0.02083032429257292,0.03840277777777778,0.010590277777777778
8emsTCNk8Ig,0.20277879901960782,0.23865641978904903,0.0,0.0,0.07572916666666667,1.0,0.0,0.0,0.0,0.0,3,0.07688854044331347,0.07583333333333334,0.02045138888888889
YeB-P-0LHBo,0.7178694609340959,0.16049214838364417,0.2845746868191722,0.24136400128348956,0.1140625,0.0,1.0,0.0575,0.050034722222222223,0.029097222222222222,26,-0.049514631503629,0.00125,0.03435763888888889
IsxeqHVHaPM,0.7908623545479302,0.22677320332156023,0.21734415849673203,0.1546054021170937,0.1724652777777778,0.0,1.0,0.0008854166666666666,0.12425347222222222,0.015729166666666666,16,-0.0041467147244955704,0.004791666666666666,0.05696180555555556
GaGRwf1VMVg,0.8061298202069718,0.3589578376624693,0.07185791122004358,0.07139665663296031,0.08803819444444444,0.0,1.0,0.00203125,0.014861111111111111,0.003003472222222222,13,0.056750531689530814,0.7526215277777778,0.13473958333333333
Ikdxnw3lApk,0.5989090416938997,0.21156987973406072,0.37068675108932464,0.253890258928246,0.11559027777777778,0.0,0.0,0.3594097222222222,0.04175347222222222,0.009270833333333334,157,-0.031221073084058415,0.020416666666666666,0.01328125
9lntexKbZOI,0.6187521894335511,0.2886577885058268,0.1436806917211329,0.10797087112889886,0.25975694444444447,0.0,0.0,0.029114583333333333,0.06932291666666666,0.00920138888888889,93,-0.08028442664029689,0.24475694444444446,0.013958333333333333
wLGXqi7IGmk,0.5376961853485838,0.2646543837419883,0.12663991013071893,0.041950122555765,0.23901041666666667,0.0,0.0,0.0,0.10166666666666667,8.680555555555556e-05,36,-0.01458933753312075,0.07741319444444444,0.054809027777777776
YL3VxQx3dbE,0.9557069620915033,0.14643038379270246,0.02842905773420479,0.11105588406203835,0.10975694444444445,0.0,1.0,0.016631944444444446,0.017760416666666667,0.01875,9,-0.02461897560381543,0.9010243055555556,0.0
vXmpThOZiIM,0.5998468853622004,0.23887323461966664,0.15744750816993464,0.07622048618313519,0.21454861111111112,0.0,1.0,0.10913194444444445,0.052083333333333336,0.0,40,0.06083990395925598,0.053350694444444444,0.04446180555555555
bkkgeBO9Vls,0.7332614869553378,0.1883432489459818,0.2372226988017429,0.11145233167879164,0.12423611111111112,0.0,1.0,0.005277777777777778,0.01361111111111111,0.0011284722222222221,14,0.11541190296770365,0.0004166666666666667,0.04894097222222222
_9gmIVb-g2k,0.8989857285811547,0.2178446962986691,0.10004357298474945,0.1982594486625328,0.0934548611111111,0.0,1.0,0.01935763888888889,0.020625,0.019809027777777776,17,-0.1169162667191449,0.7901909722222222,0.02409722222222222
w64vR6rhYrY,0.9653323884940088,0.11893564164034871,0.03133673747276688,0.11180991445359523,0.10453125,0.0,1.0,0.01657986111111111,0.018003472222222223,0.019305555555555555,9,0.0003871264676877928,0.9102777777777777,0.0
c9R03tXiGo0,0.9170897031045752,0.2284140526333276,0.008469635076252723,0.03276208468871998,0.19430555555555556,0.0,1.0,0.002447916666666667,0.003246527777777778,0.00078125,8,0.034261015014662055,0.8559027777777778,0.04237847222222222
3aj3D2phXFA,0.9537723282135075,0.15201341825581885,0.02278281590413943,0.09024373796956017,0.11486111111111111,0.0,1.0,0.0005902777777777778,0.022534722222222223,0.005208333333333333,9,-0.029371617840874276,0.8960763888888889,0.010572916666666666
EKtz131fZmo,0.6035607105800653,0.4662674632708948,0.004801811002178649,0.00833217966147406,0.046996527777777776,0.0,1.0,0.0011631944444444443,0.001388888888888889,0.0,3,0.546093885435167,0.5904513888888889,0.375
jko2TpRzzPg,0.6033249023556646,0.47219601891090834,0.001232230392156863,0.005207375587069496,0.04359375,0.0,1.0,0.0,5.208333333333334e-05,0.0,3,0.5605816042645588,0.5891319444444445,0.38125
pFJ70XgOGnY,0.6875726331971679,0.4428294530223825,0.000661900871459695,0.003927921281620647,0.048663194444444446,0.0,1.0,0.0,0.0,0.0,3,0.43460830171545095,0.6732118055555556,0.29375
ViBaXbUPDt0,0.10780612908496733,0.2223415507294674,0.3768478349673202,0.28361088389760764,0.16440972222222222,1.0,0.0,0.2284201388888889,0.09105902777777777,0.10838541666666666,25,0.04447139799668767,0.004288194444444444,0.8123090277777778
ffkgAyE-qpo,0.15452372294389977,0.267207201518457,0.43527941176470597,0.33948508465523897,0.17282986111111112,1.0,0.0,0.15291666666666667,0.07689236111111111,0.1109375,41,0.04794638919757249,0.005225694444444444,0.7099826388888889
_bE-_lmzIcw,0.10846928786764704,0.25511995738593135,0.3322967047930283,0.26636548633656654,0.1529861111111111,1.0,0.0,0.20942708333333335,0.08585069444444444,0.08131944444444444,14,0.00841975092749142,0.0031770833333333334,0.8229513888888889
RmEppm-557k,0.7695257542892158,0.3515683549250327,0.19829289215686277,0.22892894723487303,0.27826388888888887,0.0,1.0,0.1745486111111111,0.035381944444444445,0.07565972222222223,32,-0.0715729931455723,0.6317534722222222,0.14272569444444444
FRXX5mhNMf0,0.7592555132216775,0.35156130419856985,0.12805575980392156,0.20323920022172243,0.3593402777777778,0.0,1.0,0.03383680555555556,0.022204861111111113,0.01907986111111111,33,-0.07686456983990331,0.5747395833333333,0.1429513888888889
q77DJDBwR0E,0.699952222385621,0.378812000291279,0.18507135076252723,0.27430789241468095,0.31449652777777776,0.0,1.0,0.21993055555555555,0.00921875,0.03473958333333333,45,-0.17843759142893034,0.5603645833333334,0.16671875
2L9881iWp1w,0.7365621426742919,0.35304996565259533,0.17358333333333334,0.14468513654895557,0.4035590277777778,0.0,1.0,0.04105902777777778,0.17748263888888888,1.736111111111111e-05,65,-0.10017099043215316,0.551875,0.1424652777777778
xMI8mBvLToA,0.7174116235021787,0.35876421678076964,0.18414971405228758,0.20808207642586812,0.44862847222222224,0.0,1.0,0.19220486111111112,0.026319444444444444,0.006145833333333333,59,-0.08242563440337258,0.5521006944444444,0.13166666666666665
y143oYgKb3Y,0.7703968395561003,0.35602524810170244,0.19517456427015253,0.17989979589307542,0.34555555555555556,0.0,1.0,0.22729166666666667,0.0221875,0.0,42,-0.1307124660077318,0.5836805555555555,0.14869791666666668
dl84CgrQ8n0,0.759823256467865,0.35944961960844685,0.17533612472766885,0.23166122060678493,0.28748263888888886,0.0,1.0,0.17604166666666668,0.01574652777777778,0.07789930555555556,35,-0.13067705048888023,0.6138715277777778,0.1550173611111111
025yAcTL_Zs,0.8561367332924836,0.255761582178076,0.13614311002178647,0.1874874096990028,0.3660763888888889,0.0,1.0,0.0015277777777777779,0.0021527777777777778,0.0,26,-0.05698232687460458,0.6317534722222222,0.05706597222222222
8V8tq1wINcw,0.7235823750000001,0.3807286648630571,0.23347991557734202,0.2171118754625938,0.37583333333333335,0.0,1.0,0.2917708333333333,0.024166666666666666,3.472222222222222e-05,46,-0.14865713959605664,0.4964409722222222,0.19090277777777778
WTeokClNC4o,0.806412133061002,0.3381154915264517,0.16302328431372548,0.2186777228732183,0.2824305555555556,0.0,1.0,0.0061805555555555555,0.019930555555555556,0.06637152777777777,23,-0.0734285645909375,0.6471180555555556,0.12897569444444446
mPb_3CntKdw,0.10280631658496732,0.26644359884503377,0.2836298338779956,0.10858646339155684,0.14039930555555555,1.0,0.0,0.1710590277777778,0.08237847222222222,0.0,4,0.11104598440869319,0.008888888888888889,0.8635069444444444
HASPFsnD_XM,0.7723342270152503,0.357761467138898,0.12563684640522874,0.20462372634817638,0.2629513888888889,0.0,1.0,0.13052083333333334,0.012118055555555556,0.010625,25,-0.19971940163250768,0.6614236111111111,0.13328125
i60FCen3_8k,0.08436509392701524,0.20235969392533848,0.37059647331154694,0.13531092676737783,0.1629861111111111,1.0,0.0,0.08477430555555555,0.249375,0.0,11,0.03381447356327666,0.0013194444444444445,0.8455034722222222
FoqQ3QVBBRs,0.7846668605255992,0.34090167321376436,0.14937656590413945,0.2141048987279825,0.29244791666666664,0.0,1.0,0.14723958333333334,0.017378472222222222,0.06604166666666667,32,-0.085245498310212,0.6353993055555556,0.1282986111111111
BdxQ1ueoXlo,0.735685856467865,0.36748792306800676,0.16694846132897603,0.2403328241642839,0.29477430555555556,0.0,1.0,0.19835069444444445,0.01109375,0.010225694444444445,41,-0.21752696865296028,0.5983854166666667,0.14699652777777777
duV5vJA4FBY,0.7752305560729849,0.348200963338665,0.17626313997821347,0.18046278109463787,0.3434548611111111,0.0,1.0,0.21184027777777778,0.013871527777777778,6.944444444444444e-05,43,-0.10134160453770646,0.5719791666666667,0.14022569444444444
hSggzRv8zLc,0.14136286437908496,0.23349285438249257,0.7248863698257081,0.1599027153622247,0.2563888888888889,1.0,0.0,0.21116319444444445,0.6048958333333333,0.0090625,93,-0.0018318113983578077,0.025590277777777778,0.6724652777777778
7gjOg2A-x-8,0.14007297140522879,0.23740279867010952,0.7224999319172113,0.16279534407187007,0.22892361111111112,1.0,0.0,0.20229166666666668,0.6217361111111112,0.014322916666666666,75,0.0435383153520818,0.029756944444444444,0.68390625
r5xIqgN7hLc,0.25511515559640524,0.2661148423240265,0.43498638344226576,0.18188112073581847,0.19789930555555554,1.0,0.0,0.19428819444444445,0.3602430555555556,0.005763888888888889,125,0.1843812286141048,0.04977430555555556,0.24800347222222222
f-MzM0EEECo,0.25530003905228754,0.18271677821322455,0.43915305010893246,0.17586605208809725,0.07815972222222223,1.0,0.0,0.04375,0.6329166666666667,1.736111111111111e-05,59,0.21825401219751597,8.680555555555556e-05,0.08090277777777778
J6w0jJMcF6o,0.30595256108387797,0.22195632474113391,0.7098553921568627,0.39551567414078037,0.21954861111111112,1.0,0.0,0.1228125,0.6641666666666667,0.15008680555555556,207,0.08408372439606926,0.023385416666666665,0.018159722222222223
CZH83VgJ5VU,0.24659270356753815,0.2350874155372577,0.6477248093681917,0.20468922427982958,0.21215277777777777,1.0,0.0,0.1178125,0.6787326388888889,0.0023784722222222224,137,0.047920140257988075,0.019444444444444445,0.30149305555555556
qQlj6CGoFjM,0.1750262408496732,0.21609482977400596,0.28649128540305013,0.13103639574516748,0.17918402777777778,1.0,0.0,0.23046875,0.14217013888888888,0.0008159722222222223,85,0.06690619947145382,0.009270833333333334,0.5239930555555555
mHS4BrUvlkU,0.6785958744008715,0.3767927330649807,0.16536642156862744,0.12867509873834518,0.14600694444444445,0.0,1.0,0.07109375,0.08583333333333333,0.00390625,91,0.19565136617634582,0.5021701388888888,0.1109201388888889
_4wFDby12ng,0.21297443890250542,0.2449123643674582,0.2403191040305011,0.11514159488706105,0.16805555555555557,1.0,0.0,0.2087152777777778,0.10522569444444445,5.208333333333334e-05,57,0.06578203471893279,0.007690972222222222,0.43201388888888886
HXOtJOoNF2k,0.15858648458605665,0.2097587337540893,0.252526075708061,0.1279997844090114,0.16805555555555557,1.0,0.0,0.21447916666666667,0.111875,0.000625,62,0.07388543262994965,0.010243055555555556,0.5507465277777778
CyBSX-D2chg,0.2187142976171024,0.2615546089812153,0.18190257352941175,0.12166984877156133,0.22677083333333334,1.0,0.0,0.044097222222222225,0.06635416666666667,0.0009201388888888889,98,-0.10457814570134566,0.021805555555555557,0.51171875
hqVZitryoZc,0.22458493438180827,0.24094058587786932,0.4754915577342049,0.18548514292299684,0.29875,1.0,0.0,0.16321180555555556,0.60140625,0.021631944444444443,116,0.09459400953557623,0.01373263888888889,0.4368402777777778
7EJjdDLK4cg,0.24920389953703698,0.2156511790330371,0.6123852805010894,0.24522188170840648,0.25362847222222223,1.0,0.0,0.16963541666666668,0.6416493055555555,0.0375,110,0.08672868029561395,0.02078125,0.2173263888888889
a4zZYnYDwuk,0.8139000402641612,0.2719968506270047,0.11210389433551197,0.14720861566075283,0.2746875,0.0,1.0,0.13336805555555556,0.007222222222222222,0.0009201388888888889,79,-0.031609701708689375,0.5827083333333334,0.0371875
FubhbxTDhSg,0.5468431157679737,0.2874960863791627,0.1546375272331155,0.12454991143582583,0.14666666666666667,0.0,0.0,0.10904513888888889,0.017725694444444443,0.0,98,0.049830932406552564,0.07005208333333333,0.01871527777777778
TP6ilpNDMwI,0.9383530937772331,0.1862976917353787,0.012289147603485838,0.025624309946147783,0.06991319444444444,0.0,1.0,0.01001736111111111,0.0005555555555555556,0.0,3,0.04640709619172412,0.9083159722222223,0.02262152777777778
2-bCyCVlAxM,0.07013499272875816,0.18407924972637896,0.08556386165577343,0.041086284056442025,0.13649305555555555,1.0,0.0,0.04982638888888889,0.024427083333333332,0.0,5,-0.007052866569163346,0.011475694444444445,0.8556423611111111
IIDzFwtGCf4,0.47136695517429195,0.2717147533537324,0.1744511846405229,0.15801073823675815,0.18130208333333334,0.0,0.0,0.13684027777777777,0.04446180555555555,0.017708333333333333,103,0.027896652746515593,0.04527777777777778,0.14913194444444444
2CBnAwM09VM,0.09963368251633986,0.2482436900811974,0.025443899782135074,0.03420918978140322,0.14815972222222223,1.0,0.0,0.016354166666666666,0.009253472222222222,3.472222222222222e-05,6,-0.006678049677505349,0.04782986111111111,0.8211284722222222
tnGCPQwd7_Q,0.11917987012527233,0.2280216325377315,0.16342769607843136,0.08637383091945307,0.20036458333333335,1.0,0.0,0.02732638888888889,0.04046875,5.208333333333334e-05,49,-0.0434497694481229,0.012864583333333334,0.7411979166666667
Myhz-whrq5Q,0.1288676218001089,0.24006644708714023,0.17055085784313725,0.08475827317437329,0.22213541666666667,1.0,0.0,0.023003472222222224,0.04164930555555556,0.0,47,-0.06069919425898454,0.015503472222222222,0.72953125
e2lcqbiKBsw,0.08477077685185186,0.23208578486980316,0.018478281590413943,0.033637181228543936,0.14130208333333333,1.0,0.0,0.0023263888888888887,0.014930555555555556,0.00020833333333333335,3,-0.006079632451769873,0.047899305555555556,0.8502430555555556
6mbE3XqaeQI,0.14363417151416122,0.30351156133247004,0.0820601851851852,0.1086555335336811,0.17317708333333334,1.0,0.0,0.05317708333333333,0.014027777777777778,0.014045138888888888,12,0.030233722882424735,0.07935763888888889,0.7811631944444445
Krcp51UQjbI,0.130517157203159,0.24156782276391506,0.17854827069716778,0.08441311952531393,0.20972222222222223,1.0,0.0,0.021440972222222222,0.05444444444444444,0.0,44,-0.05764399049131594,0.014479166666666666,0.7284548611111111
DdmgD5RMe1U,0.14345086375272328,0.2512056097269825,0.19231427015250546,0.09007511205086459,0.20121527777777778,1.0,0.0,0.01828125,0.04390625,0.0,48,-0.09470813760718928,0.01154513888888889,0.7064583333333333
69NjuIc1BPg,0.07228799168028321,0.1939312774004595,0.050781726579520695,0.037058505382701896,0.14975694444444446,1.0,0.0,0.0171875,0.048003472222222225,0.0007465277777777778,5,-0.013125589918743422,0.023333333333333334,0.83546875
o4RS4CBqZ0Y,0.5224247856753813,0.2959124114095253,0.5063938589324618,0.3765264315477835,0.21263888888888888,0.0,0.0,0.1135763888888889,0.435625,0.09545138888888889,252,-0.022237008308525263,0.06671875,0.05336805555555556
Tua6DXiIlMQ,0.46950243639705874,0.294717447989662,0.46218293845315905,0.38370503764527947,0.2673263888888889,0.0,0.0,0.2815972222222222,0.18805555555555556,0.13409722222222223,311,-0.026338843612861984,0.07473958333333333,0.09588541666666667
wmm2cEtHTwo,0.36137711501906317,0.26903874688925844,0.47871051198257075,0.3852578569931308,0.26109375,0.0,0.0,0.38977430555555553,0.28618055555555555,0.14256944444444444,362,-0.004600794921146456,0.0178125,0.10171875
S4pXdXooUno,0.3249244844090413,0.2905730187198835,0.5598310185185185,0.3103805101863375,0.38421875,1.0,0.0,0.21074652777777778,0.4938888888888889,0.07677083333333333,626,0.11654751707556205,0.054253472222222224,0.23147569444444444
mcX8eZRdxk0,0.39673260697167745,0.36222704530171623,0.5080617510893246,0.31711735844008393,0.27928819444444447,1.0,0.0,0.38788194444444446,0.20387152777777778,0.07916666666666666,250,-0.031198535824776774,0.21928819444444445,0.2606423611111111
_92d2C0ssMw,0.3187279258714597,0.2887522613944017,0.6068513752723311,0.35525744623611805,0.30496527777777777,1.0,0.0,0.1774652777777778,0.5897222222222223,0.10522569444444445,325,0.032102174742958955,0.07019097222222222,0.1840277777777778
N2A-5_aa2Eo,0.363172114624183,0.32177679020569155,0.6353542347494553,0.4402248458131054,0.28824652777777776,0.0,0.0,0.1899826388888889,0.5423784722222222,0.2123611111111111,346,0.03643681392660514,0.1319965277777778,0.23159722222222223
i5QsEw3osb0,0.44742697576252727,0.3029825152592013,0.47020241013071895,0.3331000590538358,0.31612847222222223,0.0,0.0,0.2502951388888889,0.4125,0.09010416666666667,429,0.05829564597468517,0.08453125,0.08203125
tHSXfR7Gowk,0.3640946424019608,0.30111251674655265,0.5395127314814815,0.25946609143696175,0.24850694444444443,1.0,0.0,0.20465277777777777,0.4781944444444444,0.01956597222222222,233,0.010549934112668136,0.09401041666666667,0.10859375
030KuullbBg,0.3399433529139434,0.3676774627545192,0.6819365468409587,0.40717766775815484,0.4041840277777778,1.0,0.0,0.39850694444444446,0.27291666666666664,0.11378472222222222,255,0.06259425315512279,0.16578125,0.34597222222222224
FsleVXzfm_E,0.9162785182734206,0.1692878588914236,0.09400782952069717,0.16293212286851233,0.12347222222222222,0.0,1.0,0.021197916666666667,0.058472222222222224,0.03274305555555555,44,0.04566358148805083,0.8234027777777778,0.006701388888888889
owD4XHc2EyM,0.9125831058142702,0.16423344465750842,0.08089998638344227,0.12245230048929696,0.15805555555555556,0.0,1.0,0.0027604166666666667,0.023055555555555555,0.00026041666666666666,39,-0.054532461083392936,0.7916493055555556,0.009149305555555556
-GXCINrNyEw,0.9463489211056645,0.10794861697177774,0.03003526688453159,0.040758189723312716,0.09022569444444445,0.0,1.0,0.0024652777777777776,0.0048090277777777775,0.0,13,-0.006782525211593393,0.859375,0.0034548611111111112
NQDgzmvm-ss,0.8851604657407407,0.21610760596927386,0.10516598583877995,0.2387191591456997,0.16105902777777778,0.0,1.0,0.030625,0.028715277777777777,0.08512152777777778,50,0.013006396196065362,0.7081944444444445,0.005763888888888889
kCNsdqgKuO8,0.859909557448257,0.22659189433328797,0.16983585239651414,0.3258325395973161,0.1262326388888889,0.0,1.0,0.09015625,0.08182291666666666,0.14012152777777778,48,-0.12921336571418485,0.7124652777777778,0.00796875
x1i6bsrF0mA,0.8936640244417211,0.19394701329481948,0.06762677015250544,0.1073430769972995,0.19126736111111112,0.0,1.0,0.015416666666666667,0.0012326388888888888,0.0038888888888888888,49,0.05166692957403962,0.6558506944444444,0.009010416666666667
kUdpkOjQFwQ,0.8438116595315904,0.22561970425173103,0.2014712009803922,0.2984856704341005,0.24333333333333335,0.0,1.0,0.11673611111111111,0.14413194444444444,0.09048611111111111,61,0.005643833090343442,0.6430555555555556,0.005572916666666667
sQTKrkSy_UQ,0.667959674659586,0.131521535155113,0.2478018110021786,0.19167046771334642,0.10180555555555555,0.0,1.0,0.0006944444444444445,0.3586111111111111,0.0022916666666666667,87,0.0507468261790579,0.015329861111111112,0.0013715277777777777
a-AyC6B5Ras,0.1448223237472767,0.13540572390899247,0.5851571350762527,0.1364371871732435,0.18182291666666667,1.0,0.0,0.28729166666666667,0.29963541666666665,0.0,52,0.008921627817866318,3.472222222222222e-05,0.3398090277777778
Khq88TLVH40,0.3454933406590414,0.3311010633420062,0.6047454384531591,0.3265405065098636,0.40402777777777776,1.0,0.0,0.22256944444444443,0.37493055555555554,0.09137152777777778,584,0.04030918921516763,0.08552083333333334,0.2774652777777778
4BrdHxh_uDk,0.8125676840277778,0.23952660365171238,0.3187208605664488,0.3215194547315289,0.15449652777777778,0.0,1.0,0.5521354166666667,0.07633680555555555,0.03953125,180,0.040007547548222444,0.24161458333333333,0.015833333333333335
M4O8lYtupqc,0.36851602290305013,0.3069952261279429,0.5286264978213507,0.31591650933178816,0.43102430555555554,0.0,0.0,0.27553819444444444,0.3371875,0.07869791666666667,414,-0.017376569361606975,0.05675347222222222,0.21878472222222223
rftl4xs7jOk,0.3587951663534858,0.27633025843153347,0.5645718273420479,0.3628839708582011,0.3480034722222222,0.0,0.0,0.6428819444444445,0.03423611111111111,0.12597222222222224,295,0.010233983170501282,0.033489583333333336,0.1665451388888889
9vZsthgkI4U,0.38992194178921574,0.3519917521418715,0.5969292619825707,0.35920812686718345,0.33284722222222224,0.0,0.0,0.20739583333333333,0.4861111111111111,0.11262152777777777,411,-0.13035400271956576,0.07550347222222223,0.3454513888888889
EkzPi9GbYms,0.4500817764705882,0.265322291629703,0.7382351579520697,0.6015984063338751,0.3420486111111111,0.0,0.0,0.5064583333333333,0.27819444444444447,0.35328125,952,0.06393895951461953,0.06944444444444445,0.028697916666666667
pQog5Kj2xPU,0.22842473458605664,0.28126875601070267,0.7628197167755991,0.25462692796406744,0.3007638888888889,1.0,0.0,0.08796875,0.74265625,0.018194444444444444,264,-0.025372434060996818,0.04887152777777778,0.42895833333333333
9IzF8LbrK2E,0.36126784624183006,0.2763698558749144,0.5668581835511982,0.34285327874110183,0.26852430555555556,0.0,0.0,0.3206597222222222,0.373125,0.07197916666666666,383,0.16009693394632102,0.032239583333333335,0.13012152777777777
APKiZptaJvM,0.4110791498638344,0.33607467747247216,0.39077464596949896,0.2541458986454028,0.3506944444444444,0.0,0.0,0.23973958333333334,0.16973958333333333,0.05657986111111111,266,-0.05591267293023516,0.12760416666666666,0.2154861111111111
F1j2C3mXNyk,0.7008216097630718,0.31708400500842115,0.29638282952069717,0.373299573105068,0.2783159722222222,0.0,1.0,0.09880208333333333,0.2590277777777778,0.16644097222222223,170,0.14455648919261643,0.4329861111111111,0.035972222222222225
uDEx5NKCqkc,0.8422954884940086,0.25290934310430013,0.16069206154684096,0.2476471146225568,0.24895833333333334,0.0,1.0,0.04765625,0.10244791666666667,0.0590625,91,-0.01944053674256785,0.6248090277777778,0.02704861111111111
ggaumxMrcLY,0.48662705394880174,0.33812582954434783,0.39305153867102394,0.29655356196378935,0.36383680555555553,0.0,0.0,0.1663888888888889,0.3184895833333333,0.07203125,103,-0.1370763820461784,0.19475694444444444,0.08833333333333333
6DX8CdGqDwI,0.39070872084694985,0.2966964634798074,0.5381610838779955,0.32526814871576526,0.35125,0.0,0.0,0.40796875,0.2969791666666667,0.062413194444444445,211,-0.03210162335953015,0.10892361111111111,0.118125
iSWj2chiSAE,0.2758767886301743,0.3151933136197478,0.5211852532679738,0.2197484272533726,0.3090451388888889,1.0,0.0,0.1746875,0.42116319444444444,0.042256944444444444,135,0.0009807488848397328,0.057152777777777775,0.4293402777777778
a007sSTiLsc,0.2672900931236384,0.28538957088285327,0.8229434232026145,0.40363525375750664,0.2306423611111111,1.0,0.0,0.09289930555555556,0.7797048611111111,0.059479166666666666,103,-0.03890826341064069,0.051284722222222225,0.2126736111111111
Lc__CBQLx10,0.6031031190223312,0.18845223239108844,0.604876429738562,0.5562759946072068,0.22506944444444443,0.0,0.0,0.022430555555555554,0.5150520833333333,0.4271875,203,0.07256287300753073,0.05894097222222222,0.010243055555555556
b21H7-zEDKs,0.847764520533769,0.26742018604858164,0.16732107843137256,0.37444624164148593,0.2345486111111111,0.0,1.0,0.17590277777777777,0.008871527777777779,0.11739583333333334,50,0.057823510985255955,0.6998090277777778,0.009045138888888889
XYe13Qb6F-g,0.25341141821895424,0.2366664964235636,0.8224129221132896,0.3337751196930398,0.12913194444444445,1.0,0.0,0.1084375,0.7624479166666667,0.06541666666666666,38,0.014180049657528365,0.053020833333333336,0.012569444444444444
PWok7b-oquA,0.4245890949210239,0.3470638075215007,0.31636478758169934,0.12958891652333543,0.34706597222222224,0.0,0.0,0.15515625,0.16895833333333332,0.0019965277777777776,144,0.04323948844078862,0.18756944444444446,0.20317708333333334
a54oZIJBxok,0.47776576410675387,0.2948089948513354,0.41862554466230945,0.3380762655756925,0.33565972222222223,0.0,0.0,0.2971701388888889,0.20737847222222222,0.08399305555555556,224,0.04568368167979192,0.11604166666666667,0.05112847222222222
Sf9g9drYlIY,0.7207017432325709,0.31342326595444764,0.227109681372549,0.3096584967619234,0.29196180555555556,0.0,1.0,0.10147569444444444,0.1476736111111111,0.10020833333333333,146,0.09475115749663165,0.45640625,0.05744791666666667
O41KWhpNvw0,0.8354849938861657,0.24823996553293723,0.21185688997821356,0.2856305774357376,0.25614583333333335,0.0,1.0,0.13267361111111112,0.13178819444444445,0.0784375,113,0.01191225857542999,0.6297743055555556,0.012170138888888888
g7nIIB3Rt7A,0.6663258005310457,0.30014744642333274,0.1888536220043573,0.23305547587708617,0.2693229166666667,0.0,1.0,0.19,0.024600694444444446,0.02217013888888889,132,0.043082482575608316,0.31979166666666664,0.04515625
z6aBMxRnPp8,0.6260689717728759,0.3173236813922361,0.25133455882352945,0.2376697557079383,0.26006944444444446,0.0,0.0,0.2076215277777778,0.08493055555555555,0.006197916666666667,242,0.0028810491742377042,0.30170138888888887,0.05928819444444444
8NwYcYLtgaI,0.8095566134259259,0.2726112843473803,0.19985355392156862,0.29118188858945443,0.24932291666666667,0.0,1.0,0.12875,0.04060763888888889,0.0678125,122,0.028272026301302322,0.60484375,0.00859375
xZYASTDoY9c,0.7455146705473856,0.3485489618446076,0.2746091367102397,0.3130162364837489,0.25609375,0.0,1.0,0.20451388888888888,0.022708333333333334,0.14690972222222223,81,0.004061581672070158,0.53140625,0.13394097222222223
E_sFbCcYjLU,0.8406312238834421,0.23590935377167646,0.17370554193899782,0.18798067862116835,0.20309027777777777,0.0,1.0,0.09647569444444444,0.05258680555555555,0.011944444444444445,85,-0.03179577892415231,0.6676388888888889,0.04006944444444444
-v3jY8ymbKU,0.09848766766067535,0.26014558334994414,0.3483867783224401,0.022961341108804156,0.1381423611111111,1.0,0.0,0.044375,0.27652777777777776,0.0,6,0.06265741101902464,0.062482638888888886,0.8553472222222223
QvdRusbR09c,0.09437203619281047,0.25343359359313666,0.35559497549019614,0.02349679279291764,0.13270833333333334,1.0,0.0,0.043090277777777776,0.28446180555555556,0.0,6,0.05491672722627719,0.05887152777777778,0.8590798611111111
eMxHE31xrsw,0.09382552849945534,0.24797676262823481,0.38231937636165575,0.029812401831784296,0.14213541666666665,1.0,0.0,0.04802083333333333,0.30899305555555556,0.0,9,0.052249711647263955,0.05465277777777778,0.8461805555555556
KzWE7FLostc,0.11260527482298474,0.265993394094823,0.327765114379085,0.029915499332403506,0.15949652777777779,1.0,0.0,0.03522569444444444,0.3181076388888889,0.0,10,0.09217653320125443,0.06590277777777778,0.80484375
7f_8wsxhLA8,0.12190254538398693,0.27144575399036747,0.40642102396514157,0.035567643758751974,0.15128472222222222,1.0,0.0,0.03755208333333333,0.3892361111111111,0.0,11,0.051596560688884935,0.07243055555555555,0.77640625
X-GYaEkOKFI,0.11876641211873637,0.26598297293477696,0.42060341775599125,0.03567072002699081,0.16039930555555557,1.0,0.0,0.03875,0.3930034722222222,0.0,11,0.07235234548513268,0.06734375,0.7750173611111111
dB706nBsBZI,0.11991637328431372,0.27325933227529214,0.2972118736383442,0.025349714455354784,0.15538194444444445,1.0,0.0,0.054913194444444445,0.28203125,0.0,10,0.08003102378765334,0.07286458333333333,0.7924305555555555
7vJluo_FI3I,0.12968130162037037,0.2858383587502614,0.3013673747276688,0.02515084509995532,0.16125,1.0,0.0,0.05798611111111111,0.28630208333333335,0.0,10,0.09399357034432342,0.08253472222222222,0.7818576388888889
9FQQktYxDtY,0.08072235469771241,0.21722394396752534,0.3419742647058824,0.03238399008340331,0.10380208333333334,1.0,0.0,0.04345486111111111,0.33399305555555553,0.0,8,0.03869688738715378,0.04090277777777778,0.8341319444444445
GGlEZe_42ts,0.10733629076797385,0.24978762295232304,0.42445063997821353,0.036603024344975685,0.13774305555555555,1.0,0.0,0.04199652777777778,0.40380208333333334,0.0,10,0.06018684768856114,0.05852430555555556,0.7831770833333334
tSl1h7Obcb8,0.11362676872276688,0.26204658156719574,0.2240289351851852,0.015343179345091865,0.15248263888888888,1.0,0.0,0.08763888888888889,0.13434027777777777,0.0,7,0.059043247545417996,0.06493055555555556,0.8021875
hBwWEvGlKgs,0.11209273041938997,0.2607068938670678,0.23033149509803924,0.015132591429878562,0.14684027777777778,1.0,0.0,0.08779513888888889,0.13456597222222222,0.0,7,0.06571955837462237,0.0654861111111111,0.8053472222222222
JWw5JQ47JU0,0.09678920423474946,0.2386749562631861,0.29785253267973855,0.03189032664759504,0.13692708333333334,1.0,0.0,0.025486111111111112,0.2452777777777778,0.0,11,0.05002233445204725,0.053836805555555554,0.7963194444444445
lZIVvzPJbPs,0.11076294590141612,0.26880424565626093,0.42955998093681913,0.037873885523639156,0.14453125,1.0,0.0,0.053246527777777775,0.3514236111111111,0.0,10,0.05071639436394082,0.06913194444444444,0.8287326388888889
ADNb1JKjbZs,0.13389937107843136,0.2665511381862676,0.3777856072984749,0.04259303750417018,0.17723958333333334,1.0,0.0,0.04071180555555556,0.3985416666666667,0.0,18,0.05042565768967905,0.06859375,0.7028298611111111
yl3eJAoN7C0,0.10335919701797386,0.24887723389578081,0.2822982706971678,0.023813985198942327,0.15663194444444445,1.0,0.0,0.025486111111111112,0.2365625,0.0,10,0.06132092084253911,0.05645833333333333,0.7919270833333333
_QU0rNL2_RU,0.09213849324618734,0.24734533805316378,0.3639441040305011,0.02961462924689006,0.13277777777777777,1.0,0.0,0.04864583333333333,0.2798611111111111,0.0,8,0.06046486059218843,0.057291666666666664,0.85125
6ZKpykoE7VM,0.1155904487745098,0.2648407437125369,0.34388174019607837,0.03868541938241748,0.18557291666666667,1.0,0.0,0.022100694444444444,0.2961111111111111,0.0,12,0.08454174886870437,0.06378472222222223,0.7807986111111112
c3aAxQRJzus,0.07716742671568629,0.22308582853053788,0.3714797794117647,0.02966532135802678,0.109375,1.0,0.0,0.05154513888888889,0.2878125,0.0,7,0.03903780881363693,0.045,0.8671875
_dY3TqHLbKY,0.08979661839596952,0.24228072668397557,0.37424237472766886,0.029632077171949194,0.1344965277777778,1.0,0.0,0.05201388888888889,0.2966666666666667,0.0,8,0.05831702912497905,0.05248263888888889,0.8531770833333333
LESFVoTzRrI,0.09265247587145971,0.2340620371774867,0.3132433959694989,0.02701494876675613,0.1312326388888889,1.0,0.0,0.11789930555555556,0.16260416666666666,0.0,9,0.04089214689574178,0.05178819444444444,0.7994097222222222
6xRrYQxoxSk,0.10100221635348584,0.23916945166200806,0.4160023148148148,0.04187713441722597,0.11013888888888888,1.0,0.0,0.013020833333333334,0.48206597222222225,0.0,10,0.03793466853797692,0.05453125,0.7788194444444444
B4gZ54zQEFk,0.09509994218409584,0.2524707451835864,0.3662157543572984,0.031012392538314466,0.1199826388888889,1.0,0.0,0.053020833333333336,0.2827777777777778,0.0,8,0.05294554569304748,0.06171875,0.8457291666666666
ZxCaigCOiYY,0.12013343735021785,0.27096189076007215,0.3578113425925926,0.021311164071608827,0.17618055555555556,1.0,0.0,0.18743055555555554,0.1386111111111111,0.0,11,0.05707710983527012,0.06958333333333333,0.7864409722222222
FB1sLGggYMA,0.10530309855664487,0.25963330336040136,0.237224128540305,0.024635159403328964,0.14189236111111111,1.0,0.0,0.014131944444444445,0.19527777777777777,0.0,8,0.05866091084749109,0.06579861111111111,0.8040277777777778
0d7vtDpTZ0o,0.14748526590413946,0.23437122335785157,0.17831413398692808,0.025417104377228144,0.16630208333333332,1.0,0.0,0.00814236111111111,0.14163194444444444,0.0,14,0.0771572093681533,0.05638888888888889,0.5454513888888889
-nqLnCqXU0o,0.1858512568899782,0.26887653252793303,0.1031853894335512,0.017422749234802606,0.13274305555555554,1.0,0.0,0.001388888888888889,0.050347222222222224,0.0,10,0.08037259286996601,0.08932291666666667,0.2526736111111111
bdw5-pnQ1bY,0.09996814790305011,0.22639782517726054,0.37464617374727666,0.055993254321586194,0.22480902777777778,1.0,0.0,0.02230902777777778,0.3564236111111111,0.0,21,0.030498832224800015,0.04366319444444444,0.7663194444444444
OT67xPjQkz8,0.12423120611383442,0.25813012340753244,0.3787306644880174,0.0683152870733552,0.23097222222222222,1.0,0.0,0.02340277777777778,0.32338541666666665,0.0,27,0.10870130194902859,0.06152777777777778,0.7393402777777778
DJN6Ga6B3wA,0.541740468409586,0.27504141383844966,0.0,0.0,0.11105902777777778,0.0,0.0,0.0,0.0,0.0,9,-0.2860072247712149,3.472222222222222e-05,0.09475694444444445
hopM6lLvpTE,0.15002310337690627,0.2015845535079071,0.6039077478213508,0.19986853926654466,0.1371527777777778,1.0,0.0,0.33340277777777777,0.4396527777777778,0.012378472222222223,131,0.00876609756860286,0.031753472222222225,0.5134201388888889
Ji3X2V79Iag,0.43632528183551195,0.2556640252053538,0.4857052696078431,0.31659684573591984,0.31440972222222224,0.0,0.0,0.5034895833333334,0.09277777777777778,0.10644097222222222,289,0.03238163761967494,0.08112847222222222,0.04649305555555556
hr3ppVfFF14,0.27323353487200436,0.256562726713881,0.5676904956427015,0.2422314918459095,0.22260416666666666,1.0,0.0,0.15098958333333334,0.6302256944444444,0.022083333333333333,338,0.05763349123142658,0.051215277777777776,0.2695486111111111
zKfjunbGVAE,0.22355342260348582,0.2310903315438556,0.6837155501089325,0.26443319847711627,0.1784375,1.0,0.0,0.16409722222222223,0.6743055555555556,0.021440972222222222,242,0.05954936441606165,0.037135416666666664,0.3360416666666667
oDfnDB8OfjU,0.1637617427423747,0.20217482489855834,0.722649237472767,0.31007529729467825,0.17817708333333335,1.0,0.0,0.5078472222222222,0.29241319444444447,0.06982638888888888,148,0.027936522040239137,0.02310763888888889,0.4925173611111111
hYlBoAwzPI8,0.2473271732570806,0.23500165502766915,0.41576143790849673,0.1930092540890226,0.16352430555555555,1.0,0.0,0.18373263888888888,0.42822916666666666,0.031267361111111114,132,0.02351505203748458,0.039010416666666665,0.2880902777777778
m5Hfdel6rqY,0.3785841473992374,0.2268061633278566,0.6992547657952072,0.35082583317169563,0.15425347222222222,0.0,0.0,0.8578993055555556,0.013975694444444445,0.23449652777777777,161,0.17747437839921715,0.0515625,0.01921875
sNxIyYajbCA,0.26102419178921565,0.27349112622325406,0.4605093273420479,0.1782085739454422,0.12022569444444445,1.0,0.0,0.2875520833333333,0.3508159722222222,0.008923611111111111,62,-0.08457854367613538,0.022100694444444444,0.2746701388888889
Mk7q2zDtQqI,0.28138300667211325,0.210839786599695,0.47159048202614373,0.2035231964724542,0.1542013888888889,1.0,0.0,0.19026041666666665,0.5772743055555556,0.007100694444444444,148,0.0614978319577994,0.04248263888888889,0.061822916666666665
UNuYmyZTqFk,0.1324174642020697,0.21843024110865447,0.8129613289760349,0.22003784761555675,0.13458333333333333,1.0,0.0,0.5036805555555556,0.30159722222222224,0.017309027777777777,78,0.05194431136551095,0.03767361111111111,0.6331944444444444
wR7kIN1RK_Q,0.25017977186819174,0.2130917740032129,0.4188937227668846,0.17897687049107336,0.12711805555555555,1.0,0.0,0.26598958333333333,0.3950694444444444,0.01630208333333333,137,0.1016655139618339,0.035451388888888886,0.09704861111111111
Kw64WL9hslk,0.17944507105119825,0.1968856469596289,0.7410611383442265,0.3338258409205571,0.15036458333333333,1.0,0.0,0.4730034722222222,0.3476736111111111,0.09828125,292,0.16001044132188036,0.019010416666666665,0.3721527777777778
Sp2ySZ5_5rs,0.2493512213643791,0.2532190025077153,0.4870328839869281,0.18487297787590984,0.20196180555555557,1.0,0.0,0.1821875,0.514375,0.021232638888888888,133,0.08318929666587138,0.056475694444444446,0.24222222222222223
nPy7-yV_W-w,0.41669748547113283,0.19399124475733417,0.5874742647058824,0.3344934676411227,0.11782986111111111,0.0,0.0,0.7481770833333333,0.09369791666666667,0.21013888888888888,182,0.17236799810948106,0.032135416666666666,0.030677083333333334
5SBRTCR3JsM,0.17385698980119824,0.24095815178127256,0.7946008986928106,0.29610513041588793,0.16519097222222223,1.0,0.0,0.440625,0.41184027777777776,0.02779513888888889,258,-0.010294642283544042,0.03697916666666667,0.5228645833333333
OEIE7bOcVXM,0.28937357485021786,0.21771979697097152,0.4941995506535947,0.22821529842497523,0.1784548611111111,1.0,0.0,0.17274305555555555,0.48182291666666666,0.024635416666666667,195,0.02983223041626376,0.02515625,0.11854166666666667
8ZsmXmB1AMw,0.3754320798611111,0.29302604495927564,0.379316857298475,0.22665433192944368,0.45361111111111113,0.0,0.0,0.33071180555555557,0.09590277777777778,0.052708333333333336,190,0.004730741541742911,0.04088541666666667,0.19114583333333332
8HmEzLZfQ4I,0.23196258823529411,0.2851713305206407,0.582291598583878,0.2553146111994602,0.3593402777777778,1.0,0.0,0.23060763888888888,0.47671875,0.06578125,169,0.03865016446861663,0.03046875,0.4640972222222222
GxycPzcNnpg,0.5341410088916122,0.2773367755248841,0.4615516748366013,0.2860945291055964,0.40680555555555553,0.0,0.0,0.4438888888888889,0.07902777777777778,0.04220486111111111,519,0.02476719283523665,0.061059027777777775,0.07581597222222222
6vwAVDdT7_g,0.407816813916122,0.2976141149327318,0.5646535947712419,0.3511807943322597,0.46822916666666664,0.0,0.0,0.2993923611111111,0.3472222222222222,0.12315972222222223,482,0.03933567527868925,0.04729166666666667,0.16637152777777778
ce53fclMx30,0.5002844028050109,0.2632794916499567,0.353114651416122,0.2228001491367337,0.2771180555555556,0.0,0.0,0.2632638888888889,0.16909722222222223,0.030729166666666665,174,0.03518794757642085,0.01967013888888889,0.07951388888888888
--Dne_NNYlw,0.3213438629629629,0.27719567832932634,0.5833291802832243,0.2402529137968474,0.34085069444444444,1.0,0.0,0.2930034722222222,0.47850694444444447,0.02847222222222222,277,0.0845569175251989,0.026284722222222223,0.22203125
kRj7eA58Phg,0.33060923801742914,0.28627286327770535,0.625302559912854,0.33107195886438,0.5227604166666666,1.0,0.0,0.34302083333333333,0.4505034722222222,0.08626736111111111,568,0.02504029721216644,0.055225694444444445,0.23244791666666667
Qcg6mlmwMrA,0.26011991146514163,0.30946371587889804,0.5526458333333334,0.23867283628181332,0.40336805555555555,1.0,0.0,0.22909722222222223,0.43163194444444447,0.05322916666666667,197,0.04932738655676222,0.05727430555555556,0.4462847222222222
zjzrauF-Lfo,0.34731903612472764,0.27070983842507074,0.4546719090413944,0.27904425185766657,0.5177951388888888,0.0,0.0,0.4047222222222222,0.1525,0.07975694444444445,254,0.0029020274887831543,0.026180555555555554,0.19951388888888888
EBzMCLj_ieo,0.42829314818899783,0.33176329254342274,0.4939647331154683,0.2694007123293074,0.31192708333333335,0.0,0.0,0.08467013888888889,0.44276041666666666,0.02347222222222222,157,-0.03542505462719969,0.15227430555555554,0.1387673611111111
CGlsQb2WUDc,0.32123970964052295,0.30023600380150556,0.5799658905228757,0.2843562329731669,0.3289930555555556,1.0,0.0,0.37161458333333336,0.29354166666666665,0.06779513888888888,347,-0.13491786824608168,0.059930555555555556,0.2806076388888889
AK8GDd5pBfQ,0.5022185394607842,0.23650026408430658,0.4634991830065359,0.29296243035580993,0.3471875,0.0,0.0,0.15989583333333332,0.3878298611111111,0.009878472222222223,317,0.04187025881630707,0.04057291666666667,0.04012152777777778
qWwMRI2beAg,0.48249142072440093,0.2845378017030513,0.5167133714596949,0.33075334255609806,0.32199652777777776,0.0,0.0,0.3825868055555556,0.33789930555555553,0.05043402777777778,314,-0.03508310570424994,0.07506944444444444,0.11302083333333333
GNTBiJmYKyY,0.47370412158224395,0.28805237395795835,0.31317463235294124,0.18051879344800872,0.35734375,0.0,0.0,0.21173611111111112,0.19366319444444444,0.0022743055555555555,249,0.05071339972739031,0.039427083333333335,0.08057291666666666
_y_qz0WvqJQ,0.4670291666802832,0.27610943857255993,0.3749925108932462,0.20403391050409583,0.4134375,0.0,0.0,0.3350520833333333,0.20203125,8.680555555555556e-05,240,0.02486813982963426,0.09361111111111112,0.05496527777777778
IvP3W12oftI,0.2536775850626361,0.26672807069562926,0.5599510484749455,0.14675192553605812,0.41215277777777776,1.0,0.0,0.6809548611111111,0.02484375,0.01907986111111111,85,0.01315609943376625,0.017100694444444446,0.3719618055555556
TmQQvNkiaRY,0.2474522963507625,0.27986589037941834,0.5550908224400871,0.1291870999684519,0.36151041666666667,1.0,0.0,0.6391145833333334,0.03732638888888889,0.010885416666666667,71,-0.019305393442692248,0.009166666666666667,0.43756944444444446
8QcN0keRFjo,0.25570188272058825,0.3027213703011606,0.3902854711328976,0.11726024041217392,0.39447916666666666,1.0,0.0,0.4072222222222222,0.03111111111111111,0.01140625,65,-0.09006527925819124,0.058819444444444445,0.4494097222222222
Uy_F7Zgds4A,0.28685600241013076,0.3009720331483679,0.497963371459695,0.11384586636731495,0.3760590277777778,1.0,0.0,0.6703298611111111,0.01123263888888889,3.472222222222222e-05,69,0.019514867277195536,0.055989583333333336,0.3485243055555556
L1IsSfCH19M,0.3162620429057735,0.3248749002927891,0.506130582788671,0.1528277447799889,0.37147569444444445,1.0,0.0,0.53859375,0.03526041666666667,0.0,109,0.01429152828421476,0.08652777777777777,0.3835590277777778
Tn_sIlHKDgo,0.32968955194716776,0.2884402989256548,0.5566838235294117,0.20467808100921783,0.39088541666666665,0.0,0.0,0.7493402777777778,0.02435763888888889,0.022413194444444444,140,0.0384491166904663,0.03340277777777778,0.28923611111111114
9VCf7TZ952U,0.3961003014842048,0.31222090672848196,0.4895366966230937,0.18516125789525478,0.3942013888888889,0.0,0.0,0.7426736111111111,0.0159375,0.00012152777777777777,110,0.07023309432617653,0.07065972222222222,0.23407986111111112
tIdW8_2hmXk,0.32344316673474943,0.2585541280015211,0.5848760212418301,0.21107237513187388,0.33678819444444447,0.0,0.0,0.7848263888888889,0.017256944444444443,0.016371527777777777,142,0.021966698305294408,0.0007638888888888889,0.22777777777777777
RrPEj2HDlYI,0.3646312171296296,0.26019754374491466,0.5799082244008715,0.23776721964352926,0.3569791666666667,0.0,0.0,0.7232291666666667,0.11588541666666667,0.015677083333333335,169,0.048181384086525114,0.0005729166666666667,0.1622222222222222
8YZ_c6YgsOg,0.3575749788807189,0.300300654171874,0.592922998366013,0.31626282292316343,0.4408680555555556,0.0,0.0,0.23967013888888888,0.47618055555555555,0.05699652777777778,582,-0.039399630147111564,0.07102430555555556,0.20508680555555556
6rKr7cLzzwo,0.33398763239379087,0.30789645325536374,0.5692930964052287,0.20261511625215362,0.38902777777777775,1.0,0.0,0.7577256944444445,0.02034722222222222,0.002777777777777778,117,-0.013679711024134178,0.05704861111111111,0.31836805555555553
IKHsiZ5dhUI,0.35781838329248367,0.2899055795799785,0.5659249727668847,0.3054758781247416,0.36527777777777776,0.0,0.0,0.5585243055555555,0.1844097222222222,0.07013888888888889,386,0.07704418492087373,0.05328125,0.1765625
HsIqa2Wf6_Q,0.46128056926742916,0.2711530541738666,0.5271997549019607,0.3444746211381259,0.3563368055555556,0.0,0.0,0.45784722222222224,0.33,0.05960069444444444,453,0.02419969679049727,0.055711805555555556,0.047100694444444445
RLsqB5azg2U,0.3886535441312636,0.30978857123161035,0.531057121459695,0.29628605783775414,0.3563541666666667,0.0,0.0,0.26331597222222225,0.4685590277777778,0.059722222222222225,466,0.030037095964293326,0.06694444444444445,0.18819444444444444
OqpTSrTzCCA,0.360557220629085,0.2854077967299724,0.6133513752723311,0.3339091543652952,0.36484375,0.0,0.0,0.29098958333333336,0.5422395833333333,0.07095486111111111,533,0.06912631580118084,0.04998263888888889,0.20772569444444444
HoI1EvXESCU,0.3524056570533769,0.2764143621601573,0.5144624863834424,0.2600931347977537,0.40034722222222224,0.0,0.0,0.18916666666666668,0.5604340277777777,0.03473958333333333,347,0.00395459360681133,0.04590277777777778,0.1913888888888889
0wkknn6rurE,0.3753518727396514,0.3148038016237857,0.29118069172113287,0.11470824605909063,0.22395833333333334,0.0,0.0,0.20729166666666668,0.11421875,3.472222222222222e-05,127,0.08984797110475695,0.031510416666666666,0.2696701388888889
fxSEr_JhlCQ,0.30117720767973855,0.2769055184140591,0.1900450708061002,0.06521937857752676,0.23482638888888888,1.0,0.0,0.11512152777777777,0.05373263888888889,0.0,67,0.07155877866714,0.014340277777777778,0.31692708333333336
717o93uIZyQ,0.2379515067265795,0.2415978662761828,0.20030113017429194,0.08978195099114511,0.2207638888888889,1.0,0.0,0.17407986111111112,0.04423611111111111,0.0,59,0.12494328068923838,0.004635416666666667,0.4273263888888889
cwxghTeC6Oo,0.17559957637527235,0.2135187273089543,0.1914932598039216,0.03084104822133759,0.2123611111111111,1.0,0.0,0.04373263888888889,0.11309027777777778,0.0,31,-0.0012012804345312156,0.0012847222222222223,0.4944791666666667
EIB841VUNr4,0.20298313366013074,0.227174386360866,0.14429970043572984,0.07997463572732773,0.15567708333333333,1.0,0.0,0.10197916666666666,0.1311284722222222,8.680555555555556e-05,44,0.009850793127439278,0.0069791666666666665,0.36114583333333333
XB7gnmLpiMU,0.18408906422930282,0.22322490661219024,0.1809725626361656,0.07730473345776455,0.15925347222222222,1.0,0.0,0.11112847222222222,0.07836805555555555,0.0,48,0.12319240371703452,0.01171875,0.3860590277777778
ldN2EHUkQxc,0.2279720559368192,0.22233645822990944,0.20741959422657952,0.059665363214640985,0.19944444444444445,1.0,0.0,0.09439236111111111,0.1373090277777778,0.0,45,0.09237200256935393,0.0048090277777777775,0.3291840277777778
or5Puv-Mp4Q,0.23745550498366014,0.21009593112970154,0.5887028867102397,0.16802402046302453,0.23942708333333335,1.0,0.0,0.01607638888888889,0.7612847222222222,8.680555555555556e-05,79,0.04161419256170498,0.008020833333333333,0.2025347222222222
4ndhUJ3B76w,0.16235715125272332,0.19782384500845782,0.6142833605664488,0.18377802109096197,0.23237847222222222,1.0,0.0,0.031371527777777776,0.4880902777777778,0.004392361111111111,127,0.017189251862378185,0.005190972222222222,0.4331423611111111
HuNKhANhgAg,0.4004561158905228,0.29962076277978417,0.34161608115468406,0.169504454189132,0.2977430555555556,0.0,0.0,0.10753472222222223,0.1852777777777778,0.00109375,341,0.15154621741275126,0.039461805555555556,0.19947916666666668
tuRESzSgQ7E,0.31237056802832247,0.2674129709684903,0.5949573801742919,0.2526402848308693,0.33043402777777775,1.0,0.0,0.08935763888888888,0.3320659722222222,0.03267361111111111,394,0.1489749309320938,0.009409722222222222,0.24845486111111112
gMOAJa4EcQw,0.2809873883033769,0.2656025184406618,0.34769532952069715,0.1069008674086689,0.24980902777777778,1.0,0.0,0.03664930555555555,0.47348958333333335,0.0,76,-0.016503122725835595,0.024618055555555556,0.2259548611111111
4e22nzngXfg,0.3497680075844226,0.3296222489812642,0.5455646105664487,0.22600600895336412,0.37289930555555556,1.0,0.0,0.019809027777777776,0.5932638888888889,0.029427083333333333,170,0.1730987544853243,0.13130208333333335,0.2619270833333333
0HNnOFwLxWQ,0.3157412136029412,0.307676062204742,0.5170418028322441,0.23457945523426854,0.30289930555555555,1.0,0.0,0.20842013888888888,0.3790104166666667,0.03163194444444444,365,0.0582047020978575,0.03057291666666667,0.30746527777777777
6kY-NLKQyYY,0.2738947188044662,0.2983619315648181,0.40328771786492373,0.24412882237189548,0.3059375,1.0,0.0,0.2707291666666667,0.14373263888888888,0.030868055555555555,267,0.07893016507676359,0.04732638888888889,0.35206597222222225
ES2JdWCXs8I,0.24238910328159038,0.2075176709026864,0.6234895833333334,0.17082645830429793,0.21230902777777777,1.0,0.0,0.01842013888888889,0.8284722222222223,0.0,48,0.2033578571999344,0.009409722222222222,0.23265625
9QDO68xMpUE,0.22090855755718955,0.24537523126934652,0.6111617647058823,0.29712441815048624,0.2131076388888889,1.0,0.0,0.35359375,0.4148611111111111,0.07586805555555555,229,0.15551750860606786,0.03309027777777778,0.35529513888888886
4mGnI359_MM,0.24480853963779958,0.2716242510231918,0.42395744825708065,0.23147595294439555,0.23381944444444444,1.0,0.0,0.15270833333333333,0.38590277777777776,0.046996527777777776,138,0.07187892966009463,0.027708333333333335,0.3609027777777778
tqivNs6lcT4,0.19585430471132895,0.2076721427767142,0.35849046840958604,0.07574892026052119,0.17564236111111112,1.0,0.0,0.009947916666666667,0.5155208333333333,0.0,40,0.13442680557082645,0.009010416666666667,0.36215277777777777
NAZAXmOBx3A,0.2782417803240741,0.25828696136888357,0.40864753540305016,0.17694530167608627,0.2448611111111111,1.0,0.0,0.1673784722222222,0.3603298611111111,0.014201388888888888,141,0.08577955493818837,0.015902777777777776,0.27197916666666666
1ACRcO8ZVSc,0.26869407783224397,0.27807774765776844,0.5099671840958606,0.23722007158139355,0.29324652777777777,1.0,0.0,0.22484375,0.3991840277777778,0.03678819444444444,238,0.14503682045986366,0.025694444444444443,0.32446180555555554
xG23g5t6kTY,0.3197170374863834,0.31514531555994685,0.5281255446623093,0.2802891286633986,0.3930902777777778,1.0,0.0,0.3697916666666667,0.21942708333333333,0.05229166666666667,442,0.1573405938522982,0.05668402777777778,0.3389756944444444
VnFfmcnvdN8,0.28548926358932464,0.26402773555791226,0.5143905909586057,0.13937812275900485,0.17607638888888888,1.0,0.0,0.029409722222222223,0.7050173611111111,0.0,28,0.06899683480260577,0.08026041666666667,0.16130208333333335
WQ7av_lbWvk,0.15310715754357299,0.23837892290286164,0.4776629221132899,0.24020487471619867,0.11345486111111111,1.0,0.0,0.04217013888888889,0.47609375,0.029288194444444443,15,0.25171129014759575,0.03581597222222222,0.45836805555555554
p9hGtiJUnes,0.3523280945669935,0.31055026549671905,0.23863371459694993,0.10746190096490814,0.18109375,1.0,0.0,0.23083333333333333,0.019756944444444445,0.0,36,-0.02551653850438862,0.00020833333333333335,0.2679166666666667
iiyu86UZwGg,0.1352585339869281,0.13697308004853054,0.6562839733115469,0.10818773317993596,0.12296875,1.0,0.0,0.02734375,0.9199652777777778,0.0012847222222222223,22,0.0002547658065401026,0.005503472222222222,0.08651041666666667
kT5ldzh04u0,0.12482904483932461,0.12230115261154773,0.6574224537037036,0.09578925713192435,0.12338541666666666,1.0,0.0,0.02456597222222222,0.9132638888888889,0.0001388888888888889,16,0.00833345549712275,0.003159722222222222,0.1478125
etz4VCx02rI,0.9315285976034857,0.1418795537525595,0.04622181372549019,0.045852670178828284,0.08871527777777778,0.0,1.0,0.00020833333333333335,0.01970486111111111,0.0,8,0.04260907159269589,0.8569444444444444,0.013628472222222222
k8z8AfRPXoM,0.10690643536220042,0.16238126803367703,0.49977212690631817,0.11577417797515402,0.10302083333333334,1.0,0.0,0.0003125,0.9437326388888889,0.011458333333333333,6,0.040416125858004026,0.015225694444444444,0.6966493055555556
bKdc5O54GiM,0.21241200525599127,0.2031244374183411,0.2571730664488018,0.14121226549794205,0.2222222222222222,1.0,0.0,0.08147569444444444,0.25805555555555554,0.001267361111111111,85,-0.03396827981140141,0.029739583333333333,0.10854166666666666
B9f1ZwWrcGE,0.21583969257897603,0.20420719812803365,0.2774922385620915,0.1454271809381561,0.24763888888888888,1.0,0.0,0.0809201388888889,0.2821180555555556,0.0010069444444444444,99,-0.009731467900555846,0.022413194444444444,0.12512152777777777
yy-MQ-i-fls,0.21570151960784312,0.19900161155878213,0.25571282679738566,0.14257314680974334,0.24727430555555555,1.0,0.0,0.04545138888888889,0.29046875,0.0007465277777777778,97,-0.05059987640362676,0.017621527777777778,0.12378472222222223
Wfo7BVetk5w,0.2156298933415033,0.20221508024020135,0.2531614923747277,0.14122537073161462,0.23934027777777778,1.0,0.0,0.051354166666666666,0.28227430555555555,0.0007638888888888889,89,-0.016455115949779248,0.022395833333333334,0.12338541666666666
5hk5d_GKY_s,0.2166079878131808,0.20643211959653035,0.2485575980392157,0.13980298204380814,0.25048611111111113,1.0,0.0,0.05710069444444445,0.26513888888888887,0.0009895833333333334,92,-0.03357626098496766,0.025364583333333333,0.12720486111111112
V-Go18NlwHU,0.2087270184504357,0.19521737518172194,0.2458444989106754,0.14063264933340117,0.22527777777777777,1.0,0.0,0.061024305555555554,0.26069444444444445,0.0010069444444444444,87,-0.019966889439409885,0.021267361111111112,0.1225
9t-W51EHgzY,0.21083326998910676,0.19939580391910638,0.23767531318082788,0.13794988447108403,0.23552083333333335,1.0,0.0,0.06545138888888889,0.24986111111111112,0.00109375,82,-0.016325639917802143,0.02425347222222222,0.12296875
WdQU0-ZaWko,0.21237125904139434,0.19968512817320028,0.2325986519607843,0.13712234406393495,0.23041666666666666,1.0,0.0,0.04694444444444444,0.26359375,0.0006770833333333334,84,-0.0180601411500394,0.021840277777777778,0.11944444444444445
tsPMFYSvaEs,0.2118700823801743,0.1994373734053273,0.23491476034858388,0.13507687509074462,0.22237847222222223,1.0,0.0,0.049340277777777775,0.25982638888888887,0.0006944444444444445,83,-0.049291384823370366,0.023663194444444445,0.11840277777777777
hhUwzCrriHk,0.16500013921568624,0.19945937488224608,0.7908664215686276,0.17874774072809907,0.17835069444444446,1.0,0.0,0.0001388888888888889,0.9477083333333334,0.010225694444444445,38,-0.02658252731456029,0.01642361111111111,0.4146006944444444
RkKO9_lP4co,0.16864827811819175,0.2049894328269029,0.7829355255991286,0.17845170132932348,0.20416666666666666,1.0,0.0,0.00024305555555555555,0.9352604166666667,0.0109375,49,-0.02607649232670592,0.01609375,0.41821180555555554
3cUJKMMwhzo,0.21310661305827885,0.20091414682320852,0.2514942810457516,0.1389468718025297,0.2444097222222222,1.0,0.0,0.06847222222222223,0.25743055555555555,0.0010590277777777779,92,-0.020534906962342142,0.021927083333333333,0.1281423611111111
8KLy3vcWR6M,0.2171814863017429,0.20464140210218798,0.2483296568627451,0.1428495108146995,0.24083333333333334,1.0,0.0,0.048038194444444446,0.2762673611111111,0.0009027777777777777,98,-0.026416143119314006,0.023715277777777776,0.1174826388888889
mpyuTz5dKJE,0.17447965053104572,0.21395611940075857,0.7785235566448803,0.18018282281267664,0.21756944444444445,1.0,0.0,0.0002777777777777778,0.9329861111111111,0.010989583333333334,54,-0.006268541801367572,0.019930555555555556,0.425625
66JQP0agJZI,0.1732386511982571,0.21236912747064418,0.7841837554466231,0.1821820745581532,0.2015451388888889,1.0,0.0,5.208333333333334e-05,0.9414756944444445,0.011284722222222222,46,-0.004472667365094496,0.020260416666666666,0.4259375
QimfOFeih2Y,0.21515282302559913,0.20362015848615564,0.2710194716775599,0.14642017960843964,0.22984375,1.0,0.0,0.07772569444444444,0.27569444444444446,0.0011631944444444443,96,-0.02823042068906173,0.02642361111111111,0.11258680555555556
unb1orP0_b8,0.21515282302559913,0.20362015848615564,0.2710194716775599,0.14642017960843964,0.22984375,1.0,0.0,0.07772569444444444,0.27569444444444446,0.0011631944444444443,96,-0.02823042068906173,0.02642361111111111,0.11258680555555556
gOO1rF8P174,0.1742816276416122,0.21478154782610748,0.7840296160130721,0.1834828984987403,0.18986111111111112,1.0,0.0,0.00024305555555555555,0.9386805555555555,0.011076388888888889,43,-0.02224776950728566,0.02293402777777778,0.41484375
mZgNvdHXhpg,0.16503064899237474,0.19974569625511418,0.7922458469498912,0.1809535720645252,0.17866319444444445,1.0,0.0,0.0002777777777777778,0.9483159722222222,0.011215277777777777,38,-0.02655879332797792,0.016527777777777777,0.41484375
pzs3UgR6gpk,0.2047498321759259,0.1852202383122239,0.2595966775599129,0.14364825659224675,0.21947916666666667,1.0,0.0,0.06375,0.27152777777777776,0.0011979166666666666,96,-0.03169384109383486,0.014392361111111111,0.1201736111111111
1Fn94BMzXNk,0.2065888640931372,0.18546639969225376,0.271511165577342,0.1463267997213375,0.22682291666666668,1.0,0.0,0.06767361111111111,0.28432291666666665,0.0009722222222222222,96,-0.025440433396760387,0.01342013888888889,0.11788194444444444
r0YCm8XWO7I,0.20912616665305012,0.18964248459180863,0.2688156998910675,0.14515095279727708,0.23121527777777778,1.0,0.0,0.06831597222222222,0.27892361111111114,0.0010590277777777779,98,-0.02288292409495396,0.015243055555555555,0.12039930555555556
ABF5WRPeaEE,0.21802934173474944,0.20796794415422917,0.26582284858387806,0.14311505753354778,0.2511805555555556,1.0,0.0,0.06895833333333333,0.27359375,0.0009201388888888889,96,-0.01256906661572521,0.025399305555555557,0.12980902777777778
vvrGfqd1oxE,0.2114703082107843,0.19912482827971445,0.2619078159041394,0.14156662123584432,0.24008680555555556,1.0,0.0,0.07300347222222223,0.2668229166666667,0.0011805555555555556,95,-0.024920331255721795,0.021736111111111112,0.1280902777777778
ZLB_KrX9dNU,0.2146607011301743,0.20497664679074643,0.25411240468409585,0.1395066496120844,0.2484201388888889,1.0,0.0,0.06902777777777777,0.2596701388888889,0.0010069444444444444,97,-0.017599818079523183,0.0246875,0.13090277777777778
WBqjB4UMXXE,0.22180585424836602,0.21616550682125926,0.23682427832244007,0.13618578998375744,0.2637673611111111,1.0,0.0,0.06866319444444445,0.24991319444444443,0.0009722222222222222,86,-0.026533078045277964,0.031545138888888886,0.1317361111111111
